0x00,0x00,0x30,0xb3,0x78,0x42,0x01,0x00,0x00,0x00,0x00,0x00,0x30,0x00,0x00,0x00,
0x00,0x00,0x00,0x00,0x00,0x00,0x00,0x00,0x00,0x00,0x00,0x00,0x00,0x00,0x00,0x00,
0x00,0x00,0x00,0x00,0x00,0x00,0x00,0x00,0x00,0x00,0x00,0x00,0x00,0x00,0x00,0x00,
0x00,0x00,0x00,0x00,0x00,0x00,0x00,0x00,0x00,0x00,0x00,0x00,0x00,0x00,0x00,0x00,
0x00,0x00,0x31,0xb3,0x5c,0x04,0x00,0x00,0x01,0x00,0x31,0x33,0x7c,0x00,0x00,0x00,
0x05,0x00,0x00,0x00,0x47,0x4c,0x4f,0x42,0x41,0x4c,0x4d,0x45,0x53,0x53,0x41,0x47,
0x45,0x00,0x00,0x00,0x00,0x00,0x00,0x00,0x00,0x00,0x00,0x00,0x00,0x00,0x00,0x00,
0x47,0x6c,0x6f,0x62,0x61,0x6c,0x5c,0x47,0x6c,0x6f,0x62,0x61,0x6c,0x4d,0x65,0x73,
0x73,0x61,0x67,0x65,0x54,0x65,0x78,0x74,0x75,0x72,0x65,0x73,0x2e,0x74,0x70,0x6b,
0x00,0x00,0x00,0x00,0x00,0x00,0x00,0x00,0x00,0x00,0x00,0x00,0x00,0x00,0x00,0x00,
0x00,0x00,0x00,0x00,0x00,0x00,0x00,0x00,0x00,0x00,0x00,0x00,0x00,0x00,0x00,0x00,
0xa3,0x78,0x89,0x5e,0x00,0x00,0x00,0x00,0x00,0x00,0x00,0x00,0x00,0x00,0x00,0x00,
0x00,0x00,0x00,0x00,0x00,0x00,0x00,0x00,0x00,0x00,0x00,0x00,0x02,0x00,0x31,0x33,
0x28,0x00,0x00,0x00,0x13,0x5e,0xd5,0x0c,0x00,0x00,0x00,0x00,0x38,0x49,0x2d,0x52,
0x00,0x00,0x00,0x00,0xc6,0x70,0x55,0x54,0x00,0x00,0x00,0x00,0x85,0xe6,0xb4,0x94,
0x00,0x00,0x00,0x00,0x7e,0xdd,0xaf,0xc6,0x00,0x00,0x00,0x00,0x04,0x00,0x31,0x33,
0x6c,0x02,0x00,0x00,0x00,0x00,0x00,0x00,0x00,0x00,0x00,0x00,0x00,0x00,0x00,0x00,
0x4d,0x57,0x5f,0x4c,0x4f,0x47,0x4f,0x00,0x00,0x00,0x00,0x00,0x00,0x00,0x00,0x00,
0x00,0x00,0x00,0x00,0x00,0x00,0x00,0x00,0x13,0x5e,0xd5,0x0c,0xcf,0x93,0x1a,0x00,
0x00,0x00,0x00,0x00,0x00,0x0a,0x00,0x00,0x00,0x00,0x00,0x00,0x00,0x20,0x00,0x00,
0x00,0x02,0x00,0x00,0x00,0x20,0x00,0x00,0x00,0x01,0x40,0x00,0x08,0x06,0x04,0x00,
0x10,0x00,0x01,0x00,0x00,0x05,0x00,0x00,0x00,0x02,0x01,0x00,0x00,0x01,0x00,0x00,
0x00,0x00,0x00,0x00,0x00,0x00,0x00,0x01,0x00,0x01,0x00,0x00,0x00,0x00,0x00,0x00,
0x00,0x00,0x00,0x00,0x00,0x00,0x00,0x00,0x00,0x00,0x00,0x00,0x00,0x00,0x00,0x00,
0x00,0x00,0x00,0x00,0x00,0x00,0x00,0x00,0x00,0x00,0x00,0x00,0x43,0x4f,0x50,0x5f,
0x4c,0x49,0x47,0x48,0x54,0x00,0x00,0x00,0x00,0x00,0x00,0x00,0x00,0x00,0x00,0x00,
0x00,0x00,0x00,0x00,0x38,0x49,0x2d,0x52,0xcf,0x93,0x1a,0x00,0x00,0x00,0x00,0x00,
0x00,0x2a,0x00,0x00,0x00,0x02,0x00,0x00,0x00,0x02,0x00,0x00,0x00,0x02,0x00,0x00,
0x00,0x02,0x00,0x00,0x40,0x00,0x10,0x00,0x06,0x04,0x04,0x00,0x10,0x00,0x01,0x00,
0x00,0x05,0x00,0x00,0x00,0x02,0x01,0x00,0x00,0x01,0x00,0x00,0x00,0x00,0x00,0x00,
0x00,0x00,0x00,0x01,0x00,0x01,0x00,0x00,0x00,0x00,0x00,0x00,0x00,0x00,0x00,0x00,
0x00,0x00,0x00,0x00,0x00,0x00,0x00,0x00,0x00,0x00,0x00,0x00,0x00,0x00,0x00,0x00,
0x00,0x00,0x00,0x00,0x00,0x00,0x00,0x00,0x46,0x4f,0x4e,0x54,0x5f,0x4d,0x57,0x5f,
0x42,0x4f,0x44,0x59,0x00,0x00,0x00,0x00,0x00,0x00,0x00,0x00,0x00,0x00,0x00,0x00,
0xc6,0x70,0x55,0x54,0xcf,0x93,0x1a,0x00,0x00,0x00,0x00,0x00,0x00,0x2c,0x00,0x00,
0x00,0x04,0x00,0x00,0x00,0x00,0x01,0x00,0x00,0x02,0x00,0x00,0x00,0x00,0x01,0x00,
0x00,0x01,0x00,0x01,0x08,0x08,0x08,0x00,0x00,0x01,0x01,0x00,0x00,0x05,0x00,0x00,
0x00,0x02,0x01,0x00,0x00,0x01,0x00,0x00,0x00,0x00,0x00,0x00,0x00,0x00,0x00,0x01,
0x00,0x01,0x00,0x00,0x00,0x00,0x00,0x00,0x00,0x00,0x00,0x00,0x00,0x00,0x00,0x00,
0x00,0x00,0x00,0x00,0x00,0x00,0x00,0x00,0x00,0x00,0x00,0x00,0x00,0x00,0x00,0x00,
0x00,0x00,0x00,0x00,0x43,0x4f,0x50,0x5f,0x4c,0x49,0x47,0x48,0x54,0x5f,0x46,0x4c,
0x41,0x53,0x48,0x00,0x00,0x00,0x00,0x00,0x00,0x00,0x00,0x00,0x85,0xe6,0xb4,0x94,
0xcf,0x93,0x1a,0x00,0x00,0x00,0x00,0x00,0x00,0x2c,0x01,0x00,0x00,0x06,0x00,0x00,
0x00,0x10,0x00,0x00,0x00,0x02,0x00,0x00,0x00,0x10,0x00,0x00,0x40,0x00,0x40,0x00,
0x06,0x06,0x82,0x00,0x00,0x01,0x01,0x00,0x00,0x05,0x00,0x00,0x00,0x02,0x01,0x00,
0x00,0x01,0x00,0x00,0x00,0x00,0x00,0x00,0x00,0x00,0x00,0x01,0x00,0x01,0x00,0x00,
0x00,0x00,0x00,0x00,0x00,0x00,0x00,0x00,0x00,0x00,0x00,0x00,0x00,0x00,0x00,0x00,
0x00,0x00,0x00,0x00,0x00,0x00,0x00,0x00,0x00,0x00,0x00,0x00,0x00,0x00,0x00,0x00,
0x42,0x41,0x53,0x45,0x50,0x4f,0x4c,0x59,0x00,0x00,0x00,0x00,0x00,0x00,0x00,0x00,
0x00,0x00,0x00,0x00,0x00,0x00,0x00,0x00,0x7e,0xdd,0xaf,0xc6,0xcf,0x93,0x1a,0x00,
0x00,0x00,0x00,0x00,0x00,0x3c,0x01,0x00,0x00,0x08,0x00,0x00,0x80,0x00,0x00,0x00,
0x00,0x02,0x00,0x00,0x80,0x00,0x00,0x00,0x10,0x00,0x10,0x00,0x04,0x04,0x04,0x00,
0x10,0x00,0x01,0x00,0x00,0x05,0x00,0x00,0x00,0x02,0x01,0x00,0x00,0x01,0x00,0x00,
0x00,0x00,0x00,0x00,0x00,0x00,0x00,0x01,0x00,0x01,0x00,0x00,0x00,0x00,0x00,0x00,
0x00,0x00,0x00,0x00,0x00,0x00,0x00,0x00,0x00,0x00,0x00,0x00,0x00,0x00,0x00,0x00,
0x05,0x00,0x31,0x33,0x2c,0x01,0x00,0x00,0x00,0x00,0x00,0x00,0x00,0x00,0x00,0x00,
0x00,0x00,0x00,0x00,0x00,0x00,0x00,0x00,0x00,0x00,0x00,0x00,0x00,0x00,0x00,0x00,
0x00,0x00,0x00,0x00,0x00,0x00,0x00,0x00,0x00,0x00,0x00,0x00,0x00,0x00,0x00,0x00,
0x00,0x00,0x00,0x00,0x00,0x00,0x00,0x00,0x00,0x00,0x00,0x00,0x00,0x00,0x00,0x00,
0x00,0x00,0x00,0x08,0x00,0x00,0x00,0x00,0x00,0x00,0x00,0x00,0x00,0x00,0x00,0x00,
0x00,0x00,0x00,0x00,0x00,0x00,0x00,0x00,0x00,0x00,0x00,0x00,0x00,0x00,0x00,0x00,
0x00,0x00,0x00,0x00,0x00,0x00,0x00,0x00,0x00,0x00,0x00,0x00,0x00,0x00,0x00,0x00,
0x00,0x00,0x00,0x00,0x00,0x00,0x00,0x00,0x00,0x00,0x00,0x00,0x00,0x00,0x00,0x08,
0x00,0x00,0x00,0x00,0x00,0x00,0x00,0x00,0x00,0x00,0x00,0x00,0x00,0x00,0x00,0x00,
0x00,0x00,0x00,0x00,0x00,0x00,0x00,0x00,0x00,0x00,0x00,0x00,0x00,0x00,0x00,0x00,
0x00,0x00,0x00,0x00,0x00,0x00,0x00,0x00,0x00,0x00,0x00,0x00,0x00,0x00,0x00,0x00,
0x00,0x00,0x00,0x00,0x00,0x00,0x00,0x00,0x00,0x00,0x00,0x09,0x00,0x00,0x00,0x00,
0x00,0x00,0x00,0x00,0x00,0x00,0x00,0x00,0x00,0x00,0x00,0x00,0x00,0x00,0x00,0x00,
0x00,0x00,0x00,0x00,0x00,0x00,0x00,0x00,0x00,0x00,0x00,0x00,0x00,0x00,0x00,0x00,
0x00,0x00,0x00,0x00,0x00,0x00,0x00,0x00,0x00,0x00,0x00,0x00,0x00,0x00,0x00,0x00,
0x00,0x00,0x00,0x00,0x80,0x00,0x00,0x09,0x00,0x00,0x00,0x00,0x00,0x00,0x00,0x00,
0x00,0x00,0x00,0x00,0x00,0x00,0x00,0x00,0x00,0x00,0x00,0x00,0x00,0x00,0x00,0x00,
0x00,0x00,0x00,0x00,0x00,0x00,0x00,0x00,0x00,0x00,0x00,0x00,0x00,0x00,0x00,0x00,
0x00,0x00,0x00,0x00,0x00,0x00,0x00,0x00,0x00,0x00,0x00,0x00,0x00,0x00,0x00,0x00,
0x00,0x00,0x00,0x08,0x00,0x00,0x00,0x00,0x54,0x00,0x00,0x00,0x00,0x00,0x00,0x00,
0x00,0x00,0x00,0x00,0x00,0x00,0x00,0x00,0x00,0x00,0x00,0x00,0x00,0x00,0x00,0x00,
0x00,0x00,0x00,0x00,0x00,0x00,0x00,0x00,0x00,0x00,0x00,0x00,0x00,0x00,0x00,0x00,
0x00,0x00,0x00,0x00,0x00,0x00,0x00,0x00,0x00,0x00,0x00,0x00,0x00,0x00,0x00,0x00,
0x00,0x00,0x00,0x00,0x00,0x00,0x00,0x00,0x00,0x00,0x00,0x00,0x00,0x00,0x00,0x00,
0x00,0x00,0x00,0x00,0x00,0x00,0x00,0x00,0x00,0x00,0x00,0x00,0x00,0x00,0x00,0x00,
0x00,0x00,0x32,0xb3,0x78,0x3d,0x01,0x00,0x01,0x00,0x32,0x33,0x18,0x00,0x00,0x00,
0x00,0x00,0x00,0x00,0x00,0x00,0x00,0x00,0x01,0x00,0x00,0x00,0xa3,0x78,0x89,0x5e,
0x00,0x00,0x00,0x00,0x00,0x00,0x00,0x00,0x00,0x00,0x00,0x00,0x50,0x00,0x00,0x00,
0x00,0x00,0x00,0x00,0x00,0x00,0x00,0x00,0x00,0x00,0x00,0x00,0x00,0x00,0x00,0x00,
0x00,0x00,0x00,0x00,0x00,0x00,0x00,0x00,0x00,0x00,0x00,0x00,0x00,0x00,0x00,0x00,
0x00,0x00,0x00,0x00,0x00,0x00,0x00,0x00,0x00,0x00,0x00,0x00,0x00,0x00,0x00,0x00,
0x00,0x00,0x00,0x00,0x00,0x00,0x00,0x00,0x00,0x00,0x00,0x00,0x00,0x00,0x00,0x00,
0x00,0x00,0x00,0x00,0x00,0x00,0x00,0x00,0x00,0x00,0x00,0x00,0x00,0x00,0x00,0x00,
0x02,0x00,0x32,0x33,0xf8,0x3c,0x01,0x00,0x11,0x11,0x11,0x11,0x11,0x11,0x11,0x11,
0x11,0x11,0x11,0x11,0x11,0x11,0x11,0x11,0x11,0x11,0x11,0x11,0x11,0x11,0x11,0x11,
0x11,0x11,0x11,0x11,0x11,0x11,0x11,0x11,0x11,0x11,0x11,0x11,0x11,0x11,0x11,0x11,
0x11,0x11,0x11,0x11,0x11,0x11,0x11,0x11,0x11,0x11,0x11,0x11,0x11,0x11,0x11,0x11,
0x11,0x11,0x11,0x11,0x11,0x11,0x11,0x11,0x11,0x11,0x11,0x11,0x11,0x11,0x11,0x11,
0x11,0x11,0x11,0x11,0x11,0x11,0x11,0x11,0x11,0x11,0x11,0x11,0x11,0x11,0x11,0x11,
0x11,0x11,0x11,0x11,0x11,0x11,0x11,0x11,0x11,0x11,0x11,0x11,0x11,0x11,0x11,0x11,
0x11,0x11,0x11,0x11,0x11,0x11,0x11,0x11,0x11,0x11,0x11,0x11,0x11,0x11,0x11,0x11,
0x71,0x11,0x7e,0xee,0x5f,0xff,0x77,0x77,0x7b,0xbb,0x7f,0xff,0x0f,0xff,0x3f,0xff,
0x2f,0xff,0x70,0x00,0x73,0x33,0x7f,0xff,0x79,0x99,0x74,0x44,0x7d,0xdd,0x0f,0xff,
0x00,0x00,0x00,0x00,0x00,0x00,0x00,0x00,0x00,0x00,0x00,0x00,0x00,0x00,0x00,0x00,
0x00,0x00,0x00,0x00,0x00,0x00,0x00,0x00,0x00,0x00,0x00,0x00,0x00,0x00,0x00,0x00,
0x00,0x00,0x00,0x00,0x00,0x00,0x00,0x00,0x00,0x00,0x00,0x00,0x00,0x00,0x00,0x00,
0x00,0x00,0x00,0x00,0x00,0x00,0x00,0x00,0x00,0x00,0x00,0x00,0x00,0x00,0x00,0x00,
0x00,0x00,0x00,0x00,0x00,0x00,0x00,0x00,0x00,0x00,0x00,0x00,0x00,0x00,0x00,0x00,
0x00,0x00,0x00,0x00,0x00,0x00,0x00,0x00,0x00,0x00,0x00,0x00,0x00,0x00,0x00,0x00,
0x00,0x00,0x00,0x00,0x00,0x00,0x00,0x00,0x00,0x00,0x00,0x00,0x00,0x00,0x00,0x00,
0x00,0x00,0x00,0x00,0x00,0x00,0x00,0x00,0x00,0x00,0x00,0x00,0x00,0x00,0x00,0x00,
0x00,0x00,0x00,0x00,0x00,0x00,0x00,0x00,0x00,0x00,0x00,0x00,0x00,0x00,0x00,0x00,
0x00,0x00,0x00,0x00,0x00,0x00,0x00,0x00,0x00,0x00,0x00,0x00,0x00,0x00,0x00,0x00,
0x00,0x00,0x00,0x00,0x00,0x00,0x00,0x00,0x00,0x00,0x00,0x00,0x00,0x00,0x00,0x00,
0x00,0x00,0x00,0x00,0x00,0x00,0x00,0x00,0x00,0x00,0x00,0x00,0x00,0x00,0x00,0x00,
0x00,0x00,0x00,0x00,0x00,0x00,0x00,0x00,0x00,0x00,0x00,0x00,0x00,0x00,0x00,0x00,
0x00,0x00,0x00,0x00,0x00,0x00,0x00,0x00,0x00,0x00,0x00,0x00,0x00,0x00,0x00,0x00,
0x00,0x00,0x00,0x00,0x00,0x00,0x00,0x00,0x00,0x00,0x00,0x00,0x00,0x00,0x00,0x00,
0x00,0x00,0x00,0x00,0x00,0x00,0x00,0x00,0x00,0x00,0x00,0x00,0x00,0x00,0x00,0x00,
0x00,0x00,0x00,0x00,0x00,0x00,0x00,0x00,0x00,0x00,0x00,0x00,0x00,0x00,0x00,0x00,
0x00,0x00,0x00,0x00,0x00,0x00,0x00,0x00,0x00,0x00,0x00,0x00,0x00,0x00,0x00,0x00,
0x00,0x00,0x00,0x00,0x00,0x00,0x00,0x00,0x00,0x00,0x00,0x00,0x00,0x00,0x00,0x00,
0x00,0x00,0x00,0x00,0x00,0x00,0x00,0x00,0x00,0x00,0x00,0x00,0x00,0x00,0x00,0x00,
0x00,0x00,0x00,0x00,0x00,0x00,0x00,0x00,0x00,0x00,0x00,0x00,0x00,0x00,0x00,0x00,
0x00,0x00,0x00,0x00,0x00,0x00,0x00,0x00,0x00,0x00,0x00,0x00,0x00,0x00,0x00,0x00,
0x00,0x00,0x00,0x00,0x00,0x00,0x00,0x00,0x00,0x00,0x00,0x00,0x00,0x00,0x00,0x00,
0x00,0x00,0x00,0x00,0x00,0x00,0x00,0x00,0x00,0x00,0x00,0x00,0x00,0x00,0x00,0x00,
0x00,0x00,0x00,0x00,0x00,0x00,0x00,0x00,0x00,0x00,0x00,0x00,0x00,0x00,0x00,0x00,
0x00,0x00,0x00,0x00,0x00,0x00,0x00,0x00,0x00,0x00,0x00,0x00,0x00,0x00,0x00,0x00,
0x00,0x00,0x00,0x00,0x00,0x00,0x00,0x00,0x00,0x00,0x00,0x00,0x00,0x00,0x00,0x00,
0x00,0x00,0x00,0x00,0x00,0x00,0x00,0x00,0x00,0x00,0x00,0x00,0x00,0x00,0x00,0x00,
0x00,0x00,0x00,0x00,0x00,0x00,0x00,0x00,0x00,0x00,0x00,0x00,0x00,0x00,0x00,0x00,
0x00,0x00,0x00,0x00,0x00,0x00,0x00,0x00,0x00,0x00,0x00,0x00,0x00,0x00,0x00,0x00,
0x76,0x49,0x78,0x32,0x7b,0xba,0x75,0x21,0x73,0x18,0x7d,0xdd,0x73,0x11,0x72,0x15,
0x32,0x12,0x11,0x11,0x79,0x97,0x00,0x00,0x75,0x54,0x63,0x25,0x38,0x77,0x70,0x00,
0x00,0x00,0x00,0x00,0x00,0x00,0x00,0x00,0x00,0x00,0x00,0x00,0x00,0x00,0x00,0x00,
0x00,0x00,0x00,0x00,0x00,0x00,0x00,0x00,0x00,0x00,0x00,0x00,0x00,0x00,0x00,0x00,
0x00,0x00,0x00,0x00,0x00,0x00,0x00,0x00,0x00,0x00,0x00,0x00,0x00,0x00,0x00,0x00,
0x00,0x00,0x00,0x00,0x00,0x00,0x00,0x00,0x00,0x00,0x00,0x00,0x00,0x00,0x00,0x00,
0x00,0x00,0x00,0x00,0x00,0x00,0x00,0x00,0x00,0x00,0x00,0x00,0x00,0x00,0x00,0x00,
0x00,0x00,0x00,0x00,0x00,0x00,0x00,0x00,0x00,0x00,0x00,0x00,0x00,0x00,0x00,0x00,
0x00,0x00,0x00,0x00,0x00,0x00,0x00,0x00,0x00,0x00,0x00,0x00,0x00,0x00,0x00,0x00,
0x00,0x00,0x00,0x00,0x00,0x00,0x00,0x00,0x00,0x00,0x00,0x00,0x00,0x00,0x00,0x00,
0x00,0x00,0x00,0x00,0x00,0x00,0x00,0x00,0x00,0x00,0x00,0x00,0x00,0x00,0x00,0x00,
0x00,0x00,0x00,0x00,0x00,0x00,0x00,0x00,0x00,0x00,0x00,0x00,0x00,0x00,0x00,0x00,
0x00,0x00,0x00,0x00,0x00,0x00,0x00,0x00,0x00,0x00,0x00,0x00,0x00,0x00,0x00,0x00,
0x00,0x00,0x00,0x00,0x00,0x00,0x00,0x00,0x00,0x00,0x00,0x00,0x00,0x00,0x00,0x00,
0x00,0x00,0x00,0x00,0x00,0x00,0x00,0x00,0x00,0x00,0x00,0x00,0x00,0x00,0x00,0x00,
0x00,0x00,0x00,0x00,0x00,0x00,0x00,0x00,0x00,0x00,0x00,0x00,0x00,0x00,0x00,0x00,
0x00,0x00,0x00,0x00,0x00,0x00,0x00,0x00,0x00,0x00,0x00,0x00,0x00,0x00,0x00,0x00,
0x00,0x00,0x00,0x00,0x00,0x00,0x00,0x00,0x00,0x00,0x00,0x00,0x00,0x00,0x00,0x00,
0x00,0x00,0x00,0x00,0x00,0x00,0x00,0x00,0x00,0x00,0x00,0x00,0x00,0x00,0x00,0x00,
0x00,0x00,0x00,0x00,0x00,0x00,0x00,0x00,0x00,0x00,0x00,0x00,0x00,0x00,0x00,0x00,
0x00,0x00,0x00,0x00,0x00,0x00,0x00,0x00,0x00,0x00,0x00,0x00,0x00,0x00,0x00,0x00,
0x00,0x00,0x00,0x00,0x00,0x00,0x00,0x00,0x00,0x00,0x00,0x00,0x00,0x00,0x00,0x00,
0x00,0x00,0x00,0x00,0x00,0x00,0x00,0x00,0x00,0x00,0x00,0x00,0x00,0x00,0x00,0x00,
0x00,0x00,0x00,0x00,0x00,0x00,0x00,0x00,0x00,0x00,0x00,0x00,0x00,0x00,0x00,0x00,
0x00,0x00,0x00,0x00,0x00,0x00,0x00,0x00,0x00,0x00,0x00,0x00,0x00,0x00,0x00,0x00,
0x00,0x00,0x00,0x00,0x00,0x00,0x00,0x00,0x00,0x00,0x00,0x00,0x00,0x00,0x00,0x00,
0x00,0x00,0x00,0x00,0x00,0x00,0x00,0x00,0x00,0x00,0x00,0x00,0x00,0x00,0x00,0x00,
0x00,0x00,0x00,0x00,0x00,0x00,0x00,0x00,0x00,0x00,0x00,0x00,0x00,0x00,0x00,0x00,
0x00,0x00,0x00,0x00,0x00,0x00,0x00,0x00,0x00,0x00,0x00,0x00,0x00,0x00,0x00,0x00,
0x00,0x00,0x00,0x00,0x00,0x00,0x00,0x00,0x00,0x00,0x00,0x00,0x00,0x00,0x00,0x00,
0x00,0x00,0x00,0x00,0x00,0x00,0x00,0x00,0x00,0x00,0x00,0x00,0x00,0x00,0x00,0x00,
0x00,0x00,0x00,0x00,0x00,0x00,0x00,0x00,0x00,0x00,0x00,0x00,0x00,0x00,0x00,0x00,
0x0f,0xff,0x4f,0xff,0x5f,0xff,0x1f,0xff,0x0f,0xff,0x4f,0xff,0x1f,0xff,0x6f,0xff,
0x2f,0xff,0x3f,0xff,0x3f,0xff,0x2f,0xff,0x7f,0xff,0x5f,0xff,0x6f,0xff,0x7f,0xff,
0x00,0x00,0x00,0x00,0x00,0x01,0x57,0x69,0x63,0x26,0x63,0x27,0x63,0x26,0x63,0x26,
0x62,0x15,0x63,0x25,0x62,0x25,0x63,0x25,0x63,0x26,0x63,0x26,0x63,0x26,0x63,0x25,
0x53,0x24,0x00,0x00,0x3c,0xbb,0x6c,0xcb,0x6c,0xcc,0x6c,0xcb,0x6c,0xcb,0x6c,0xcb,
0x6c,0xcb,0x6c,0xcb,0x6b,0xba,0x6b,0xba,0x6b,0xba,0x6b,0xba,0x6b,0xba,0x5a,0xa9,
0x11,0x11,0x26,0x44,0x69,0x65,0x67,0x33,0x66,0x32,0x67,0x33,0x66,0x32,0x65,0x32,
0x65,0x32,0x65,0x22,0x65,0x32,0x66,0x33,0x66,0x32,0x65,0x32,0x65,0x33,0x33,0x21,
0x31,0x13,0x74,0x39,0x73,0x27,0x74,0x2a,0x75,0x3c,0x74,0x2c,0x74,0x1a,0x73,0x18,
0x73,0x17,0x73,0x17,0x72,0x16,0x72,0x16,0x72,0x16,0x72,0x15,0x72,0x14,0x10,0x00,
0x03,0x33,0x7e,0xed,0x7d,0xdd,0x7d,0xdd,0x7f,0xff,0x7f,0xff,0x7d,0xdd,0x7b,0xba,
0x7a,0xa9,0x79,0x98,0x78,0x87,0x79,0x97,0x78,0x86,0x77,0x75,0x76,0x65,0x43,0x22,
0x00,0x00,0x67,0x32,0x77,0x33,0x77,0x32,0x7a,0x43,0x7c,0x43,0x7b,0x42,0x78,0x32,
0x77,0x22,0x77,0x22,0x76,0x21,0x76,0x21,0x76,0x21,0x75,0x21,0x74,0x22,0x63,0x11,
0x00,0x00,0x53,0x25,0x73,0x27,0x74,0x29,0x74,0x2c,0x75,0x2d,0x75,0x2c,0x74,0x2c,
0x74,0x1a,0x73,0x19,0x73,0x18,0x73,0x17,0x72,0x17,0x73,0x17,0x72,0x15,0x71,0x14,
0x31,0x02,0x28,0x88,0x7b,0xbb,0x7d,0xdc,0x7e,0xee,0x7f,0xff,0x7f,0xff,0x7f,0xff,
0x7e,0xee,0x7c,0xcc,0x7c,0xcb,0x7b,0xba,0x79,0x98,0x79,0x98,0x79,0x97,0x75,0x54,
0x64,0x43,0x00,0x00,0x01,0x10,0x76,0x33,0x77,0x33,0x79,0x32,0x7b,0x43,0x7b,0x43,
0x7b,0x43,0x7a,0x42,0x79,0x32,0x78,0x32,0x77,0x22,0x77,0x21,0x76,0x21,0x76,0x22,
0x75,0x21,0x73,0x11,0x11,0x00,0x00,0x01,0x73,0x26,0x73,0x27,0x75,0x2b,0x75,0x2c,
0x74,0x2b,0x74,0x1a,0x73,0x19,0x73,0x19,0x73,0x18,0x73,0x17,0x72,0x16,0x72,0x16,
0x72,0x16,0x71,0x14,0x61,0x02,0x00,0x00,0x00,0x00,0x5c,0xcc,0x7c,0xcb,0x7f,0xff,
0x7e,0xee,0x7e,0xed,0x7d,0xdd,0x7d,0xdc,0x7c,0xcb,0x7b,0xba,0x7a,0xa9,0x79,0x98,
0x79,0x98,0x79,0x97,0x76,0x65,0x74,0x43,0x21,0x11,0x23,0x11,0x76,0x22,0x77,0x32,
0x7c,0x43,0x7a,0x43,0x79,0x32,0x79,0x32,0x78,0x32,0x78,0x32,0x77,0x32,0x77,0x21,
0x76,0x21,0x76,0x21,0x76,0x21,0x75,0x21,0x73,0x11,0x42,0x00,0x21,0x13,0x72,0x16,
0x73,0x28,0x74,0x2c,0x74,0x2c,0x74,0x2a,0x73,0x19,0x73,0x18,0x72,0x17,0x72,0x17,
0x73,0x17,0x73,0x17,0x73,0x17,0x73,0x17,0x72,0x16,0x72,0x14,0x71,0x03,0x10,0x01,
0x15,0x54,0x7b,0xba,0x7d,0xdc,0x7f,0xff,0x7e,0xee,0x7c,0xcb,0x7b,0xba,0x7b,0xba,
0x7a,0xa9,0x7a,0xa9,0x7a,0xa8,0x7a,0x98,0x78,0x87,0x76,0x65,0x74,0x44,0x42,0x22,
0x55,0x22,0x76,0x21,0x78,0x32,0x7c,0x43,0x7b,0x33,0x79,0x32,0x78,0x32,0x77,0x21,
0x00,0x00,0x01,0x01,0x03,0x03,0x04,0x04,0x07,0x07,0x02,0x02,0x06,0x06,0x08,0x08,
0x0b,0x0b,0x05,0x05,0x0a,0x0a,0x0e,0x0e,0x0f,0x0f,0x0d,0x0d,0x10,0x10,0x12,0x12,
0x09,0x09,0x11,0x11,0x14,0x14,0x0c,0x0c,0x15,0x15,0x17,0x17,0x13,0x13,0x18,0x18,
0x1a,0x1a,0x16,0x16,0x1c,0x1c,0x1f,0x1f,0x1b,0x1b,0x20,0x20,0x22,0x22,0x19,0x19,
0x1d,0x1d,0x1e,0x1e,0x23,0x23,0x26,0x26,0x21,0x21,0x29,0x29,0x24,0x24,0x25,0x25,
0x2b,0x2b,0x2d,0x2d,0x27,0x27,0x28,0x28,0x2f,0x2f,0x33,0x33,0x2c,0x2c,0x2a,0x2a,
0x2e,0x2e,0x37,0x37,0x30,0x30,0x31,0x31,0x38,0x38,0x3c,0x3c,0x35,0x35,0x34,0x34,
0x36,0x36,0x39,0x39,0x41,0x41,0x45,0x45,0x3b,0x3b,0x32,0x32,0x3e,0x3e,0x49,0x49,
0x3f,0x3f,0x40,0x40,0x42,0x42,0x4a,0x4a,0x4e,0x4e,0x43,0x43,0x47,0x47,0x48,0x48,
0x50,0x50,0x54,0x54,0x3d,0x3d,0x4c,0x4c,0x4f,0x4f,0x56,0x56,0x5c,0x5c,0x52,0x52,
0x3a,0x3a,0x4d,0x4d,0x5e,0x5e,0x63,0x63,0x58,0x58,0x4b,0x4b,0x46,0x46,0x44,0x44,
0x51,0x51,0x57,0x57,0x5a,0x5a,0x5b,0x5b,0x5d,0x5d,0x64,0x64,0x6a,0x6a,0x60,0x60,
0x61,0x61,0x65,0x65,0x6f,0x6f,0x74,0x74,0x68,0x68,0x62,0x62,0x69,0x69,0x70,0x70,
0x72,0x72,0x7c,0x7c,0x81,0x81,0x6b,0x6b,0x5f,0x5f,0x59,0x59,0x79,0x79,0x82,0x82,
0x8c,0x8c,0x96,0x96,0x9a,0x9a,0x88,0x88,0x7e,0x7e,0x7d,0x7d,0x66,0x66,0x76,0x76,
0x8a,0x8a,0x99,0x99,0xa8,0xa8,0xb2,0xb2,0xba,0xba,0xbd,0xbd,0xb0,0xb0,0xad,0xad,
0xa1,0xa1,0x53,0x53,0x6e,0x6e,0x86,0x86,0xac,0xac,0xd2,0xd2,0xec,0xec,0xf2,0xf2,
0xf6,0xf6,0xf3,0xf3,0xe3,0xe3,0xb5,0xb5,0x8e,0x8e,0x7a,0x7a,0x9f,0x9f,0xd3,0xd3,
0xfe,0xfe,0xff,0xff,0xfd,0xfd,0x71,0x71,0x9c,0x9c,0xca,0xca,0xfa,0xfa,0xe2,0xe2,
0x92,0x92,0x77,0x77,0x78,0x78,0x90,0x90,0xb4,0xb4,0xdc,0xdc,0xf4,0xf4,0xc6,0xc6,
0xa2,0xa2,0x91,0x91,0x55,0x55,0xab,0xab,0xc0,0xc0,0xc2,0xc2,0x9e,0x9e,0x84,0x84,
0x75,0x75,0x6c,0x6c,0x95,0x95,0x85,0x85,0x6d,0x6d,0x73,0x73,0xff,0xff,0xff,0xff,
0xff,0xff,0xff,0xff,0xca,0xca,0x01,0x01,0x00,0x00,0xbe,0xbe,0xff,0xff,0xff,0xff,
0xff,0xff,0xff,0xff,0xff,0xff,0xff,0xff,0xff,0xff,0xff,0xff,0xff,0xff,0xff,0xff,
0xff,0xff,0xff,0xff,0xff,0xff,0xff,0xff,0x4b,0x4b,0x5b,0x5b,0xff,0xff,0xff,0xff,
0xff,0xff,0xff,0xff,0xff,0xff,0xff,0xff,0xff,0xff,0xff,0xff,0xff,0xff,0xff,0xff,
0xff,0xff,0xff,0xff,0xff,0xff,0xff,0xff,0xff,0xff,0x85,0x85,0x5c,0x5c,0xff,0xff,
0xff,0xff,0xff,0xff,0xff,0xff,0xff,0xff,0xff,0xff,0xff,0xff,0xff,0xff,0xff,0xff,
0xff,0xff,0xff,0xff,0xff,0xff,0xff,0xff,0xff,0xff,0xff,0xff,0xff,0xff,0x32,0x32,
0x26,0x26,0xfe,0xfe,0xff,0xff,0xff,0xff,0xff,0xff,0xff,0xff,0xff,0xff,0xff,0xff,
0xff,0xff,0xff,0xff,0xff,0xff,0xff,0xff,0xff,0xff,0xff,0xff,0xff,0xff,0x96,0x96,
0xbc,0xbc,0xff,0xff,0xff,0xff,0xff,0xff,0xff,0xff,0xff,0xff,0xff,0xff,0xff,0xff,
0x7f,0xff,0x0b,0x31,0x50,0x00,0x00,0x00,0x00,0x00,0x00,0x00,0x00,0x00,0x00,0x00,
0x00,0x00,0x00,0x00,0x00,0x00,0x00,0x00,0x00,0x00,0x20,0x00,0x05,0x31,0x37,0x21,
0x00,0x00,0x00,0x00,0x00,0x00,0x00,0x00,0x00,0x00,0x00,0x00,0x00,0x00,0x00,0x00,
0x00,0x00,0x00,0x00,0x00,0x00,0x00,0x00,0x00,0x00,0x00,0x00,0x00,0x00,0x00,0x00,
0x00,0x00,0x00,0x00,0x00,0x00,0x00,0x00,0x00,0x00,0x00,0x00,0x00,0x00,0x00,0x00,
0x00,0x00,0x00,0x00,0x00,0x00,0x00,0x00,0x00,0x00,0x00,0x00,0x00,0x00,0x00,0x00,
0x00,0x00,0x00,0x00,0x00,0x00,0x00,0x00,0x00,0x00,0x00,0x00,0x00,0x00,0x00,0x00,
0x00,0x00,0x00,0x00,0x00,0x00,0x00,0x00,0x00,0x00,0x00,0x00,0x00,0x00,0x00,0x00,
0x00,0x00,0x00,0x00,0x00,0x00,0x00,0x00,0x00,0x00,0x00,0x00,0x00,0x00,0x00,0x00,
0x00,0x00,0x00,0x00,0x00,0x00,0x00,0x00,0x00,0x00,0x00,0x00,0x00,0x00,0x00,0x00,
0x00,0x00,0x00,0x00,0x00,0x00,0x00,0x00,0x00,0x00,0x00,0x00,0x00,0x00,0x00,0x00,
0x00,0x00,0x00,0x00,0x00,0x00,0x00,0x00,0x00,0x00,0x00,0x00,0x00,0x00,0x00,0x00,
0x00,0x00,0x00,0x00,0x00,0x00,0x00,0x00,0x00,0x00,0x00,0x00,0x00,0x00,0x00,0x00,
0x00,0x00,0x00,0x00,0x00,0x00,0x00,0x00,0x00,0x00,0x00,0x00,0x00,0x00,0x00,0x00,
0x00,0x00,0x00,0x00,0x00,0x00,0x00,0x00,0x00,0x00,0x00,0x00,0x00,0x00,0x00,0x00,
0x00,0x00,0x00,0x00,0x00,0x00,0x00,0x00,0x00,0x00,0x00,0x00,0x00,0x00,0x00,0x00,
0x00,0x00,0x00,0x00,0x00,0x00,0x00,0x00,0x00,0x00,0x00,0x00,0x00,0x00,0x00,0x00,
0x00,0x00,0x00,0x00,0x00,0x00,0x00,0x00,0x00,0x00,0x00,0x00,0x00,0x00,0x00,0x00,
0x00,0x00,0x00,0x00,0x00,0x00,0x00,0x00,0x00,0x00,0x00,0x00,0x00,0x00,0x00,0x00,
0x00,0x00,0x00,0x00,0x00,0x00,0x00,0x00,0x00,0x00,0x00,0x00,0x00,0x00,0x00,0x00,
0x00,0x00,0x00,0x00,0x00,0x00,0x00,0x00,0x00,0x00,0x00,0x00,0x00,0x00,0x00,0x00,
0x00,0x00,0x00,0x00,0x00,0x00,0x00,0x00,0x00,0x00,0x00,0x00,0x00,0x00,0x00,0x00,
0x00,0x00,0x00,0x00,0x00,0x00,0x00,0x00,0x00,0x00,0x00,0x00,0x00,0x00,0x00,0x00,
0x00,0x00,0x00,0x00,0x00,0x00,0x00,0x00,0x00,0x00,0x00,0x00,0x00,0x00,0x00,0x00,
0x00,0x00,0x00,0x00,0x00,0x00,0x00,0x00,0x00,0x00,0x00,0x00,0x00,0x00,0x00,0x00,
0x00,0x00,0x00,0x00,0x00,0x00,0x00,0x00,0x00,0x00,0x00,0x00,0x00,0x00,0x00,0x00,
0x00,0x00,0x00,0x00,0x00,0x00,0x00,0x00,0x00,0x00,0x00,0x00,0x00,0x00,0x00,0x00,
0x00,0x00,0x00,0x00,0x00,0x00,0x00,0x00,0x00,0x00,0x00,0x00,0x00,0x00,0x00,0x00,
0x00,0x00,0x00,0x00,0x00,0x00,0x00,0x00,0x00,0x00,0x00,0x00,0x00,0x00,0x00,0x00,
0x00,0x00,0x00,0x00,0x00,0x00,0x00,0x00,0x00,0x00,0x00,0x00,0x00,0x00,0x00,0x00,
0x00,0x00,0x00,0x00,0x00,0x00,0x00,0x00,0x00,0x00,0x00,0x00,0x00,0x00,0x00,0x00,
0x00,0x00,0x00,0x00,0x00,0x00,0x00,0x00,0x00,0x00,0x00,0x00,0x00,0x00,0x00,0x00,
0xff,0xff,0xff,0xff,0xff,0xff,0xff,0xff,0xff,0xff,0xff,0xff,0xff,0xff,0xff,0xff,
0xff,0xff,0xff,0xff,0xff,0xff,0xff,0xff,0xff,0xff,0xff,0xff,0xff,0xff,0xff,0xff,
0xff,0xff,0xff,0xff,0xff,0xff,0xff,0xff,0xff,0xff,0xff,0xff,0xff,0xff,0xff,0xff,
0xff,0xff,0xff,0xff,0xff,0xff,0xff,0xff,0xff,0xff,0xff,0xff,0xff,0xff,0xff,0xff,
0xff,0xff,0xff,0xff,0xff,0xff,0xff,0xff,0xff,0xff,0xff,0xff,0xff,0xff,0xff,0xff,
0xff,0xff,0xff,0xff,0xff,0xff,0xff,0xff,0xff,0xff,0xff,0xff,0xff,0xff,0xff,0xff,
0xff,0xff,0xff,0xff,0xff,0xff,0xff,0xff,0xff,0xff,0xff,0xff,0xff,0xff,0xff,0xff,
0xff,0xff,0xff,0xff,0xff,0xff,0xff,0xff,0xff,0xff,0xff,0xff,0xff,0xff,0xff,0xff,
0xff,0xff,0xff,0xff,0xff,0xff,0xff,0xff,0xff,0xff,0xff,0xff,0xff,0xff,0xff,0xff,
0xff,0xff,0xff,0xff,0xff,0xff,0xff,0xff,0xff,0xff,0xff,0xff,0xff,0xff,0xff,0xff,
0xff,0xff,0xff,0xff,0xff,0xff,0xff,0xff,0xff,0xff,0xff,0xff,0xff,0xff,0xff,0xff,
0xff,0xff,0xff,0xff,0xff,0xff,0xff,0xff,0xff,0x6f,0xff,0xff,0xf7,0xb2,0x76,0xff,
0xff,0xff,0xff,0xff,0xff,0xff,0xff,0xff,0xff,0xff,0xff,0xff,0xff,0xff,0xff,0xff,
0xff,0xff,0xff,0xff,0xff,0xff,0xff,0xff,0xff,0xff,0xff,0xff,0xff,0xff,0xff,0xff,
0xff,0xff,0xff,0xff,0xff,0xff,0xff,0xff,0xff,0xff,0xff,0xff,0xff,0xff,0xff,0xff,
0xff,0xff,0xff,0xff,0xff,0xff,0xff,0xff,0xff,0xff,0xff,0xff,0xff,0xff,0xff,0xff,
0xff,0xff,0xff,0xff,0xff,0xff,0xff,0xff,0xff,0xff,0xff,0xff,0xff,0xff,0xff,0xff,
0xff,0xff,0xff,0xff,0xff,0xff,0xff,0xff,0xff,0xff,0xff,0xff,0xff,0xff,0xff,0xff,
0xff,0xff,0xff,0xff,0xff,0xff,0xff,0xff,0xff,0xff,0xff,0xff,0xff,0xff,0xff,0xff,
0xff,0xff,0xff,0xff,0xff,0xff,0xff,0xff,0xff,0xff,0xff,0xff,0xff,0xff,0xff,0xff,
0xff,0xff,0xff,0xff,0xff,0xff,0xff,0xff,0xff,0xff,0xff,0xff,0xff,0xff,0xff,0xff,
0xff,0xff,0xff,0xff,0xff,0xff,0xff,0xff,0xff,0xff,0xff,0xff,0xff,0xff,0xff,0xff,
0xff,0xff,0xff,0xff,0xff,0xff,0xff,0xff,0xff,0xff,0xff,0xff,0xff,0xff,0xff,0xff,
0xff,0xff,0xff,0xff,0xff,0xff,0xff,0xff,0xff,0xff,0xff,0xff,0xff,0xff,0xff,0xff,
0xff,0xff,0xff,0xff,0xff,0xff,0xff,0xff,0xff,0xff,0xff,0xff,0xff,0xff,0xff,0xff,
0xff,0xff,0xff,0xff,0xff,0xff,0xff,0xff,0xff,0xff,0xff,0xff,0xff,0xff,0xff,0xff,
0xff,0xff,0xff,0xff,0xff,0xff,0xff,0xff,0xff,0xff,0xff,0xff,0xff,0xff,0xff,0xff,
0xff,0xff,0xff,0xff,0xff,0xff,0xff,0xff,0xff,0xff,0xff,0xff,0xff,0xff,0xff,0xff,
0xff,0xff,0xff,0xff,0xff,0xff,0xff,0xff,0xff,0xff,0xff,0xff,0xff,0xff,0xff,0xff,
0xff,0xff,0xff,0xff,0xff,0xff,0xff,0xff,0xff,0xff,0xff,0xff,0xff,0xff,0xff,0xff,
0xff,0xff,0xff,0xff,0xff,0xff,0xff,0xff,0xff,0xff,0xff,0xff,0xff,0xff,0xff,0xff,
0xff,0xff,0xff,0xff,0xff,0xff,0xff,0xff,0xff,0xff,0xff,0xff,0xff,0xff,0xff,0xff,
0xff,0xff,0xff,0xff,0xff,0xff,0xff,0xff,0xff,0xff,0xff,0xff,0xff,0xff,0xff,0xff,
0xff,0xff,0xff,0xff,0xff,0xff,0xff,0xff,0xff,0xff,0xff,0xff,0xff,0xff,0xff,0xff,
0xff,0xff,0xff,0xff,0xff,0xff,0xff,0xff,0xff,0xff,0xff,0xff,0xff,0xff,0xff,0xff,
0xff,0xff,0xff,0xff,0xff,0xff,0xff,0xff,0xff,0xff,0xff,0xff,0xff,0xff,0xff,0xff,
0xff,0xff,0xff,0xff,0xff,0xff,0xff,0xff,0xff,0xff,0xff,0xff,0xff,0xff,0xff,0xff,
0xff,0xff,0xff,0xff,0xff,0xff,0xff,0xff,0xff,0xff,0xff,0xff,0xff,0xff,0xff,0xff,
0xff,0xff,0xff,0xff,0xff,0xff,0xff,0xff,0xff,0xff,0xff,0xff,0xff,0xff,0xff,0xff,
0xff,0xff,0xff,0xff,0xff,0xff,0xff,0xff,0xff,0xff,0xff,0xff,0xff,0xff,0xff,0xff,
0xff,0xff,0xff,0xff,0xff,0xff,0xff,0xff,0xff,0xff,0xff,0xff,0xff,0xff,0xff,0xff,
0xff,0xff,0xff,0xff,0xff,0xff,0xff,0xff,0xff,0xff,0xff,0xff,0xff,0xff,0xff,0xff,
0xff,0xff,0xff,0xff,0xff,0xff,0xff,0xff,0xff,0xff,0xff,0xff,0xff,0xff,0xff,0xff,
0xff,0xff,0xff,0xff,0xff,0xff,0xff,0xff,0xff,0xff,0xff,0xff,0xff,0xff,0xff,0xff,
0xff,0xff,0xff,0xff,0xff,0xff,0xff,0xff,0xff,0xff,0xff,0xff,0xff,0xff,0xff,0xff,
0xff,0xff,0xff,0xff,0xff,0xff,0xff,0xff,0xff,0xff,0xff,0xff,0xff,0xff,0xff,0xff,
0xff,0xff,0xff,0xff,0xff,0xff,0xff,0xff,0xff,0xff,0xff,0xff,0xff,0xff,0xff,0xff,
0xff,0xff,0xff,0xff,0xff,0xff,0xff,0xff,0xff,0xff,0xff,0xff,0xff,0xff,0xff,0xff,
0xff,0xff,0xff,0xff,0xff,0xff,0xff,0xff,0xff,0xff,0xff,0xff,0xff,0xff,0xff,0xff,
0xff,0xff,0xff,0xff,0xff,0xff,0xff,0xff,0xff,0xff,0xff,0xff,0xff,0xff,0xff,0xff,
0xff,0xff,0xff,0xff,0xff,0xff,0xff,0xff,0xff,0xff,0xff,0xff,0xff,0xff,0xff,0xff,
0xff,0xff,0xff,0xff,0xff,0xff,0xff,0xff,0xff,0xff,0xff,0xff,0xff,0xff,0xff,0xff,
0xff,0xff,0xff,0xff,0xff,0xff,0xff,0xff,0xff,0xff,0xff,0xff,0xff,0xff,0xff,0xff,
0xff,0xff,0xff,0xff,0xff,0xff,0xff,0xff,0xff,0xff,0xff,0xff,0xff,0xff,0xff,0xff,
0xff,0xff,0xff,0xff,0xff,0xff,0xff,0xff,0xff,0xff,0xff,0xff,0xff,0xff,0xff,0xff,
0xff,0xff,0xff,0xff,0xff,0xff,0xff,0xff,0xff,0xff,0xff,0xff,0xff,0x62,0x8f,0xff,
0xff,0xff,0xff,0xff,0xff,0xff,0xff,0xff,0xff,0xff,0xff,0xff,0xff,0xff,0xff,0xff,
0xff,0xff,0xff,0xff,0xff,0xff,0xff,0xff,0xff,0xff,0xff,0xff,0xff,0xff,0xff,0xff,
0xff,0xff,0xff,0xff,0xff,0xff,0xff,0xff,0xff,0xff,0xff,0xff,0xff,0xff,0xff,0xff,
0xff,0xff,0xff,0xff,0xff,0xff,0xff,0xff,0xff,0xff,0xff,0xff,0xff,0xff,0xff,0xff,
0xff,0xff,0xff,0xff,0xff,0xff,0xff,0xff,0xff,0xff,0xff,0xff,0xff,0xff,0xff,0xff,
0xff,0xff,0xff,0xff,0xff,0xff,0xff,0xff,0xff,0xff,0xff,0xff,0xff,0xff,0xff,0xff,
0xff,0xff,0xff,0xff,0xff,0xff,0xff,0xff,0xff,0xff,0xff,0xff,0xff,0xff,0xff,0xff,
0xff,0xff,0xff,0xff,0xff,0xff,0xff,0xff,0xff,0xff,0xff,0xff,0xff,0xff,0xff,0xff,
0xff,0xff,0xff,0xff,0xff,0xff,0xff,0xff,0xff,0xff,0xff,0xff,0xff,0xff,0xff,0xff,
0xff,0xff,0xff,0xff,0xff,0xff,0xff,0xff,0xff,0xff,0xff,0xff,0xff,0xff,0xff,0xff,
0xff,0xff,0xff,0xff,0xff,0xff,0xff,0xff,0xff,0xff,0xff,0xff,0xff,0xff,0xff,0xff,
0xff,0xff,0xff,0xff,0xff,0xff,0xff,0xff,0xff,0xff,0xff,0xff,0xff,0xff,0xff,0xff,
0xff,0xff,0xff,0xff,0xff,0xff,0xff,0xff,0xff,0xff,0xff,0xff,0xff,0xff,0xf6,0x86,
0xff,0xff,0x8b,0x52,0xff,0xf6,0xb5,0x55,0xff,0xf6,0xb5,0x55,0xff,0xff,0x25,0x55,
0xff,0xff,0xff,0xff,0xff,0xff,0xff,0xff,0xff,0xff,0xff,0xff,0xff,0xff,0xff,0xff,
0xff,0xff,0xff,0xff,0x8f,0xff,0xff,0xff,0x26,0xff,0xff,0xff,0x5b,0x76,0xff,0xff,
0xff,0xff,0xff,0xff,0xff,0xff,0xff,0xf8,0xff,0x87,0x86,0x66,0xf8,0x55,0x26,0xff,
0xf2,0x55,0x52,0x27,0x6b,0x55,0x55,0x55,0xf2,0x55,0x55,0x55,0xf2,0x55,0x55,0x55,
0x6b,0x55,0x55,0xb2,0x6b,0x55,0x55,0x55,0xf2,0x55,0x55,0x55,0xf6,0x25,0x55,0x55,
0x22,0x8b,0x55,0xb2,0x55,0x22,0x55,0xbb,0x55,0x22,0x55,0x5b,0x55,0x27,0x55,0x55,
0x78,0x66,0xff,0xff,0x55,0x5b,0x28,0xf8,0x55,0x55,0x5b,0x22,0x55,0x55,0x55,0x51,
0x55,0x55,0x55,0x55,0x55,0x55,0x55,0x55,0x55,0x55,0x55,0x51,0x55,0x55,0x55,0x55,
0xff,0xff,0xff,0xff,0x22,0x7f,0xff,0xf6,0x22,0x77,0x77,0x77,0x55,0x15,0x51,0x11,
0x51,0x55,0x1d,0xda,0x15,0x51,0xc0,0x39,0x55,0x11,0xac,0x49,0x51,0x53,0xa1,0x49,
0xff,0xff,0xff,0xff,0x22,0x27,0xff,0xf8,0x22,0x28,0x88,0x8b,0xe1,0x11,0x5e,0x15,
0xaa,0xa1,0x11,0x5e,0x00,0x01,0x15,0x13,0x90,0x01,0x51,0xe0,0x99,0x0e,0x15,0xdd,
0xff,0xff,0xff,0xff,0x22,0x27,0xff,0xf8,0x1e,0xb8,0x66,0x71,0xe1,0x1e,0x11,0xe1,
0xac,0x11,0xaa,0xa0,0xa1,0x53,0x99,0x93,0x45,0xe0,0x99,0xa1,0x55,0x39,0x99,0x34,
0xff,0xff,0xff,0xff,0x78,0x86,0xff,0xf6,0xb2,0x22,0x27,0x7e,0xee,0x1e,0x11,0xe5,
0x00,0x0a,0xad,0x11,0x44,0x44,0x41,0x1c,0x11,0x5e,0x51,0xea,0x44,0x4e,0x1e,0x39,
0xff,0xff,0xff,0xff,0x77,0x77,0xff,0x67,0x51,0xe2,0x22,0x2e,0x1e,0x1e,0xe1,0xee,
0xda,0xaa,0xa0,0x0a,0x99,0x9d,0x44,0x44,0x99,0x0e,0x15,0xe1,0x99,0x34,0xe4,0x4e,
0xff,0xff,0xff,0xff,0x77,0x77,0xf7,0x77,0x11,0xe2,0x2e,0x51,0x14,0x11,0xe1,0x1e,
0x0d,0x1e,0x3a,0xaa,0x4e,0xe4,0x09,0x9d,0x1e,0x1a,0x00,0x0e,0xe5,0xc9,0x00,0x35,
0xff,0xff,0xff,0xff,0x77,0x78,0xff,0x87,0xe5,0xe2,0x72,0x11,0x1e,0xe1,0xe1,0x1e,
0xaa,0xaa,0xaa,0xa4,0x44,0x4d,0x99,0x9c,0x51,0xea,0x00,0x01,0xe1,0x30,0x99,0xc5,
0xff,0xff,0xff,0xff,0x78,0x88,0x66,0x88,0xe5,0xb7,0x87,0x15,0x51,0x11,0x1e,0x1e,
0x11,0x4a,0xa3,0x33,0xe5,0xd9,0x35,0x55,0x5c,0x90,0x33,0x34,0x1a,0x9c,0xee,0xe5,
0xff,0xff,0xff,0xff,0x88,0x88,0x66,0x88,0xe1,0x21,0x22,0x15,0x15,0x11,0x1e,0x11,
0x31,0xca,0xd3,0x3a,0x14,0x00,0xe5,0x1d,0x1d,0x93,0x51,0xcd,0x40,0xa1,0x11,0x09,
0xff,0xff,0xff,0xff,0x88,0x66,0x6f,0x66,0x11,0x88,0x67,0xb5,0x15,0x11,0x11,0x11,
0xa3,0x14,0xaa,0x33,0x0c,0x5a,0x9c,0x55,0xd5,0xc9,0x03,0x3d,0x41,0xa9,0xce,0x99,
0xff,0xff,0xff,0xff,0x66,0xff,0x66,0x66,0x5b,0x66,0x87,0x11,0x11,0xbb,0xb1,0x15,
0xaa,0xd5,0x11,0xed,0xa9,0x35,0x1e,0x00,0x0d,0x11,0x5d,0x00,0xc1,0x15,0x40,0x00,
0xff,0xff,0xff,0xff,0x66,0x6f,0xff,0xf6,0xbb,0x86,0x67,0x21,0x11,0xb1,0xb1,0x11,
0xaa,0xaa,0xaa,0xaa,0x0d,0x44,0x44,0x44,0x0e,0x11,0x11,0x15,0x0a,0x00,0x00,0xae,
0xff,0xff,0xff,0xff,0x6f,0xff,0xff,0xff,0xb6,0xff,0xff,0xff,0x12,0xb2,0x22,0x22,
0xa4,0x14,0xaa,0xaa,0x41,0x1a,0x00,0x04,0x11,0xc9,0x00,0x35,0x11,0xa9,0x00,0x15,
0xff,0xff,0xff,0xff,0xff,0xff,0xff,0xff,0xff,0xff,0xff,0x72,0x22,0x22,0x2b,0x11,
0xaa,0xaa,0xaa,0xd1,0x44,0xc9,0x99,0xa5,0x51,0x39,0x99,0xc5,0x14,0x99,0x9d,0x55,
0xff,0xff,0xff,0xff,0xff,0xff,0xff,0xff,0x28,0x88,0x87,0x86,0xbb,0x11,0xe1,0x1e,
0x5e,0xaa,0xaa,0xaa,0x5d,0x99,0x9c,0x44,0x40,0x99,0xd5,0x11,0xd9,0x09,0xce,0x4e,
0xff,0xff,0xff,0xff,0xff,0xff,0xff,0xff,0xff,0xff,0x66,0x72,0x22,0x22,0x22,0x2e,
0xaa,0xa3,0x11,0xdd,0x44,0x41,0x53,0x0a,0x51,0x15,0xe0,0x00,0x4e,0x51,0xd9,0x00,
0xff,0xff,0xff,0xff,0xff,0xff,0xff,0xff,0x22,0x88,0x66,0x72,0x12,0x77,0x72,0x1e,
0xda,0xaa,0xaa,0xad,0xa3,0x44,0x44,0x4e,0xd1,0xe5,0x1e,0x5e,0xc4,0xe4,0xce,0x11,
0xff,0xff,0xff,0xff,0xff,0xff,0xff,0xff,0x22,0x86,0x66,0x77,0xe2,0x88,0x82,0x11,
0x51,0xda,0xaa,0xaa,0x1c,0x09,0x9d,0xc4,0xea,0x09,0x0e,0xe1,0x39,0x99,0x35,0xee,
0xff,0xff,0xff,0xff,0xff,0xff,0xff,0xff,0x77,0x6f,0xff,0x66,0xe2,0x88,0x87,0x22,
0xaa,0xaa,0xde,0x51,0x40,0x99,0x9e,0xe1,0x40,0x99,0xa1,0x15,0xd9,0x99,0x41,0x14,
0xff,0xff,0xff,0xff,0xff,0xff,0xff,0xff,0x66,0xff,0xff,0xff,0x28,0x88,0x87,0x77,
0x15,0x15,0x51,0x55,0x51,0x55,0x1c,0x3c,0x11,0x51,0x5e,0x0e,0x44,0xe1,0x11,0x01,
0xf6,0xb5,0x58,0xff,0xf6,0xb5,0x5b,0x8f,0xff,0x62,0x55,0xb8,0x78,0x66,0x2b,0x55,
0x55,0x55,0x55,0x55,0xc4,0x43,0x55,0x55,0xdd,0xd0,0x55,0x55,0xa3,0xda,0x55,0x55,
0xff,0xff,0xff,0xff,0xff,0xff,0xff,0xff,0xff,0xff,0xff,0xff,0x76,0x66,0x66,0xff,
0x55,0x55,0xb6,0xff,0x55,0x55,0x7f,0xf8,0x55,0x5b,0x76,0x87,0x55,0x5b,0xbb,0x52,
0xff,0xff,0xff,0xff,0xff,0xff,0xff,0xff,0xff,0xff,0xff,0xff,0xff,0xff,0xff,0xff,
0xff,0xff,0xff,0xff,0x88,0x6f,0xff,0xff,0x6f,0xff,0xff,0xff,0x88,0x88,0xff,0xff,
0xff,0xff,0xff,0xff,0xff,0xff,0xff,0xff,0xff,0xff,0xff,0xff,0xff,0xff,0xff,0xff,
0xff,0xff,0xff,0xff,0xff,0xff,0xff,0xff,0xff,0xff,0xff,0xff,0x8f,0xff,0xff,0xff,
0xff,0xff,0xff,0xff,0xff,0xff,0xff,0xff,0xff,0xff,0xff,0xff,0xff,0xff,0xff,0xff,
0xff,0xff,0xff,0xff,0xff,0xff,0xff,0xff,0xff,0xff,0xff,0xff,0xff,0xff,0xff,0xff,
0xff,0xff,0xff,0xff,0xff,0xff,0xff,0xff,0xff,0xff,0xff,0xff,0xff,0xff,0xff,0xff,
0xff,0xff,0xff,0xff,0xff,0xff,0xff,0xff,0xff,0xff,0xff,0xff,0xff,0xff,0xff,0xf6,
0xff,0xff,0xff,0xff,0xff,0xff,0xff,0xff,0xff,0xff,0xff,0xff,0xff,0xff,0xff,0xff,
0xff,0xff,0xff,0xff,0xff,0xff,0xff,0xff,0xff,0xff,0xff,0xff,0x22,0x66,0xff,0xff,
0xff,0xff,0x6b,0x55,0xff,0xff,0xf6,0xb5,0xff,0xf6,0xff,0x75,0xff,0xff,0xff,0x6b,
0xff,0xff,0xff,0x6b,0xff,0xff,0xff,0x85,0xff,0x86,0xff,0x25,0x62,0x5b,0x78,0x55,
0x55,0x5b,0x28,0xff,0x55,0x55,0x55,0x28,0x55,0xb5,0x55,0x55,0x5b,0x87,0xb5,0x55,
0x55,0xb7,0x25,0x55,0x55,0x55,0x55,0x55,0x55,0x55,0x55,0x55,0x55,0x55,0x55,0xbb,
0xf2,0x55,0x55,0x55,0xf2,0x55,0x55,0x55,0x2b,0x55,0x55,0x55,0x55,0x55,0x55,0x55,
0x55,0x55,0x55,0x55,0x55,0x55,0x55,0x55,0x55,0x55,0x55,0x55,0x55,0x55,0x55,0x55,
0x52,0x67,0x55,0x55,0x55,0x72,0x55,0x55,0x55,0xb5,0x55,0x51,0x55,0x55,0x55,0x54,
0x55,0x55,0x55,0x51,0x55,0x55,0x55,0x51,0x55,0x55,0x55,0x55,0x1e,0xe1,0x55,0x55,
0x55,0x55,0x55,0x55,0x1c,0x15,0x55,0x51,0xd9,0x03,0xe5,0x55,0x99,0x90,0x0d,0x15,
0x00,0x0a,0x09,0x45,0xaa,0xaa,0x09,0xc5,0xda,0x0a,0x00,0x35,0x3a,0x0a,0x00,0xa5,
0x15,0xe0,0x41,0x49,0x55,0xdd,0x11,0xe0,0x54,0x04,0x15,0x10,0x5d,0xd5,0x51,0x10,
0x4a,0xe5,0x11,0x5d,0x11,0x51,0x15,0x11,0x15,0x11,0x51,0x15,0x55,0x15,0x51,0x51,
0x99,0x04,0x54,0x0e,0x00,0x04,0x5d,0x31,0x99,0x9c,0xc0,0xe1,0x99,0x03,0xa3,0x11,
0x00,0x00,0xa1,0x5c,0x11,0x11,0x15,0x11,0x15,0x51,0x51,0x15,0x55,0x15,0x11,0x51,
0x14,0x09,0x90,0x00,0x1d,0x99,0x94,0x11,0x49,0x99,0xd5,0x5e,0xa9,0x90,0x4e,0x44,
0x00,0x00,0x00,0x00,0x11,0x11,0x11,0x1e,0x11,0x51,0x15,0x15,0x15,0x11,0x51,0x13,
0x00,0xa4,0xee,0x09,0xe1,0x1e,0x53,0x99,0x15,0xe5,0xe9,0x99,0xe4,0x55,0xd9,0x99,
0x0c,0x1c,0x00,0xa0,0x1e,0x44,0x44,0x41,0xc0,0x09,0x03,0xee,0x99,0x9d,0xe5,0x5d,
0x90,0x00,0x00,0x04,0x9c,0x11,0x11,0x15,0xd5,0x55,0x55,0x55,0xce,0xee,0xee,0x55,
0xa0,0x00,0x0c,0x54,0xe4,0x44,0x45,0x51,0x09,0x99,0x35,0x55,0x99,0x90,0x15,0x55,
0x51,0x09,0x00,0x1e,0x53,0x99,0x9c,0x11,0xe0,0x99,0xa1,0x15,0x39,0x99,0xce,0xe4,
0x00,0x00,0x00,0x00,0x11,0x11,0x1e,0x11,0x55,0x15,0xe1,0x5e,0x51,0x5e,0x15,0xe1,
0x1e,0x00,0x9a,0x51,0x5d,0x99,0x94,0x1e,0x49,0x90,0xd1,0xe5,0xa9,0x9a,0xe1,0xee,
0x0a,0x3e,0xe1,0xa0,0xe1,0x1e,0x51,0xe1,0x11,0xe5,0x1e,0x51,0x1e,0x51,0xe5,0x11,
0x39,0xa1,0x5e,0x11,0x33,0x45,0x11,0x51,0x15,0x51,0x15,0x15,0x4e,0x4e,0xe4,0xee,
0x00,0x00,0x00,0x00,0xe1,0x1e,0x11,0xe1,0x15,0x11,0x51,0x51,0x51,0x15,0xe5,0x11,
0xa9,0x3e,0x1d,0x93,0x33,0x33,0x33,0xc1,0x51,0x55,0x15,0x11,0x4e,0xee,0xee,0xee,
0x00,0x00,0x0a,0xaa,0x11,0x11,0x11,0x11,0x15,0x11,0x51,0x15,0x51,0x15,0x11,0x51,
0x5c,0x0a,0x5e,0x99,0x13,0x3e,0x5e,0x33,0x55,0x55,0x15,0x55,0xee,0xee,0xee,0xee,
0xa0,0xaa,0x00,0x0a,0x11,0x11,0x11,0x1e,0x15,0x55,0x55,0x5c,0xee,0x15,0x55,0x55,
0xc5,0x51,0xda,0x00,0x45,0x5e,0xaa,0xaa,0x55,0x55,0x11,0x11,0xee,0xee,0xee,0xee,
0xaa,0xaa,0xaa,0xaa,0x44,0x4e,0x11,0x11,0x99,0x9d,0x55,0x55,0xa9,0x99,0x45,0x55,
0xaa,0x00,0x00,0x01,0xaa,0xa0,0x00,0xc5,0x1e,0xa0,0x0a,0x15,0xe3,0xaa,0x04,0x5e,
0xa0,0xad,0x45,0x5d,0x11,0x15,0x51,0x51,0x55,0x55,0x15,0x15,0x55,0x55,0x51,0x55,
0x53,0x90,0x0d,0xcc,0x10,0x99,0x0d,0xdd,0x39,0x99,0xc5,0x55,0x09,0x9a,0x15,0x11,
0x00,0x04,0x55,0x15,0x11,0x15,0x51,0x51,0x51,0x55,0x15,0x11,0x15,0x51,0x51,0x15,
0x30,0x99,0xae,0x5c,0xdd,0xd3,0x15,0x1a,0x55,0x55,0x51,0xc9,0x51,0x15,0x1e,0x09,
0x11,0x51,0x13,0x00,0x15,0x11,0x5e,0x11,0x51,0x15,0x11,0x51,0x11,0x51,0x15,0x15,
0x99,0x90,0x00,0x00,0x99,0x0e,0x11,0x11,0x99,0x35,0x55,0x55,0x9a,0x4e,0xee,0xe1,
0x00,0x00,0x00,0x04,0xe1,0x1e,0x11,0x15,0x51,0x15,0x11,0x55,0x11,0x51,0x15,0x55,
0xa1,0x14,0x90,0x00,0x11,0x1d,0x90,0x04,0x11,0x49,0x99,0x35,0x55,0xa9,0x90,0x4e,
0x5c,0x00,0x00,0x00,0x51,0x14,0x44,0x41,0x55,0x40,0x00,0xd5,0x51,0x00,0x00,0x15,
0xa0,0x00,0xa4,0xee,0x11,0xe1,0x1e,0x13,0x55,0x55,0x15,0x40,0xee,0xee,0x55,0xd9,
0x00,0x04,0x5c,0x00,0x11,0x15,0x51,0x11,0x55,0x55,0x55,0x51,0x55,0x55,0x55,0x5e,
0x09,0x9a,0x11,0xec,0x99,0x94,0x14,0x1a,0x09,0xd1,0xe1,0xc9,0x99,0x44,0xe4,0x09,
0x00,0x00,0x00,0x0a,0xee,0x1e,0xee,0xee,0xe1,0x14,0x1e,0x41,0x11,0x41,0xee,0x1e,
0x99,0x9d,0x11,0xd9,0x99,0x0e,0x14,0x00,0x99,0x35,0xe1,0x39,0x9a,0x11,0x15,0xe0,
0x31,0x11,0x51,0x5d,0x51,0x15,0x11,0x54,0xee,0x5e,0x15,0x11,0xe1,0xe1,0x1e,0x55,
0x99,0xa1,0xe1,0x31,0x00,0x0c,0x11,0x15,0x00,0x0d,0x55,0x51,0x00,0x00,0x45,0x55,
0x90,0x00,0xa1,0x55,0x99,0x00,0x9d,0x55,0xa9,0x00,0x09,0xc5,0x39,0xa9,0x00,0x0e,
0xce,0x4c,0x15,0x55,0x11,0x51,0x55,0x55,0x11,0x11,0x55,0x55,0x11,0x15,0x1b,0xb5,
0x11,0x51,0x5b,0xbb,0x55,0x15,0x55,0x55,0x51,0x55,0x15,0x55,0x55,0x51,0x55,0x55,
0x55,0x55,0x55,0x52,0x55,0x55,0x55,0xbb,0x55,0x55,0xb2,0xb5,0x55,0x55,0xbb,0x5b,
0x51,0x55,0x5b,0xbb,0x5b,0x25,0x55,0x5b,0x57,0xbb,0x55,0x78,0x55,0xec,0x3c,0x1b,
0x28,0x6f,0xff,0x62,0x52,0x78,0x6f,0x25,0x5b,0x22,0x77,0x55,0x87,0x22,0x2b,0x55,
0xb2,0x88,0x7b,0x55,0x25,0xb6,0x6b,0xb5,0xb5,0x52,0x75,0x25,0xb2,0xb5,0x5b,0x25,
0x57,0xff,0xff,0xff,0x52,0x6f,0xff,0xff,0x55,0xb6,0xff,0x88,0x55,0x58,0x82,0x5b,
0x55,0x57,0xb5,0x5b,0x55,0x52,0x55,0x55,0x55,0xbb,0x55,0x55,0x55,0x55,0xb5,0x55,
0xff,0xff,0xff,0xff,0xff,0xff,0xff,0xff,0xff,0xff,0xff,0xff,0x6f,0xff,0xff,0xff,
0x86,0xf7,0x7f,0xff,0x52,0x25,0xbf,0xff,0x55,0x55,0xb2,0x8f,0x55,0x55,0x55,0x8f,
0xff,0xff,0xff,0xf2,0xff,0xff,0xff,0x6b,0xff,0xff,0xff,0x75,0xff,0xff,0xf6,0xb5,
0xff,0xff,0xf8,0x55,0xff,0xff,0xf2,0x55,0xff,0xff,0x6b,0x55,0xff,0xff,0x65,0x55,
0x55,0x7f,0xff,0x82,0x55,0x76,0x7b,0x55,0x55,0x62,0x55,0x55,0x52,0xf8,0x55,0x54,
0xb6,0xff,0xb5,0x53,0x7f,0x82,0x55,0x55,0x7b,0x55,0x55,0x55,0x55,0x55,0x55,0x55,
0x25,0xb5,0x5b,0x55,0xb7,0x6b,0x55,0x55,0xb7,0x44,0x15,0x55,0xd0,0x99,0x0d,0xe5,
0x09,0x99,0x99,0x9d,0x54,0x30,0x99,0x99,0x55,0x51,0xca,0x99,0x55,0x55,0x55,0xca,
0x55,0x55,0x52,0x6b,0x55,0x55,0x58,0x85,0x55,0x55,0x57,0x85,0x55,0x55,0x52,0x75,
0x45,0x55,0x55,0xb5,0x9d,0xe5,0x55,0x55,0x99,0x93,0x15,0x55,0x99,0x99,0xa4,0x55,
0x55,0x55,0x55,0x5d,0x55,0x55,0x55,0x10,0x55,0x55,0x55,0x10,0x55,0x55,0x55,0x10,
0x55,0x55,0x55,0xe9,0x55,0x55,0x55,0x49,0x55,0x55,0x55,0xc9,0x55,0x55,0x55,0x39,
0x00,0x9c,0x55,0x55,0x09,0x9a,0x55,0x55,0x99,0x99,0x45,0x55,0x99,0x99,0xa5,0x55,
0x99,0x09,0x9c,0x55,0x99,0x90,0x90,0xe5,0x99,0x99,0x99,0xa1,0x99,0x30,0x99,0x9a,
0x30,0xaa,0x90,0x0e,0x39,0x00,0x99,0x9c,0x39,0x0a,0x09,0x93,0x39,0x00,0x09,0x90,
0x39,0x9a,0xd9,0x99,0xd9,0x90,0xc9,0x99,0x00,0x90,0xe0,0x99,0x90,0x00,0x13,0x99,
0x51,0xec,0x33,0x45,0x55,0xec,0x33,0x3a,0x55,0x55,0x4a,0x99,0x15,0x55,0xcc,0x39,
0x45,0x5c,0x99,0x3a,0xd5,0x10,0x99,0xac,0x01,0x49,0x99,0x41,0x9c,0xc9,0x90,0x15,
0x51,0x55,0x15,0x11,0x35,0x11,0x51,0x15,0x9d,0x15,0x11,0x51,0x99,0xd5,0x55,0x11,
0x99,0x9c,0x55,0x55,0x99,0x90,0x15,0x5e,0x09,0x99,0x45,0x40,0xd9,0x99,0xc4,0x09,
0x51,0x15,0x1e,0xa9,0x11,0x51,0x40,0x99,0x15,0x1c,0x99,0xa4,0x51,0xd9,0x9d,0x15,
0x1a,0x90,0xc5,0x55,0x09,0x0e,0x55,0x55,0x9a,0x15,0x55,0x55,0xd1,0x55,0x55,0x55,
0x9a,0x45,0x55,0x49,0x31,0x55,0x51,0xa9,0x55,0x55,0x53,0x99,0x55,0x55,0x40,0x99,
0x55,0x5e,0x00,0x09,0x55,0xe0,0x99,0x99,0x55,0xcc,0xc4,0x44,0x55,0x55,0x55,0x55,
0x99,0x9c,0x55,0x55,0x99,0xd5,0x55,0x55,0x90,0xe5,0x4a,0x4d,0x93,0x55,0x53,0x3d,
0xa5,0x55,0x55,0x51,0x45,0x55,0x55,0x55,0x55,0x55,0x55,0x55,0x55,0x55,0x55,0x55,
0x55,0xe1,0x54,0x44,0x51,0x15,0x14,0x09,0xd4,0x33,0x3c,0xa9,0x93,0xa9,0x99,0x99,
0x44,0xe3,0xda,0xa9,0x55,0x55,0x55,0x5d,0x55,0x55,0x55,0x54,0x55,0x55,0x55,0x51,
0x4e,0xe1,0x51,0x15,0x99,0xd5,0x11,0x51,0x99,0x03,0x3d,0xa0,0x99,0x99,0x99,0x99,
0x99,0x99,0x99,0x90,0x99,0x93,0x11,0x15,0x99,0x9a,0x55,0x55,0xa9,0x99,0xe5,0x55,
0x11,0x51,0x51,0x15,0x1c,0xa1,0x11,0x51,0x00,0x03,0x55,0x11,0x00,0x00,0x15,0x15,
0xaa,0xdd,0xe5,0x5e,0x55,0x55,0x55,0x5e,0x55,0x55,0x55,0x5e,0x55,0x55,0x55,0x5e,
0x11,0x51,0x15,0x1d,0x15,0x11,0x51,0x10,0x51,0x15,0x15,0x5d,0x51,0x51,0x15,0x53,
0xdd,0xaa,0x15,0x53,0x99,0x9a,0x55,0x5c,0x99,0x9d,0x55,0x53,0x99,0x9d,0x55,0x53,
0x00,0x0d,0x15,0x55,0x99,0x99,0xe5,0x55,0x99,0x99,0xc5,0x55,0x99,0x99,0xd5,0x55,
0x99,0x99,0x91,0x55,0x99,0x99,0x9c,0x55,0x99,0x99,0x9a,0x55,0x99,0x90,0x99,0xe5,
0xc9,0x99,0xd5,0x55,0x19,0x99,0x0e,0x55,0x5d,0x99,0x9c,0x55,0x53,0x99,0x93,0x55,
0x5c,0x99,0x9a,0x55,0x54,0x99,0x9a,0x55,0x5c,0x99,0x9a,0x55,0x5c,0x99,0x9a,0x55,
0x55,0x55,0x15,0x51,0x55,0xee,0x55,0x15,0x55,0x39,0xdc,0xe1,0x55,0xd9,0x99,0x90,
0x51,0xa9,0x99,0x99,0x5e,0x09,0x99,0x99,0x5c,0x99,0x9d,0x09,0x53,0x99,0x9c,0x39,
0x55,0x15,0x51,0x51,0x51,0x55,0x15,0x11,0x15,0x51,0x51,0x15,0x0e,0x15,0x11,0x51,
0x9d,0x55,0x1d,0xd3,0x90,0x15,0x5c,0x99,0x99,0x35,0x55,0xd9,0x90,0x01,0x55,0x49,
0x15,0x11,0x51,0x55,0x51,0x15,0x11,0x51,0x11,0x51,0x15,0x15,0x15,0x11,0x51,0x51,
0xd3,0x15,0x15,0x11,0x00,0x04,0x51,0x15,0x00,0x99,0x31,0x51,0x09,0x99,0x9d,0x11,
0x15,0x11,0x51,0x55,0x51,0x15,0x11,0x55,0x11,0x51,0x15,0x15,0x15,0x11,0x51,0x14,
0x51,0x15,0x11,0x5d,0x11,0x51,0x15,0xe0,0x15,0x11,0x55,0x39,0x51,0x15,0x55,0xa9,
0x53,0x00,0x03,0x55,0xe0,0x00,0xa1,0x55,0xd9,0x00,0x35,0x55,0x99,0x00,0xe1,0x11,
0x90,0x00,0x00,0x00,0x99,0x00,0x00,0x09,0x99,0x0e,0x4c,0xa9,0x99,0x35,0x51,0x09,
0x55,0x55,0x55,0xe1,0x54,0x44,0x44,0x15,0x49,0x09,0x94,0x1e,0xd0,0xa0,0xae,0xcc,
0x00,0x00,0x09,0x00,0x00,0x00,0x00,0x00,0x90,0x03,0xcc,0xc4,0x99,0xa1,0x55,0x55,
0x14,0x1e,0xe1,0xee,0xe1,0xee,0x1e,0xe1,0x1e,0xe1,0x14,0x43,0xc3,0x3d,0x00,0x09,
0x00,0x09,0x99,0x0a,0x0a,0xad,0x34,0x15,0x41,0x55,0x55,0xec,0x51,0xec,0x3a,0x99,
0x5e,0xe1,0xe1,0x11,0x11,0xe4,0x11,0xe1,0xda,0xd1,0x1e,0x15,0x00,0xe5,0x55,0x55,
0x3e,0x5e,0x15,0x55,0x5e,0x30,0xc5,0x55,0xa9,0x99,0x01,0x55,0x09,0x9a,0xc5,0x55,
0x49,0x0d,0x99,0x9a,0x10,0x9d,0xd9,0x09,0x5a,0x99,0x3d,0x99,0x53,0x99,0xa1,0xa9,
0x5c,0x90,0x9e,0x1a,0x54,0x99,0x9c,0x51,0x5e,0x99,0x93,0x55,0x5e,0x99,0x9d,0x55,
0x15,0x55,0x51,0x55,0xa1,0x55,0x15,0x15,0x9d,0x15,0x51,0x15,0x99,0xd1,0x51,0x55,
0x99,0x9d,0x15,0x15,0xd9,0x99,0xae,0x55,0x53,0x99,0x90,0x45,0x55,0x40,0x99,0x9c,
0x1d,0x09,0x99,0x0d,0x13,0xa9,0x99,0x99,0x55,0x5e,0x30,0x99,0x55,0x55,0x51,0xc0,
0x55,0x55,0x55,0x55,0x55,0x55,0x4c,0x41,0x55,0xea,0x99,0x90,0x55,0xe3,0x09,0x99,
0x77,0x55,0x57,0xb5,0x0d,0xe5,0x5b,0x55,0x00,0x03,0x15,0x55,0x99,0x99,0x0c,0x55,
0xc0,0x99,0x99,0xae,0x51,0x39,0x99,0x90,0xde,0x54,0x09,0x09,0x99,0x31,0x1d,0x99,
0x55,0x52,0x75,0x55,0x55,0xb6,0xb5,0x55,0x55,0x77,0x55,0x55,0x55,0x75,0x55,0x5b,
0x55,0x55,0x55,0x55,0x45,0x55,0x55,0x55,0x93,0x55,0x55,0x55,0x00,0x35,0x55,0x55,
0x55,0x55,0x52,0xff,0x55,0x55,0xb6,0xff,0x55,0x5b,0x6f,0xff,0xb5,0xb6,0xff,0xff,
0x55,0x8f,0xff,0xff,0x55,0x26,0xff,0xff,0x55,0x57,0xff,0xff,0x55,0x57,0xff,0xff,
0xff,0xff,0x75,0x55,0xff,0xff,0x25,0x55,0xff,0xf8,0x55,0x55,0xff,0xf2,0x55,0x55,
0xff,0x85,0x55,0x5b,0xff,0x75,0x55,0x52,0xff,0x75,0x5b,0xb7,0xff,0x67,0x78,0x6f,
0x55,0x55,0x55,0x55,0x55,0xb7,0x7b,0x55,0x57,0x6f,0xf6,0xb5,0x2f,0xff,0xf6,0xb5,
0x6f,0xff,0x8b,0x55,0x6f,0xf6,0xb5,0x55,0xff,0xf6,0x82,0x55,0xff,0xff,0xff,0x82,
0x55,0x5e,0xe1,0x51,0x54,0xa9,0x90,0xde,0x53,0x09,0x99,0x99,0x55,0xe3,0x09,0x99,
0x55,0x55,0xe3,0x09,0x55,0x55,0x55,0xed,0x55,0x55,0x55,0x55,0x55,0x55,0x55,0x55,
0x30,0x99,0x99,0x35,0x5e,0xa9,0x99,0x9d,0xde,0x13,0x99,0x99,0x90,0x45,0xc9,0x99,
0x99,0x94,0x5c,0x99,0x99,0x9d,0x55,0xc9,0x4d,0x04,0x55,0x5c,0x55,0xe5,0x55,0x55,
0x55,0x55,0x55,0xd9,0x15,0x55,0x51,0x09,0xa1,0x55,0x5e,0x99,0x9a,0x15,0x53,0x99,
0x99,0xa1,0x53,0xa9,0x99,0x9d,0x55,0x14,0x99,0x99,0x35,0x55,0xd9,0x99,0x9e,0x55,
0x99,0x4d,0x99,0x99,0x99,0xee,0x09,0x99,0x90,0x15,0x39,0x99,0x9d,0x55,0x10,0x99,
0x94,0x55,0x53,0x99,0x31,0x55,0x51,0x3d,0x55,0x55,0x55,0x55,0x55,0x55,0x55,0x55,
0x99,0x0a,0x54,0x90,0x99,0x9d,0x55,0xd9,0x99,0x93,0x55,0x49,0x09,0x94,0x55,0x5a,
0x99,0x01,0x55,0x54,0xda,0x35,0x55,0x55,0x55,0x55,0x55,0x55,0x55,0x55,0x55,0x55,
0x0a,0x49,0x90,0x15,0x09,0xca,0x99,0x45,0x99,0xac,0x99,0x0c,0x90,0x93,0x39,0x99,
0x99,0x90,0xec,0xda,0x39,0x99,0xa5,0x55,0x1a,0x99,0x93,0x55,0x5e,0x09,0x99,0xc5,
0x39,0x99,0x30,0x9d,0xd9,0x99,0x99,0x35,0x99,0x99,0x90,0x15,0x99,0x99,0x99,0xad,
0xdc,0x09,0x99,0x99,0x54,0x99,0x99,0x99,0x51,0xa9,0x99,0x0d,0x55,0x1e,0xee,0x15,
0x55,0x55,0x55,0x51,0x55,0x55,0x55,0x11,0x55,0x51,0x1e,0x4c,0xdd,0xaa,0x09,0x99,
0x99,0x99,0x99,0x0d,0x99,0x0a,0x34,0x15,0x34,0xe5,0x55,0x55,0x55,0x55,0x55,0x55,
0x55,0x55,0x55,0x55,0x55,0x51,0xe4,0xc3,0x3d,0xa0,0x99,0x0a,0x90,0xa3,0xce,0x15,
0xce,0x55,0x4c,0x3a,0x55,0x55,0xca,0x99,0x55,0x55,0x55,0xa9,0x55,0x55,0x55,0xc9,
0x51,0x1e,0x4c,0x3d,0xda,0x09,0x90,0x00,0xd3,0xc4,0x4e,0x11,0x55,0x55,0x55,0x55,
0xac,0x55,0x55,0x55,0x99,0xc5,0x55,0x55,0x99,0x91,0x55,0x55,0x99,0x9c,0x55,0x51,
0xda,0xaa,0xdd,0x34,0xaa,0xad,0xa0,0x99,0x55,0x55,0x51,0x39,0x55,0x55,0x55,0xd9,
0x55,0x55,0x5c,0x99,0x55,0x55,0x49,0x99,0x55,0x54,0x09,0x99,0x55,0x40,0x99,0x99,
0x39,0x99,0x35,0x55,0x09,0x99,0xa5,0x55,0x99,0x99,0x94,0x55,0x99,0x99,0x9a,0x55,
0x99,0xa0,0x99,0xc5,0x90,0xec,0x90,0x04,0x9c,0x55,0xc0,0x90,0x35,0x55,0x54,0xaa,
0x55,0x55,0x55,0x51,0x55,0x55,0x55,0x51,0x55,0x55,0x15,0x55,0x14,0x11,0x15,0x55,
0x5a,0xa3,0x11,0x55,0xe0,0x09,0x41,0x55,0xa0,0x0a,0x55,0x55,0xad,0xde,0x55,0x55,
0x09,0x9d,0x55,0x5a,0xa0,0x9a,0x55,0xe0,0xd9,0x90,0x15,0xc9,0xc9,0x99,0xc1,0xa9,
0xe0,0x00,0xa3,0x99,0x5d,0x90,0x99,0x99,0x51,0xa0,0x00,0x9d,0x55,0xe3,0xaa,0x35,
0x99,0x90,0x99,0x35,0x99,0xd0,0x09,0xa5,0x99,0xea,0x99,0x94,0x9d,0x5c,0x99,0x0a,
0x9e,0x55,0xa0,0x09,0x35,0x55,0xc0,0x09,0x55,0x55,0x5a,0x99,0x55,0x55,0x5e,0x3d,
0x53,0x99,0x9a,0x55,0x5a,0x99,0x9d,0x55,0xe9,0x99,0x9c,0x55,0x39,0x09,0x94,0x1c,
0x99,0x09,0x01,0x49,0x99,0x99,0x35,0x49,0x99,0x90,0xe5,0xd9,0xda,0x0d,0x5c,0x99,
0x1a,0x99,0x94,0x10,0x49,0x99,0x01,0x53,0xd9,0x99,0xd1,0x51,0x09,0x99,0x0a,0xa3,
0x99,0x99,0x99,0x99,0x99,0x99,0x0d,0x33,0x99,0x9c,0x15,0x55,0x99,0xa1,0x55,0x55,
0x09,0x9c,0x55,0x5a,0x99,0x90,0x15,0x5c,0x09,0x90,0x35,0x54,0x39,0x00,0x0e,0x51,
0x3a,0x99,0x9a,0x11,0x3c,0x99,0x99,0x31,0x55,0x39,0x99,0x93,0x55,0x5d,0x99,0x99,
0x00,0x99,0x99,0xa1,0x99,0x99,0x99,0x9a,0x99,0x90,0x99,0x99,0x99,0x9a,0x39,0x99,
0x00,0x09,0xcc,0x99,0x09,0x99,0xe5,0xc9,0xd9,0x9a,0x55,0x53,0xcd,0x9c,0x55,0x51,
0x55,0x55,0x54,0x99,0x15,0x55,0x53,0x99,0xa1,0x55,0x5a,0x99,0x9d,0x55,0x10,0x99,
0x99,0x35,0x49,0x99,0x99,0x94,0xc9,0x99,0x99,0x9a,0x39,0x99,0xa9,0x99,0x99,0x99,
0x00,0x45,0x5c,0x90,0x90,0x15,0x5d,0x00,0x9d,0x55,0x50,0x99,0x93,0x55,0xe9,0x99,
0x94,0x55,0xc9,0x99,0x91,0x55,0xd9,0x99,0xa5,0x55,0xa9,0x90,0xd5,0x55,0x09,0x90,
0x00,0xc5,0x3d,0xda,0x0a,0x55,0xd0,0xa0,0x0c,0x55,0xcd,0x00,0x01,0x55,0x51,0x0a,
0xd5,0x55,0x55,0xd9,0xc5,0x55,0x5e,0xd0,0xe5,0x55,0x53,0x90,0x15,0x55,0x55,0xc9,
0xa0,0x00,0x99,0x99,0x00,0x00,0x0d,0x34,0xa4,0x4e,0x55,0x5e,0x01,0x5e,0x43,0xa0,
0x9d,0xd0,0x99,0x0a,0x09,0xad,0x34,0xe1,0x00,0xe5,0x55,0x51,0x09,0xe5,0x54,0x3a,
0x0d,0x45,0x55,0x55,0x15,0x55,0x55,0x55,0x4c,0xe5,0x55,0x55,0x99,0x04,0x55,0x55,
0xd3,0xce,0x55,0x55,0x55,0x55,0x1e,0x44,0xec,0xda,0x00,0x99,0x99,0x99,0x90,0xad,
0x5e,0x99,0x9a,0x55,0x5e,0x99,0x9a,0x15,0x54,0x99,0x9a,0x15,0x5c,0x99,0x9a,0x55,
0x53,0x99,0x9d,0x51,0xca,0x99,0x9d,0x30,0x99,0x99,0x99,0x99,0xa9,0x99,0x99,0x9d,
0x55,0x51,0xd9,0x99,0x55,0x55,0x54,0xa9,0x55,0x55,0x55,0x13,0x55,0x51,0x55,0x55,
0xcd,0xdd,0xde,0x55,0x99,0x90,0x33,0xe5,0x0d,0xce,0x15,0x55,0x44,0x4c,0xcc,0xcc,
0xd1,0x55,0xe3,0x09,0x90,0x45,0x55,0xed,0x09,0x9d,0x15,0x55,0xed,0x99,0x0c,0x55,
0x55,0xc9,0x99,0xa4,0x55,0x54,0x09,0x99,0x55,0x55,0xc9,0x99,0xcc,0xcc,0xa9,0x99,
0x99,0x9a,0xe5,0x39,0x90,0x99,0xa1,0x53,0xed,0x99,0x9e,0x55,0x55,0x4a,0x35,0x55,
0x55,0x55,0x55,0x55,0x31,0x55,0x55,0x55,0x9a,0x15,0x55,0x55,0x99,0xd5,0x55,0x55,
0x90,0x93,0x55,0x55,0x99,0x99,0x35,0x55,0x39,0x99,0x9c,0x55,0x5d,0x99,0x90,0xe5,
0x51,0xa9,0x99,0xd5,0x55,0x49,0x99,0x9e,0x55,0x5c,0x3c,0x45,0x55,0x55,0x55,0x55,
0x55,0x26,0xff,0xff,0x52,0x6f,0xff,0xff,0x2f,0xff,0xff,0xff,0x57,0xff,0xff,0xff,
0x55,0x8f,0xff,0xff,0x55,0xb6,0xff,0xff,0x55,0x5b,0x6f,0xff,0x55,0x55,0x7f,0xff,
0xff,0xf6,0xff,0xff,0xff,0xff,0xff,0xff,0xff,0xff,0xff,0xff,0xff,0xff,0xff,0xff,
0xff,0xff,0xff,0xff,0xff,0xff,0xff,0xff,0xff,0xff,0xff,0xff,0xff,0xff,0xff,0xff,
0xff,0xff,0xff,0xff,0xff,0xff,0xff,0xff,0xff,0xff,0xff,0xff,0xff,0xff,0xff,0xff,
0xff,0xff,0xff,0xff,0xff,0xff,0xff,0xff,0xff,0xff,0xff,0xff,0xff,0xff,0xff,0xff,
0x82,0x55,0x55,0x55,0xff,0x82,0x55,0x55,0xff,0xff,0x82,0x55,0xff,0xff,0xff,0x8b,
0xff,0xff,0xff,0xf6,0xff,0xff,0xff,0xff,0xff,0xff,0xff,0xff,0xff,0xff,0xff,0xff,
0x55,0x55,0x55,0x55,0x55,0x55,0x55,0x55,0x55,0x55,0xb5,0x55,0x55,0x57,0x6b,0x55,
0x22,0x8f,0xf6,0xb5,0xff,0xff,0xff,0x75,0xff,0xff,0xff,0xf7,0xff,0xff,0xff,0xff,
0x1a,0x99,0x9d,0x55,0x54,0xaa,0x34,0x55,0x55,0x55,0x55,0x5b,0x55,0x55,0x55,0x58,
0x55,0x55,0x55,0x58,0x55,0x55,0x55,0x2f,0xb5,0xbb,0x28,0xff,0x66,0x6f,0xff,0xff,
0x55,0x55,0x55,0x55,0x55,0x7b,0x55,0x55,0x5b,0xf7,0xbb,0xbb,0x88,0xff,0xf6,0x66,
0xff,0xff,0xff,0xff,0xff,0xff,0xff,0xff,0xff,0xff,0xff,0xff,0xff,0xff,0xff,0xff,
0x55,0x55,0x22,0x55,0x55,0x55,0x88,0x55,0xb5,0x52,0xff,0x25,0x68,0x86,0xff,0x6b,
0xff,0xff,0xff,0xf6,0xff,0xff,0xff,0xff,0xff,0xff,0xff,0xff,0xff,0xff,0xff,0xff,
0x55,0x40,0x99,0x9c,0x55,0x54,0x09,0x99,0x55,0x55,0x1d,0x99,0x55,0x55,0x55,0x4d,
0xb5,0x55,0x55,0x55,0x62,0x55,0x55,0x55,0xff,0x82,0x55,0x55,0xff,0xff,0x67,0x22,
0x55,0x55,0x55,0x55,0xc5,0x55,0x55,0x55,0x93,0x15,0x55,0x55,0xa0,0xac,0x15,0x55,
0x11,0xe4,0x15,0x55,0x55,0x55,0x55,0x5b,0x55,0x55,0x5b,0x76,0xbb,0x27,0x86,0xff,
0x55,0x55,0x55,0x55,0x55,0x55,0x55,0x55,0x55,0x55,0xb2,0x78,0x5b,0x78,0x6f,0xff,
0xb8,0xff,0xff,0xff,0x6f,0xff,0xff,0xff,0xff,0xff,0xff,0xff,0xff,0xff,0xff,0xff,
0x55,0x55,0x55,0x49,0xb2,0x55,0x55,0x49,0x66,0xbb,0x55,0x49,0xff,0x66,0x25,0x39,
0xff,0xff,0x75,0xa9,0xff,0xff,0x2e,0x09,0xff,0xff,0x23,0x99,0xff,0xf6,0x1a,0x99,
0x99,0x9c,0x55,0xe5,0x99,0x9c,0x55,0x15,0x99,0x9c,0x55,0x5c,0x99,0x9e,0x55,0x39,
0x99,0xa5,0x13,0x99,0x99,0x4e,0xa9,0x99,0x9d,0xc0,0x99,0x93,0x90,0x99,0x9d,0xe5,
0x14,0x09,0x99,0x93,0xc0,0x99,0x90,0xc5,0x09,0x99,0x04,0x55,0x99,0x9d,0x15,0x55,
0x99,0x35,0x55,0x55,0xa4,0x55,0x55,0x55,0x15,0x55,0x55,0x55,0x55,0x55,0x55,0xb8,
0x55,0x55,0x55,0x55,0x55,0x55,0x55,0x55,0x55,0x55,0x55,0x55,0x55,0x52,0x55,0x55,
0x55,0x2f,0x8b,0x55,0x52,0xff,0xf6,0x87,0x7f,0xff,0xff,0xff,0xff,0xff,0xff,0xff,
0x55,0x55,0x55,0x52,0x55,0x55,0x55,0x57,0x55,0x55,0x55,0xb6,0x55,0x55,0x55,0x7f,
0x55,0x55,0xb7,0xff,0x78,0x88,0x6f,0xff,0xff,0xff,0xff,0xff,0xff,0xff,0xff,0xff,
0xb5,0x55,0x55,0x55,0x25,0x55,0x55,0x55,0x75,0x55,0x55,0x55,0x6b,0x55,0x55,0x55,
0xf6,0x25,0x55,0x55,0xff,0xf6,0x87,0x78,0xff,0xff,0xff,0xff,0xff,0xff,0xff,0xff,
0x55,0x55,0x55,0x55,0x55,0x55,0x55,0x55,0x55,0x57,0x55,0x55,0x55,0x7f,0x25,0x55,
0xb7,0xff,0x6b,0x55,0x6f,0xff,0xf6,0x88,0xff,0xff,0xff,0xff,0xff,0xff,0xff,0xff,
0x51,0xe1,0x40,0x99,0x55,0x5e,0x09,0x99,0x55,0x51,0xee,0x4c,0x55,0x55,0x55,0x55,
0x55,0x55,0x55,0x55,0x87,0x22,0x5b,0xb5,0xff,0xff,0x68,0x67,0xff,0xff,0xff,0xff,
0x99,0xc5,0x55,0x55,0x9a,0x55,0x55,0x55,0x33,0x55,0x55,0x55,0x55,0x55,0x55,0x55,
0x55,0x55,0x55,0xb8,0x55,0x55,0x55,0x7f,0xb5,0x55,0x5b,0x6f,0xf6,0x68,0x27,0xff,
0x55,0x51,0xd9,0x09,0x55,0x55,0x53,0x99,0x55,0x55,0x55,0x4d,0x2b,0x55,0x55,0x55,
0xff,0x8b,0x55,0x55,0xff,0xf6,0x25,0x55,0xff,0xff,0xf8,0x25,0xff,0xff,0xff,0xf8,
0x9c,0x31,0x55,0x55,0x09,0x31,0x55,0x55,0x99,0x90,0xc1,0x55,0x43,0x3c,0xce,0x55,
0x55,0x55,0x55,0x55,0x55,0x55,0x55,0x55,0x55,0x55,0x55,0x55,0x2b,0x55,0x55,0x55,
0x49,0x99,0x99,0x99,0x5d,0x99,0x99,0x99,0x5e,0x99,0x99,0x99,0x55,0xc3,0x3a,0x09,
0x55,0x55,0x55,0xe3,0x55,0x55,0x55,0x55,0x55,0x55,0x55,0x55,0xbb,0x55,0x55,0x55,
0x35,0x55,0x09,0x9a,0xc5,0x55,0x09,0x9a,0x45,0x55,0xa9,0x99,0x15,0x55,0xd9,0x99,
0x15,0x55,0x49,0x99,0x55,0x55,0x5c,0xce,0x55,0x55,0x55,0x55,0x55,0x55,0x55,0x55,
0x55,0x55,0x55,0xe0,0x41,0x55,0x55,0xe0,0x90,0xdc,0x55,0xe9,0x90,0xae,0x55,0x49,
0x09,0x45,0x55,0x4a,0x1e,0x55,0x55,0x51,0x55,0x55,0x55,0x55,0x55,0x55,0x55,0x55,
0x09,0xcc,0xa9,0x99,0x99,0x09,0x99,0x9a,0x99,0x09,0x9a,0xc1,0x90,0x09,0x31,0x55,
0x09,0x0c,0x55,0x55,0x14,0xe5,0x55,0x55,0x55,0x55,0x55,0x55,0x55,0x55,0x55,0x55,
0x90,0xd3,0x41,0x55,0xce,0x55,0x55,0x55,0x55,0x55,0x55,0x55,0x55,0x55,0x55,0x55,
0x55,0x55,0x55,0x55,0x55,0x55,0x55,0x55,0x55,0x55,0x55,0x55,0x55,0x55,0x55,0x22,
0xa9,0x99,0x99,0x90,0xe4,0xca,0x99,0xad,0x55,0x55,0x4e,0x15,0x55,0x55,0x55,0x55,
0x55,0x55,0x55,0x55,0x55,0x55,0x55,0x55,0x55,0x55,0x55,0x55,0x55,0x55,0x55,0x55,
0x99,0x99,0x99,0x99,0x3c,0xc4,0x44,0x4c,0x55,0x55,0x55,0x55,0x55,0x55,0x55,0x55,
0x55,0x55,0x55,0x55,0x55,0x55,0x55,0x55,0x55,0x55,0x55,0x55,0x55,0x55,0x55,0x55,
0x99,0x99,0x99,0x99,0xcc,0xc3,0x33,0x3c,0x55,0x55,0x55,0x55,0x55,0x55,0x55,0x55,
0x55,0x55,0x55,0x55,0x55,0x55,0x55,0x55,0x55,0x55,0x55,0x55,0x55,0x55,0x55,0x55,
0x90,0x35,0x55,0x55,0x4e,0x55,0x55,0x55,0x55,0x55,0x55,0x55,0x55,0x55,0x55,0x55,
0x55,0x55,0x55,0x55,0x55,0x55,0x55,0x55,0x55,0x55,0x55,0x55,0x55,0x55,0x55,0x55,
0x55,0x55,0x55,0x55,0x55,0x55,0x55,0x55,0x55,0x5b,0xb5,0x55,0x55,0x5b,0x85,0xb7,
0x55,0x5b,0x68,0x6f,0x55,0x5b,0xff,0xff,0x55,0x58,0xff,0xff,0x52,0x8f,0xff,0xff,
0x55,0x55,0xb6,0xff,0x55,0x5b,0x26,0xff,0x52,0x86,0xff,0xff,0x6f,0xff,0xff,0xff,
0xff,0xff,0xff,0xff,0xff,0xff,0xff,0xff,0xff,0xff,0xff,0xff,0xff,0xff,0xff,0xff,
0xff,0xff,0xff,0xff,0xff,0xff,0xff,0xff,0xff,0xff,0xff,0xff,0xff,0xff,0xff,0xff,
0xff,0xff,0xff,0xff,0xff,0xff,0xff,0xff,0xff,0xff,0xff,0xff,0xff,0xff,0xff,0xff,
0xff,0xff,0xff,0xff,0xff,0xff,0xff,0xff,0xff,0xff,0xff,0xff,0xff,0xff,0xff,0xff,
0xff,0xff,0xff,0xff,0xff,0xff,0xff,0xff,0xff,0xff,0xff,0xff,0xff,0xff,0xff,0xff,
0xff,0xff,0xff,0xff,0xff,0xff,0xff,0xff,0xff,0xff,0xff,0xff,0xff,0xff,0xff,0xff,
0xff,0xff,0xff,0xff,0xff,0xff,0xff,0xff,0xff,0xff,0xff,0xff,0xff,0xff,0xff,0xff,
0xff,0xff,0xff,0xff,0xff,0xff,0xff,0xff,0xff,0xff,0xff,0xff,0xff,0xff,0xff,0xff,
0xff,0xff,0xff,0xff,0xff,0xff,0xff,0xff,0xff,0xff,0xff,0xff,0xff,0xff,0xff,0xff,
0xff,0xff,0xff,0xff,0xff,0xff,0xff,0xff,0xff,0xff,0xff,0xff,0xff,0xff,0xff,0xff,
0xff,0xff,0xff,0xff,0xff,0xff,0xff,0xff,0xff,0xff,0xff,0xff,0xff,0xff,0xff,0xff,
0xff,0xff,0xff,0xff,0xff,0xff,0xff,0xff,0xff,0xff,0xff,0xff,0xff,0xff,0xff,0xff,
0xff,0xff,0xff,0xff,0xff,0xff,0xff,0xff,0xff,0xff,0xff,0xff,0xff,0xff,0xff,0xff,
0xff,0xff,0xff,0xff,0xff,0xff,0xff,0xff,0xff,0xff,0xff,0xff,0xff,0xff,0xff,0xff,
0xff,0xff,0xff,0xff,0xff,0xff,0xff,0xff,0xff,0xff,0xff,0xff,0xff,0xff,0xff,0xff,
0xff,0xff,0xff,0xff,0xff,0xff,0xff,0xff,0xff,0xff,0xff,0xff,0xff,0xff,0xff,0xff,
0xff,0xff,0xff,0xff,0xff,0xff,0xff,0xff,0xff,0xff,0xff,0xff,0xff,0xff,0xff,0xff,
0xff,0xff,0xff,0xff,0xff,0xff,0xff,0xff,0xff,0xff,0xff,0xff,0xff,0xff,0xff,0xff,
0xff,0xff,0xff,0xff,0xff,0xff,0xff,0xff,0xff,0xff,0xff,0xff,0xff,0xff,0xff,0xff,
0xff,0xff,0xff,0xff,0xff,0xff,0xff,0xff,0xff,0xff,0xff,0xff,0xff,0xff,0xff,0xff,
0xff,0xff,0xff,0xff,0xff,0xff,0xff,0xff,0xff,0xff,0xff,0xff,0xff,0xff,0xff,0xff,
0xff,0xf7,0xc9,0x99,0xff,0x6b,0xa9,0x99,0xff,0x75,0x4d,0x09,0xf6,0xb5,0x55,0x1c,
0xf6,0x55,0x55,0x55,0xf8,0x55,0x55,0x55,0xf8,0xb5,0x55,0x55,0xff,0x67,0x2b,0x55,
0x99,0x90,0xc5,0x55,0x90,0x31,0x55,0x55,0x0e,0x55,0x55,0x55,0xe5,0x55,0x55,0x55,
0x55,0x55,0x55,0x57,0x55,0x55,0x52,0x6f,0x55,0xb2,0x8f,0xff,0x57,0x6f,0xff,0xff,
0x55,0x55,0x52,0x6f,0x55,0x5b,0x7f,0xff,0x55,0x26,0xff,0xff,0xb8,0xff,0xff,0xff,
0x6f,0xff,0xff,0xff,0xff,0xff,0xff,0xff,0xff,0xff,0xff,0xff,0xff,0xff,0xff,0xff,
0xff,0xff,0xff,0xff,0xff,0xff,0xff,0xff,0xff,0xff,0xff,0xff,0xff,0xff,0xff,0xff,
0xff,0xff,0xff,0xff,0xff,0xff,0xff,0xff,0xff,0xff,0xff,0xff,0xff,0xff,0xff,0xff,
0xff,0xff,0xff,0xff,0xff,0xff,0xff,0xff,0xff,0xff,0xff,0xff,0xff,0xff,0xff,0xff,
0xff,0xff,0xff,0xff,0xff,0xff,0xff,0xff,0xff,0xff,0xff,0xff,0xff,0xff,0xff,0xff,
0xff,0xff,0xff,0xff,0xff,0xff,0xff,0xff,0xff,0xff,0xff,0xff,0xff,0xff,0xff,0xff,
0xff,0xff,0xff,0xff,0xff,0xff,0xff,0xff,0xff,0xff,0xff,0xff,0xff,0xff,0xff,0xff,
0xff,0xff,0xff,0xff,0xff,0xff,0xff,0xff,0xff,0xff,0xff,0xff,0xff,0xff,0xff,0xff,
0xff,0xff,0xff,0xff,0xff,0xff,0xff,0xff,0xff,0xff,0xff,0xff,0xff,0xff,0xff,0xff,
0xff,0xff,0xff,0xff,0xff,0xff,0xff,0xff,0xff,0xff,0xff,0xff,0xff,0xff,0xff,0xff,
0xff,0xff,0xff,0xff,0xff,0xff,0xff,0xff,0xff,0xff,0xff,0xff,0xff,0xff,0xff,0xff,
0xff,0xff,0xff,0xff,0xff,0xff,0xff,0xff,0xff,0xff,0xff,0xff,0xff,0xff,0xff,0xff,
0xff,0xff,0xff,0xff,0xff,0xff,0xff,0xff,0xff,0xff,0xff,0xff,0xff,0xff,0xff,0xff,
0xff,0xff,0xff,0xff,0xff,0xff,0xff,0xff,0xff,0xff,0xff,0xff,0xff,0xff,0xff,0xff,
0xff,0xff,0xff,0xff,0xff,0xff,0xff,0xff,0xff,0xff,0xff,0xff,0xff,0xff,0xff,0xff,
0xf6,0x87,0x2b,0x52,0xff,0xff,0xf6,0x6f,0xff,0xff,0xff,0xff,0xff,0xff,0xff,0xff,
0xff,0xff,0xff,0xff,0xff,0xff,0xff,0xff,0xff,0xff,0xff,0xff,0xff,0xff,0xff,0xff,
0x66,0x22,0x25,0x55,0xff,0xff,0xf6,0x87,0xff,0xff,0xff,0xff,0xff,0xff,0xff,0xff,
0xff,0xff,0xff,0xff,0xff,0xff,0xff,0xff,0xff,0xff,0xff,0xff,0xff,0xff,0xff,0xff,
0x55,0x55,0x55,0x55,0x72,0x2b,0x55,0x55,0xff,0xf6,0x8b,0x55,0xff,0xff,0xf7,0x57,
0xff,0xff,0xf6,0x2f,0xff,0xff,0xff,0x6f,0xff,0xff,0xff,0xff,0xff,0xff,0xff,0xff,
0x55,0x55,0x55,0x55,0x55,0x55,0x55,0x55,0x55,0x55,0x55,0x55,0x77,0x77,0xb5,0x55,
0xff,0xff,0x25,0x55,0xff,0xff,0x85,0x52,0xff,0xff,0xf2,0xb6,0xff,0xff,0xf8,0x58,
0x5b,0xbb,0x55,0x55,0x58,0xf8,0x55,0x55,0xb6,0xf6,0xb5,0x55,0x2f,0xff,0x25,0x55,
0x8f,0xff,0x75,0x55,0xff,0xff,0x62,0x55,0xff,0xff,0xf8,0x55,0xff,0xff,0xf6,0x25,
0x55,0x55,0x57,0x8b,0x55,0x55,0x55,0x55,0x55,0x55,0x55,0x55,0x55,0x55,0x55,0x55,
0x55,0x55,0x55,0x55,0x55,0xb5,0x55,0x5b,0x55,0xb6,0x77,0x86,0x55,0x58,0xff,0xff,
0x55,0x55,0x55,0x55,0x55,0x55,0x55,0x55,0x55,0x55,0x55,0x55,0x52,0x25,0x55,0x55,
0xb8,0xf7,0x55,0xbb,0x8f,0xf6,0xb5,0x82,0xff,0xff,0x2b,0x68,0xff,0xff,0x22,0xf6,
0x55,0x55,0xb2,0x78,0x55,0x58,0xff,0xff,0x55,0x57,0xff,0xff,0x55,0x55,0x8f,0xff,
0x55,0x55,0xb6,0xff,0xb5,0x55,0x5b,0x6f,0xb5,0x55,0x55,0x26,0x7b,0x55,0x55,0x52,
0x86,0x68,0xb5,0x55,0xff,0xf6,0xb5,0x55,0xff,0xf6,0x55,0x55,0xff,0xf7,0x55,0x55,
0xff,0xf7,0x55,0x55,0xff,0xfb,0x55,0x55,0xff,0x85,0x55,0x5b,0x6f,0x25,0x55,0x52,
0x52,0x77,0x7b,0x55,0x58,0xff,0xf2,0x55,0xb6,0xff,0xf8,0x55,0x2f,0xff,0xf6,0xb5,
0x7f,0xff,0xff,0x25,0x8f,0xff,0xff,0x85,0x6f,0xff,0xff,0xf2,0xff,0xff,0xff,0xf8,
0x57,0xff,0xff,0xff,0x55,0x6f,0xff,0xff,0x55,0x7f,0xff,0xff,0x55,0xb8,0x66,0xff,
0x55,0x55,0x55,0x7f,0x55,0x55,0x55,0x2f,0x55,0x55,0x55,0xb6,0x55,0x55,0x55,0xb8,
0xff,0xff,0xff,0xff,0xff,0xff,0xff,0xff,0xff,0xff,0xff,0xff,0xff,0xff,0xff,0xff,
0xff,0xff,0xff,0xff,0xff,0xff,0xff,0xff,0xff,0xff,0xff,0xff,0xff,0xff,0xff,0xff,
0xff,0xff,0xff,0xff,0xff,0xff,0xff,0xff,0xff,0xff,0xff,0xff,0xff,0xff,0xff,0xff,
0xff,0xff,0xff,0xff,0xff,0xff,0xff,0xff,0xff,0xff,0xff,0xff,0xff,0xff,0xff,0xff,
0xff,0xff,0xff,0xff,0xff,0xff,0xff,0xff,0xff,0xff,0xff,0xff,0xff,0xff,0xff,0xff,
0xff,0xff,0xff,0xff,0xff,0xff,0xff,0xff,0xff,0xff,0xff,0xff,0xff,0xff,0xff,0xff,
0xff,0xff,0xff,0xff,0xff,0xff,0xff,0xff,0xff,0xff,0xff,0xff,0xff,0xff,0xff,0xff,
0xff,0xff,0xff,0xff,0xff,0xff,0xff,0xff,0xff,0xff,0xff,0xff,0xff,0xff,0xff,0xff,
0xff,0xff,0xff,0xff,0xff,0xff,0xff,0xff,0xff,0xff,0xff,0xff,0xff,0xff,0xff,0xff,
0xff,0xff,0xff,0xff,0xff,0xff,0xff,0xff,0xff,0xff,0xff,0xff,0xff,0xff,0xff,0xff,
0xff,0xff,0xff,0xff,0xff,0xff,0xff,0xff,0xff,0xff,0xff,0xff,0xff,0xff,0xff,0xff,
0xff,0xff,0xff,0xff,0xff,0xff,0xff,0xff,0xff,0xff,0xff,0xff,0xff,0xff,0xff,0xff,
0xff,0xff,0xff,0xff,0xff,0xff,0xff,0xff,0xff,0xff,0xff,0xff,0xff,0xff,0xff,0xff,
0xff,0xff,0xff,0xff,0xff,0xff,0xff,0xff,0xff,0xff,0xff,0xff,0xff,0xff,0xff,0xff,
0xff,0xff,0xff,0xff,0xff,0xff,0xff,0xff,0xff,0xff,0xff,0xff,0xff,0xff,0xff,0xff,
0xff,0xff,0xff,0xff,0xff,0xff,0xff,0xff,0xff,0xff,0xff,0xff,0xff,0xff,0xff,0xff,
0xff,0xff,0xff,0xff,0xff,0xff,0xff,0xff,0xff,0xff,0xff,0xff,0xff,0xff,0xff,0xff,
0xff,0xff,0xff,0xff,0xff,0xff,0xff,0xff,0xff,0xff,0xff,0xff,0xff,0xff,0xff,0xff,
0xff,0xff,0xff,0xff,0xff,0xff,0xff,0xff,0xff,0xff,0xff,0xff,0xff,0xff,0xff,0xff,
0xff,0xff,0xff,0xff,0xff,0xff,0xff,0xff,0xff,0xff,0xff,0xff,0xff,0xff,0xff,0xff,
0xff,0xff,0xff,0xff,0xff,0xff,0xff,0xff,0xff,0xff,0xff,0xff,0xff,0xff,0xff,0xff,
0xff,0xff,0xff,0xff,0xff,0xff,0xff,0xff,0xff,0xff,0xff,0xff,0xff,0xff,0xff,0xff,
0xff,0xff,0xf6,0x72,0xff,0xff,0xff,0xff,0xff,0xff,0xff,0xff,0xff,0xff,0xff,0xff,
0xff,0xff,0xff,0xff,0xff,0xff,0xff,0xff,0xff,0xff,0xff,0xff,0xff,0xff,0xff,0xff,
0x8f,0xff,0xff,0xff,0xff,0xff,0xff,0xff,0xff,0xff,0xff,0xff,0xff,0xff,0xff,0xff,
0xff,0xff,0xff,0xff,0xff,0xff,0xff,0xff,0xff,0xff,0xff,0xff,0xff,0xff,0xff,0xff,
0xff,0xff,0xff,0xff,0xff,0xff,0xff,0xff,0xff,0xff,0xff,0xff,0xff,0xff,0xff,0xff,
0xff,0xff,0xff,0xff,0xff,0xff,0xff,0xff,0xff,0xff,0xff,0xff,0xff,0xff,0xff,0xff,
0xff,0xff,0xff,0xff,0xff,0xff,0xff,0xff,0xff,0xff,0xff,0xff,0xff,0xff,0xff,0xff,
0xff,0xff,0xff,0xff,0xff,0xff,0xff,0xff,0xff,0xff,0xff,0xff,0xff,0xff,0xff,0xff,
0xff,0xff,0xff,0xff,0xff,0xff,0xff,0xff,0xff,0xff,0xff,0xff,0xff,0xff,0xff,0xff,
0xff,0xff,0xff,0xff,0xff,0xff,0xff,0xff,0xff,0xff,0xff,0xff,0xff,0xff,0xff,0xff,
0xff,0xff,0xff,0xff,0xff,0xff,0xff,0xff,0xff,0xff,0xff,0xff,0xff,0xff,0xff,0xff,
0xff,0xff,0xff,0xff,0xff,0xff,0xff,0xff,0xff,0xff,0xff,0xff,0xff,0xff,0xff,0xff,
0xff,0xff,0xff,0xff,0xff,0xff,0xff,0xff,0xff,0xff,0xff,0xff,0xff,0xff,0xff,0xff,
0xff,0xff,0xff,0xff,0xff,0xff,0xff,0xff,0xff,0xff,0xff,0xff,0xff,0xff,0xff,0xff,
0xff,0xff,0xff,0xff,0xff,0xff,0xff,0xff,0xff,0xff,0xff,0xff,0xff,0xff,0xff,0xff,
0xff,0xff,0xff,0xff,0xff,0xff,0xff,0xff,0xff,0xff,0xff,0xff,0xff,0xff,0xff,0xff,
0xff,0xff,0xff,0xff,0xff,0xff,0xff,0xff,0xff,0xff,0xff,0xff,0xff,0xff,0xff,0xff,
0xff,0xff,0xff,0xff,0xff,0xff,0xff,0xff,0xff,0xff,0xff,0xff,0xff,0xff,0xff,0xff,
0xff,0xff,0xff,0xff,0xff,0xff,0xff,0xff,0xff,0xff,0xff,0xff,0xff,0xff,0xff,0xff,
0xff,0xff,0xff,0xff,0xff,0xff,0xff,0xff,0xff,0xff,0xff,0xff,0xff,0xff,0xff,0xff,
0xff,0xff,0xff,0xff,0xff,0xff,0xff,0xff,0xff,0xff,0xff,0xff,0xff,0xff,0xff,0xff,
0xff,0xff,0xff,0xff,0xff,0xff,0xff,0xff,0xff,0xff,0xff,0xff,0xff,0xff,0xff,0xff,
0xff,0xff,0xff,0xff,0xff,0xff,0xff,0xff,0xff,0xff,0xff,0xff,0xff,0xff,0xff,0xff,
0xff,0xff,0xff,0xff,0xff,0xff,0xff,0xff,0xff,0xff,0xff,0xff,0xff,0xff,0xff,0xff,
0xff,0xff,0xff,0xff,0xff,0xff,0xff,0xff,0xff,0xff,0xff,0xff,0xff,0xff,0xff,0xff,
0xff,0xff,0xff,0xff,0xff,0xff,0xff,0xff,0xff,0xff,0xff,0xff,0xff,0xff,0xff,0xff,
0xff,0xff,0xf7,0x58,0xff,0xff,0xf8,0x58,0xff,0xff,0xf8,0x57,0xff,0xff,0xf6,0x26,
0xff,0xff,0xff,0xff,0xff,0xff,0xff,0xff,0xff,0xff,0xff,0xff,0xff,0xff,0xff,0xff,
0xff,0xff,0xff,0x82,0xff,0xff,0xff,0xf6,0xff,0xff,0xff,0xff,0xff,0xff,0xff,0xff,
0xff,0xff,0xff,0xff,0xff,0xff,0xff,0xff,0xff,0xff,0xff,0xff,0xff,0xff,0xff,0xff,
0xb5,0x5b,0x6f,0xff,0x2b,0xb8,0xff,0xff,0x8b,0x2f,0xff,0xff,0x68,0x6f,0xff,0xff,
0xff,0xff,0xff,0xff,0xff,0xff,0xff,0xff,0xff,0xff,0xff,0xff,0xff,0xff,0xff,0xff,
0xff,0xff,0x72,0xff,0xff,0xff,0x7b,0xff,0xff,0xff,0x72,0xff,0xff,0xff,0x66,0xff,
0xff,0xff,0xff,0xff,0xff,0xff,0xff,0xff,0xff,0xff,0xff,0xff,0xff,0xff,0xff,0xff,
0xf7,0x55,0x55,0x55,0xf6,0x25,0x55,0x55,0xff,0x62,0x55,0x55,0xff,0xf6,0x25,0x55,
0xff,0xff,0xf7,0x55,0xff,0xff,0xff,0x8b,0xff,0xff,0xff,0xf6,0xff,0xff,0xff,0xff,
0xb2,0x55,0x55,0x56,0x55,0x55,0x55,0x2f,0x55,0x55,0x55,0x8f,0x55,0x55,0x57,0xff,
0x55,0x55,0x2f,0xff,0x55,0x5b,0x6f,0xff,0x87,0x76,0xff,0xff,0xff,0xff,0xff,0xff,
0xff,0xff,0xff,0xff,0xff,0xff,0xff,0xff,0xff,0xff,0xff,0xff,0xff,0xff,0xff,0xff,
0xff,0xff,0xff,0xff,0xff,0xff,0xff,0xff,0xff,0xff,0xff,0xff,0xff,0xff,0xff,0xff,
0x25,0x55,0x55,0x2f,0x62,0x55,0x55,0x8f,0xf6,0x72,0x28,0xff,0xff,0xff,0xff,0xff,
0xff,0xff,0xff,0xff,0xff,0xff,0xff,0xff,0xff,0xff,0xff,0xff,0xff,0xff,0xff,0xff,
0xff,0xff,0xff,0xff,0xff,0xff,0xff,0xff,0xff,0xff,0xff,0xff,0xff,0xff,0xff,0xff,
0xff,0xff,0xff,0xff,0xff,0xff,0xff,0xff,0xff,0xff,0xff,0xff,0xff,0xff,0xff,0xff,
0xbb,0xbb,0xbb,0xbb,0xbb,0xbb,0xbb,0xbb,0xbb,0xbb,0x90,0xdd,0xbb,0xbb,0x84,0x44,
0xbb,0xbb,0xd4,0x40,0xbb,0xbb,0x74,0x00,0xbb,0xb8,0x74,0x00,0xbb,0xbd,0x74,0x44,
0xbb,0xbb,0xbb,0xbb,0xbb,0xbb,0xbb,0xbb,0xdd,0xdd,0xdd,0xdd,0x00,0x44,0x44,0x47,
0x00,0x04,0x44,0x44,0x44,0x44,0x44,0x44,0x44,0x44,0x44,0x44,0x44,0x44,0x77,0x44,
0xbb,0xbb,0xbb,0xbb,0xbb,0xbb,0xbb,0xbb,0xdd,0xdb,0xbb,0xbb,0x77,0x79,0xbb,0xbb,
0x47,0x78,0xbb,0xbb,0x47,0x7d,0xbb,0xbb,0x47,0x77,0x9b,0xb9,0x47,0x77,0x8b,0xbe,
0xbb,0xbb,0xbb,0xbb,0xbb,0xbb,0xbb,0xbb,0xbe,0x22,0x22,0x22,0x95,0x55,0x55,0x52,
0xe2,0x55,0x55,0x55,0x22,0x55,0x55,0x55,0x2a,0x55,0x55,0x22,0xaa,0x55,0x52,0x2a,
0xbb,0xbb,0xbb,0xbb,0xbb,0xbb,0xbb,0xbb,0x22,0x22,0x22,0x29,0xaa,0xaa,0xac,0xc8,
0x52,0x2a,0xaa,0xcc,0x22,0xaa,0xaa,0xcc,0x22,0xaa,0xaa,0xcc,0xaa,0xaa,0xaa,0xcc,
0xbb,0xbb,0xbb,0xbb,0xbb,0xbb,0xbb,0xbb,0xbb,0xbb,0xbe,0xc1,0xbb,0xbb,0xb3,0x13,
0xbb,0xbb,0x93,0x11,0x9b,0xbb,0x83,0x11,0x8b,0xbb,0x33,0x11,0xdb,0xb9,0x33,0x11,
0xbb,0xbb,0xbb,0xbb,0xbb,0xbb,0xbb,0xbb,0x31,0x33,0xd3,0x33,0x11,0x11,0x13,0x33,
0x11,0x11,0x11,0x13,0x11,0x11,0x11,0x33,0x11,0x13,0x33,0x33,0x11,0x13,0x33,0x33,
0xbb,0xbb,0xbb,0xbb,0xbb,0xbb,0xbb,0xbb,0x33,0xd8,0xbb,0xbb,0x33,0x36,0xbb,0xbb,
0x33,0x36,0x9b,0xbb,0x33,0x36,0x8b,0xbb,0x13,0x36,0x6b,0xbb,0x33,0x36,0x69,0xbb,
0xbb,0x97,0x74,0x44,0xbb,0x87,0x74,0x44,0xbb,0xd7,0x74,0x44,0xb9,0x77,0x74,0x44,
0xff,0xff,0xff,0xff,0xff,0xff,0xff,0xff,0xff,0xff,0xff,0xff,0xbb,0xbb,0xbb,0xbb,
0x44,0x47,0x77,0x77,0x44,0x77,0x77,0x77,0x47,0x77,0x77,0x77,0x77,0x77,0x77,0x77,
0xff,0xff,0xff,0xff,0xff,0xff,0xff,0xff,0xff,0xff,0xff,0xff,0xbb,0xbb,0xbb,0xbb,
0x44,0x77,0x7b,0xba,0x74,0x77,0xf9,0x9a,0x74,0x77,0x78,0xec,0x77,0x77,0x76,0xac,
0xff,0xff,0xff,0xff,0xff,0xff,0xff,0xff,0xff,0xff,0xff,0xff,0xbb,0xbb,0xbb,0xbb,
0xaa,0x55,0x52,0xaa,0xca,0x55,0x22,0xaa,0xca,0x22,0x2a,0xaa,0xca,0xaa,0xaa,0xcc,
0xff,0xff,0xff,0xff,0xff,0xff,0xff,0xff,0xff,0xff,0xff,0xff,0xbb,0xbb,0xbb,0xbb,
0xaa,0xaa,0xaa,0xac,0xaa,0xcc,0xaa,0xac,0xcc,0xcc,0xca,0xac,0xcc,0xcc,0xcc,0xcc,
0xff,0xff,0xff,0xff,0xff,0xff,0xff,0xff,0xff,0xff,0xff,0xff,0xbb,0xbb,0xbb,0xbb,
0xc9,0xb8,0x63,0x11,0x68,0xb6,0x63,0x11,0xc6,0x96,0x33,0x11,0xc6,0xd3,0x33,0x31,
0xff,0xff,0xff,0xff,0xff,0xff,0xff,0xff,0xff,0xff,0xff,0xff,0xbb,0xbb,0xbb,0xbb,
0x11,0x33,0x33,0x33,0x11,0x33,0x33,0x33,0x13,0x33,0x33,0x33,0x33,0x33,0x66,0x66,
0xff,0xff,0xff,0xff,0xff,0xff,0xff,0xff,0xff,0xff,0xff,0xff,0xbb,0xbb,0xbb,0xbb,
0x33,0x33,0x68,0xbb,0x33,0x33,0x66,0xbb,0x33,0x33,0x66,0x9b,0x63,0x33,0x66,0x8b,
0xff,0xff,0xff,0xff,0xff,0xff,0xff,0xff,0xff,0xff,0xff,0xff,0xbb,0xbb,0xbb,0xbb,
0x00,0x00,0x00,0x00,0x00,0x00,0x00,0x00,0x00,0x00,0x00,0x01,0x02,0x03,0x00,0x02,
0x00,0x00,0x00,0x02,0x0c,0x08,0x00,0x0c,0x00,0x00,0x00,0x00,0x00,0x00,0x00,0x00,
0x00,0x00,0x00,0x00,0x00,0x00,0x00,0x00,0x02,0x00,0x01,0x02,0x02,0x02,0x02,0x02,
0x0c,0x00,0x02,0x0c,0x0c,0x0c,0x0c,0x0c,0x00,0x00,0x00,0x00,0x00,0x00,0x00,0x00,
0x00,0x00,0x00,0x00,0x00,0x00,0x00,0x00,0x00,0x02,0x02,0x02,0x02,0x02,0x02,0x02,
0x00,0x08,0x08,0x08,0x08,0x08,0x08,0x08,0x00,0x00,0x00,0x00,0x00,0x00,0x00,0x00,
0x00,0x00,0x00,0x00,0x00,0x00,0x00,0x00,0x02,0x02,0x00,0x01,0x02,0x02,0x02,0x02,
0x08,0x08,0x00,0x02,0x0c,0x0c,0x0c,0x0c,0x00,0x00,0x00,0x00,0x00,0x00,0x00,0x00,
0x00,0x00,0x00,0x00,0x00,0x00,0x00,0x00,0x02,0x00,0x01,0x02,0x03,0x00,0x04,0x05,
0x0c,0x00,0x02,0x0c,0x08,0x00,0x01,0x05,0x00,0x00,0x00,0x00,0x00,0x00,0x05,0x01,
0x00,0x00,0x00,0x00,0x00,0x00,0x00,0x00,0x05,0x06,0x00,0x03,0x07,0x01,0x00,0x00,
0x09,0x0d,0x00,0x05,0x07,0x00,0x00,0x00,0x0a,0x02,0x00,0x01,0x0c,0x0c,0x08,0x00,
0x00,0x00,0x00,0x00,0x00,0x00,0x00,0x00,0x03,0x08,0x00,0x00,0x00,0x08,0x03,0x00,
0x09,0x0c,0x0a,0x00,0x03,0x0c,0x05,0x00,0x04,0x0e,0x0c,0x0e,0x0c,0x0f,0x06,0x00,
0x00,0x00,0x00,0x00,0x00,0x00,0x00,0x00,0x00,0x08,0x01,0x09,0x04,0x00,0x00,0x00,
0x08,0x0c,0x0c,0x0c,0x07,0x0a,0x0e,0x02,0x08,0x0d,0x08,0x0b,0x07,0x0c,0x0c,0x01,
0x00,0x00,0x00,0x00,0x00,0x00,0x00,0x00,0x00,0x00,0x03,0x0a,0x00,0x00,0x00,0x08,
0x04,0x00,0x0a,0x0c,0x0f,0x01,0x07,0x0c,0x00,0x00,0x00,0x06,0x02,0x0c,0x0e,0x08,
0x00,0x00,0x00,0x00,0x00,0x00,0x00,0x00,0x0b,0x00,0x01,0x01,0x01,0x01,0x01,0x01,
0x01,0x00,0x0c,0x0c,0x0c,0x0c,0x0c,0x0c,0x00,0x00,0x0c,0x0c,0x0c,0x0c,0x0c,0x0c,
0x00,0x00,0x00,0x00,0x00,0x00,0x00,0x00,0x01,0x01,0x01,0x00,0x00,0x00,0x04,0x00,
0x0c,0x0c,0x0c,0x00,0x00,0x01,0x0f,0x06,0x0c,0x0c,0x0c,0x00,0x09,0x0f,0x01,0x06,
0x00,0x00,0x00,0x00,0x00,0x00,0x00,0x00,0x00,0x01,0x01,0x01,0x01,0x01,0x00,0x06,
0x00,0x0c,0x0c,0x0c,0x0c,0x0c,0x00,0x01,0x00,0x0c,0x0c,0x0c,0x0c,0x0c,0x00,0x01,
0x00,0x00,0x00,0x00,0x00,0x00,0x00,0x00,0x08,0x08,0x06,0x00,0x06,0x01,0x01,0x0a,
0x0c,0x0c,0x01,0x00,0x08,0x0c,0x0c,0x02,0x0c,0x0c,0x01,0x00,0x08,0x0c,0x0c,0x02,
0x00,0x00,0x00,0x00,0x00,0x00,0x00,0x00,0x00,0x00,0x00,0x00,0x0b,0x04,0x00,0x01,
0x00,0x00,0x06,0x02,0x0c,0x01,0x00,0x0c,0x00,0x0b,0x0c,0x0c,0x07,0x01,0x00,0x0c,
0x00,0x00,0x00,0x00,0x00,0x00,0x00,0x00,0x01,0x01,0x01,0x01,0x01,0x01,0x01,0x01,
0x0c,0x0c,0x0c,0x0c,0x0c,0x0c,0x0c,0x0c,0x0c,0x0c,0x0c,0x0c,0x0c,0x0c,0x0c,0x0c,
0x00,0x00,0x00,0x00,0x00,0x00,0x00,0x00,0x01,0x01,0x01,0x01,0x01,0x01,0x01,0x01,
0x0c,0x0c,0x0c,0x0c,0x0c,0x0c,0x0c,0x0c,0x0c,0x0c,0x0c,0x0c,0x0c,0x0c,0x0c,0x0c,
0x00,0x00,0x00,0x00,0x00,0x00,0x00,0x00,0x01,0x00,0x01,0x01,0x01,0x01,0x01,0x00,
0x0c,0x00,0x0c,0x0c,0x0c,0x0c,0x0c,0x00,0x0c,0x00,0x0c,0x0c,0x0c,0x0c,0x0c,0x00,
0x00,0x00,0x00,0x00,0x00,0x00,0x00,0x00,0x06,0x08,0x08,0x06,0x00,0x00,0x06,0x08,
0x01,0x0c,0x0c,0x01,0x00,0x00,0x01,0x0c,0x01,0x0c,0x0c,0x01,0x00,0x00,0x01,0x0c,
0x00,0x00,0x00,0x00,0x00,0x00,0x00,0x00,0x08,0x06,0x00,0x00,0x06,0x08,0x08,0x06,
0x0c,0x01,0x00,0x00,0x01,0x0c,0x0c,0x01,0x0c,0x01,0x00,0x00,0x01,0x0c,0x0c,0x01,
0x00,0x00,0x00,0x00,0x00,0x00,0x00,0x00,0x00,0x00,0x0a,0x00,0x00,0x00,0x00,0x00,
0x00,0x08,0x0c,0x07,0x08,0x00,0x00,0x00,0x00,0x0b,0x02,0x0c,0x0c,0x0d,0x00,0x01,
0x00,0x00,0x00,0x00,0x00,0x00,0x00,0x00,0x00,0x04,0x09,0x06,0x00,0x00,0x00,0x06,
0x0b,0x0f,0x0c,0x0f,0x01,0x00,0x00,0x08,0x0c,0x0d,0x0a,0x05,0x0f,0x0d,0x00,0x08,
0x00,0x00,0x00,0x00,0x00,0x00,0x00,0x00,0x01,0x01,0x0a,0x00,0x00,0x00,0x04,0x04,
0x0c,0x0c,0x02,0x00,0x00,0x04,0x0e,0x0e,0x0c,0x0c,0x02,0x00,0x00,0x05,0x0c,0x02,
0x00,0x00,0x00,0x00,0x00,0x00,0x00,0x00,0x00,0x00,0x06,0x04,0x00,0x00,0x00,0x06,
0x04,0x04,0x0e,0x0e,0x04,0x00,0x00,0x0f,0x04,0x0d,0x0c,0x02,0x04,0x00,0x08,0x0c,
0x00,0x00,0x00,0x00,0x00,0x00,0x00,0x00,0x01,0x01,0x00,0x06,0x01,0x01,0x00,0x00,
0x0c,0x02,0x00,0x07,0x0c,0x0e,0x00,0x00,0x02,0x00,0x04,0x0c,0x02,0x00,0x00,0x00,
0x00,0x00,0x00,0x00,0x00,0x00,0x00,0x00,0x0c,0x0c,0x0c,0x00,0x00,0x01,0x01,0x01,
0x0c,0x0c,0x0c,0x00,0x00,0x0c,0x0c,0x0c,0x0c,0x0c,0x0c,0x00,0x00,0x0c,0x0c,0x0c,
0x00,0x00,0x00,0x00,0x00,0x00,0x00,0x00,0x00,0x00,0x01,0x01,0x01,0x00,0x01,0x01,
0x00,0x00,0x0c,0x0c,0x0c,0x00,0x0c,0x0c,0x00,0x00,0x0c,0x0c,0x0c,0x00,0x0c,0x0c,
0x00,0x00,0x00,0x00,0x00,0x00,0x00,0x00,0x01,0x00,0x00,0x06,0x01,0x01,0x00,0x06,
0x0c,0x00,0x00,0x0f,0x0c,0x02,0x00,0x08,0x0c,0x00,0x08,0x0c,0x02,0x00,0x00,0x08,
0x00,0x00,0x00,0x00,0x00,0x00,0x00,0x00,0x01,0x01,0x06,0x06,0x01,0x01,0x06,0x00,
0x0c,0x0c,0x08,0x08,0x0c,0x0c,0x08,0x00,0x0c,0x0c,0x08,0x08,0x0c,0x0c,0x08,0x00,
0x00,0x00,0x00,0x00,0x00,0x00,0x00,0x00,0x0c,0x0c,0x0c,0x0c,0x0c,0x0c,0x0c,0x0c,
0x0c,0x0c,0x0c,0x0c,0x0c,0x0c,0x0c,0x0c,0x00,0x00,0x00,0x00,0x00,0x00,0x08,0x0c,
0x00,0x00,0x00,0x00,0x00,0x00,0x00,0x00,0x0c,0x00,0x00,0x0a,0x01,0x09,0x00,0x00,
0x0c,0x00,0x01,0x0f,0x02,0x07,0x02,0x00,0x0c,0x00,0x0c,0x0b,0x00,0x06,0x0c,0x03,
0x00,0x00,0x00,0x00,0x00,0x00,0x00,0x00,0x00,0x00,0x06,0x08,0x00,0x00,0x00,0x00,
0x00,0x0b,0x0c,0x0c,0x0e,0x03,0x00,0x00,0x00,0x0e,0x0c,0x0c,0x0c,0x0f,0x09,0x04,
0x00,0x00,0x00,0x00,0x00,0x00,0x00,0x00,0x00,0x00,0x00,0x08,0x0c,0x0c,0x02,0x00,
0x0a,0x01,0x00,0x08,0x0c,0x0c,0x02,0x00,0x0f,0x0e,0x00,0x08,0x0c,0x0c,0x02,0x00,
0x00,0x00,0x00,0x00,0x00,0x00,0x00,0x00,0x00,0x00,0x00,0x00,0x00,0x00,0x00,0x00,
0x00,0x00,0x00,0x00,0x00,0x00,0x00,0x00,0x00,0x00,0x00,0x00,0x00,0x00,0x00,0x00,
0x00,0x00,0x00,0x00,0x00,0x00,0x00,0x00,0x00,0x00,0x00,0x00,0x00,0x00,0x00,0x00,
0x00,0x00,0x00,0x00,0x00,0x00,0x00,0x00,0x00,0x00,0x00,0x00,0x00,0x00,0x00,0x00,
0x00,0x00,0x00,0x00,0x00,0x00,0x00,0x00,0x00,0x00,0x00,0x00,0x00,0x00,0x00,0x00,
0x00,0x00,0x00,0x00,0x00,0x00,0x00,0x00,0x00,0x00,0x00,0x00,0x00,0x00,0x00,0x00,
0x00,0x00,0x00,0x00,0x00,0x00,0x00,0x00,0x00,0x00,0x00,0x00,0x00,0x00,0x00,0x00,
0x00,0x00,0x00,0x00,0x00,0x00,0x00,0x00,0x00,0x00,0x00,0x00,0x00,0x00,0x00,0x00,
0x00,0x00,0x00,0x00,0x00,0x00,0x04,0x0d,0x00,0x00,0x00,0x00,0x00,0x00,0x00,0x00,
0x00,0x00,0x00,0x00,0x00,0x00,0x00,0x00,0x00,0x00,0x00,0x00,0x00,0x00,0x00,0x00,
0x02,0x03,0x00,0x00,0x0b,0x09,0x04,0x00,0x00,0x00,0x00,0x00,0x00,0x00,0x00,0x00,
0x00,0x00,0x00,0x00,0x00,0x00,0x00,0x00,0x00,0x00,0x00,0x00,0x00,0x00,0x00,0x00,
0x00,0x04,0x09,0x02,0x01,0x06,0x00,0x00,0x00,0x00,0x00,0x00,0x00,0x00,0x00,0x00,
0x00,0x00,0x00,0x00,0x00,0x00,0x00,0x00,0x00,0x00,0x00,0x00,0x00,0x00,0x00,0x00,
0x00,0x00,0x00,0x00,0x00,0x08,0x03,0x00,0x00,0x00,0x00,0x00,0x00,0x00,0x00,0x00,
0x00,0x00,0x00,0x00,0x00,0x00,0x00,0x00,0x00,0x00,0x00,0x00,0x00,0x00,0x00,0x00,
0x00,0x00,0x00,0x00,0x00,0x03,0x00,0x00,0x00,0x00,0x00,0x00,0x00,0x00,0x00,0x00,
0x00,0x00,0x00,0x00,0x00,0x00,0x00,0x00,0x00,0x00,0x00,0x00,0x00,0x00,0x00,0x00,
0x00,0x00,0x01,0x01,0x01,0x01,0x01,0x01,0x00,0x00,0x00,0x00,0x00,0x00,0x00,0x00,
0x00,0x00,0x00,0x00,0x00,0x00,0x00,0x00,0x00,0x00,0x00,0x00,0x00,0x00,0x00,0x00,
0x01,0x01,0x01,0x00,0x04,0x00,0x00,0x00,0x00,0x00,0x00,0x00,0x00,0x00,0x00,0x00,
0x00,0x00,0x00,0x00,0x00,0x00,0x00,0x00,0x00,0x00,0x00,0x00,0x00,0x00,0x00,0x00,
0x00,0x01,0x01,0x01,0x01,0x01,0x00,0x01,0x00,0x00,0x00,0x00,0x00,0x00,0x00,0x00,
0x00,0x00,0x00,0x00,0x00,0x00,0x00,0x00,0x00,0x00,0x00,0x00,0x00,0x00,0x00,0x00,
0x0c,0x0c,0x01,0x00,0x06,0x01,0x01,0x0a,0x00,0x00,0x00,0x00,0x00,0x00,0x00,0x00,
0x00,0x00,0x00,0x00,0x00,0x00,0x00,0x00,0x00,0x00,0x00,0x00,0x00,0x00,0x00,0x00,
0x00,0x08,0x09,0x06,0x00,0x00,0x00,0x01,0x00,0x00,0x00,0x00,0x00,0x00,0x00,0x00,
0x00,0x00,0x00,0x00,0x00,0x00,0x00,0x00,0x00,0x00,0x00,0x00,0x00,0x00,0x00,0x00,
0x01,0x01,0x01,0x01,0x01,0x01,0x01,0x01,0x00,0x00,0x00,0x00,0x00,0x00,0x00,0x00,
0x00,0x00,0x00,0x00,0x00,0x00,0x00,0x00,0x00,0x00,0x00,0x00,0x00,0x00,0x00,0x00,
0x01,0x01,0x01,0x01,0x01,0x01,0x01,0x01,0x00,0x00,0x00,0x00,0x00,0x00,0x00,0x00,
0x00,0x00,0x00,0x00,0x00,0x00,0x00,0x00,0x00,0x00,0x00,0x00,0x00,0x00,0x00,0x00,
0x01,0x00,0x01,0x01,0x01,0x01,0x01,0x00,0x00,0x00,0x00,0x00,0x00,0x00,0x00,0x00,
0x00,0x00,0x00,0x00,0x00,0x00,0x00,0x00,0x00,0x00,0x00,0x00,0x00,0x00,0x00,0x00,
0x01,0x0c,0x0c,0x01,0x00,0x00,0x01,0x0c,0x00,0x00,0x00,0x00,0x00,0x00,0x00,0x00,
0x00,0x00,0x00,0x00,0x00,0x00,0x00,0x00,0x00,0x00,0x00,0x00,0x00,0x00,0x00,0x00,
0x0c,0x01,0x00,0x00,0x01,0x0c,0x0c,0x01,0x00,0x00,0x00,0x00,0x00,0x00,0x00,0x00,
0x00,0x00,0x00,0x00,0x00,0x00,0x00,0x00,0x00,0x00,0x00,0x00,0x00,0x00,0x00,0x00,
0x00,0x00,0x00,0x04,0x0a,0x0a,0x00,0x04,0x00,0x00,0x00,0x00,0x00,0x00,0x00,0x00,
0x00,0x00,0x00,0x00,0x00,0x00,0x00,0x00,0x00,0x00,0x00,0x00,0x00,0x00,0x00,0x00,
0x06,0x00,0x00,0x00,0x04,0x06,0x00,0x06,0x00,0x00,0x00,0x00,0x00,0x00,0x00,0x00,
0x00,0x00,0x00,0x00,0x00,0x00,0x00,0x00,0x00,0x00,0x00,0x00,0x00,0x00,0x00,0x00,
0x01,0x01,0x0a,0x00,0x0a,0x0c,0x01,0x00,0x00,0x00,0x00,0x00,0x04,0x0b,0x00,0x00,
0x00,0x00,0x00,0x00,0x00,0x00,0x00,0x00,0x00,0x00,0x00,0x00,0x00,0x00,0x00,0x00,
0x01,0x0c,0x01,0x00,0x00,0x00,0x08,0x0c,0x04,0x08,0x00,0x00,0x00,0x00,0x08,0x0c,
0x00,0x00,0x00,0x00,0x00,0x00,0x08,0x0c,0x00,0x00,0x00,0x00,0x00,0x00,0x00,0x00,
0x0c,0x02,0x08,0x0c,0x0c,0x02,0x00,0x00,0x0c,0x02,0x08,0x0c,0x0c,0x02,0x00,0x03,
0x0c,0x02,0x08,0x0c,0x0c,0x02,0x00,0x06,0x00,0x00,0x00,0x00,0x00,0x00,0x00,0x00,
0x00,0x0c,0x0f,0x00,0x00,0x01,0x0c,0x0c,0x07,0x0c,0x05,0x00,0x04,0x0a,0x0c,0x0e,
0x01,0x0a,0x00,0x00,0x08,0x0c,0x0f,0x0a,0x00,0x00,0x00,0x00,0x00,0x00,0x00,0x00,
0x00,0x00,0x01,0x0c,0x0c,0x00,0x01,0x07,0x00,0x04,0x0a,0x0c,0x0e,0x04,0x0b,0x0c,
0x00,0x08,0x0c,0x0f,0x0a,0x08,0x0c,0x0f,0x00,0x00,0x00,0x00,0x00,0x00,0x00,0x00,
0x0c,0x00,0x08,0x0c,0x0c,0x02,0x00,0x04,0x07,0x00,0x08,0x0c,0x0c,0x02,0x00,0x00,
0x0a,0x00,0x08,0x0c,0x0c,0x02,0x00,0x00,0x00,0x00,0x00,0x00,0x00,0x00,0x00,0x00,
0x0c,0x0c,0x04,0x04,0x0c,0x0c,0x04,0x00,0x0d,0x0d,0x00,0x00,0x0d,0x0d,0x00,0x00,
0x06,0x06,0x00,0x00,0x06,0x06,0x00,0x00,0x00,0x00,0x00,0x00,0x00,0x00,0x00,0x00,
0x00,0x00,0x00,0x00,0x00,0x00,0x08,0x0c,0x00,0x00,0x00,0x00,0x00,0x00,0x08,0x0c,
0x00,0x00,0x00,0x00,0x00,0x00,0x04,0x08,0x00,0x00,0x00,0x00,0x00,0x00,0x00,0x00,
0x0c,0x00,0x0c,0x08,0x00,0x04,0x0c,0x08,0x0c,0x00,0x0d,0x07,0x01,0x0e,0x0e,0x00,
0x08,0x00,0x04,0x01,0x02,0x05,0x04,0x00,0x00,0x00,0x00,0x00,0x00,0x00,0x00,0x00,
0x00,0x0c,0x02,0x04,0x01,0x0c,0x0c,0x0c,0x00,0x01,0x0a,0x00,0x00,0x08,0x0e,0x0c,
0x00,0x00,0x00,0x00,0x00,0x00,0x00,0x08,0x00,0x00,0x00,0x00,0x00,0x00,0x00,0x00,
0x0c,0x05,0x00,0x00,0x0b,0x0c,0x01,0x00,0x0f,0x06,0x00,0x0a,0x0f,0x0c,0x0a,0x00,
0x04,0x00,0x00,0x08,0x01,0x08,0x00,0x00,0x00,0x00,0x00,0x00,0x00,0x00,0x00,0x00,
0x00,0x06,0x01,0x01,0x06,0x00,0x00,0x0c,0x00,0x08,0x0c,0x0c,0x08,0x00,0x00,0x0c,
0x00,0x08,0x0c,0x0c,0x08,0x00,0x00,0x0c,0x00,0x04,0x0c,0x0c,0x04,0x00,0x00,0x00,
0x0c,0x0c,0x00,0x0c,0x0c,0x0c,0x00,0x00,0x0c,0x0c,0x00,0x0c,0x0c,0x0c,0x00,0x08,
0x0c,0x0c,0x00,0x0c,0x0c,0x0c,0x00,0x01,0x0c,0x07,0x00,0x00,0x0f,0x0c,0x00,0x01,
0x0a,0x01,0x01,0x01,0x06,0x00,0x00,0x0c,0x0c,0x0f,0x02,0x0c,0x0f,0x00,0x00,0x0c,
0x0c,0x09,0x00,0x0e,0x0c,0x04,0x00,0x00,0x0c,0x0b,0x00,0x02,0x0c,0x08,0x00,0x00,
0x0c,0x0c,0x0c,0x0c,0x0c,0x0c,0x0c,0x0c,0x0c,0x0c,0x0c,0x0c,0x0c,0x0c,0x0c,0x0c,
0x00,0x00,0x00,0x00,0x00,0x00,0x00,0x00,0x00,0x00,0x00,0x00,0x00,0x00,0x00,0x00,
0x00,0x00,0x0a,0x01,0x01,0x01,0x06,0x00,0x00,0x08,0x0c,0x0e,0x01,0x0c,0x07,0x00,
0x00,0x04,0x09,0x0a,0x03,0x0c,0x0c,0x00,0x00,0x09,0x0c,0x07,0x0e,0x0c,0x0c,0x00,
0x00,0x00,0x00,0x06,0x01,0x06,0x00,0x00,0x00,0x00,0x00,0x08,0x0c,0x08,0x00,0x00,
0x00,0x05,0x09,0x0a,0x0c,0x0a,0x09,0x01,0x04,0x0f,0x0c,0x0c,0x0c,0x0c,0x0c,0x0c,
0x00,0x00,0x01,0x01,0x01,0x01,0x01,0x01,0x00,0x00,0x0c,0x0c,0x0c,0x0c,0x0c,0x0c,
0x00,0x00,0x00,0x00,0x02,0x0c,0x00,0x00,0x00,0x00,0x00,0x00,0x02,0x0c,0x00,0x00,
0x06,0x01,0x01,0x0a,0x00,0x00,0x06,0x01,0x08,0x0c,0x0c,0x0f,0x04,0x00,0x09,0x0c,
0x00,0x0c,0x07,0x0c,0x0a,0x00,0x07,0x07,0x00,0x0c,0x02,0x02,0x0e,0x08,0x0c,0x01,
0x01,0x08,0x00,0x00,0x08,0x01,0x01,0x01,0x0c,0x01,0x00,0x0b,0x0c,0x0c,0x0c,0x0c,
0x0c,0x01,0x00,0x05,0x0c,0x0d,0x00,0x06,0x0c,0x01,0x00,0x0a,0x01,0x08,0x00,0x06,
0x01,0x06,0x00,0x00,0x00,0x03,0x01,0x01,0x0c,0x0f,0x04,0x00,0x06,0x0c,0x0c,0x0c,
0x0c,0x0c,0x08,0x00,0x0a,0x0c,0x0f,0x06,0x0c,0x0c,0x08,0x00,0x06,0x08,0x03,0x08,
0x01,0x01,0x08,0x00,0x00,0x00,0x00,0x04,0x0c,0x0c,0x0c,0x08,0x00,0x00,0x03,0x07,
0x04,0x0e,0x0c,0x01,0x00,0x0a,0x0f,0x0c,0x01,0x07,0x0c,0x0a,0x00,0x03,0x0f,0x0a,
0x01,0x01,0x01,0x06,0x00,0x00,0x00,0x00,0x0c,0x0c,0x0c,0x08,0x00,0x00,0x00,0x08,
0x02,0x0c,0x0c,0x08,0x00,0x00,0x00,0x02,0x08,0x0c,0x0c,0x08,0x00,0x00,0x0a,0x0c,
0x06,0x00,0x00,0x00,0x06,0x00,0x00,0x00,0x0f,0x01,0x04,0x08,0x0f,0x01,0x04,0x00,
0x0c,0x0e,0x00,0x02,0x0c,0x07,0x00,0x00,0x0c,0x08,0x0b,0x0c,0x0c,0x08,0x00,0x00,
0x00,0x00,0x00,0x0a,0x01,0x08,0x00,0x00,0x00,0x00,0x00,0x02,0x0c,0x01,0x00,0x00,
0x08,0x08,0x08,0x0e,0x0c,0x05,0x08,0x08,0x0c,0x0c,0x0c,0x0c,0x0c,0x0c,0x0c,0x0c,
0x00,0x00,0x00,0x00,0x03,0x01,0x01,0x01,0x00,0x00,0x00,0x05,0x0c,0x0c,0x0c,0x0c,
0x08,0x00,0x06,0x0c,0x0c,0x0c,0x07,0x02,0x0c,0x00,0x08,0x0c,0x0c,0x0e,0x00,0x00,
0x09,0x06,0x00,0x0a,0x01,0x01,0x01,0x0a,0x0c,0x0f,0x05,0x0c,0x0c,0x0c,0x0c,0x0c,
0x0c,0x0c,0x0c,0x0c,0x01,0x0b,0x02,0x0c,0x0a,0x0c,0x0c,0x07,0x00,0x00,0x08,0x0c,
0x04,0x00,0x00,0x03,0x00,0x00,0x00,0x00,0x07,0x06,0x00,0x0c,0x07,0x09,0x06,0x00,
0x0c,0x05,0x00,0x0c,0x0c,0x0c,0x0c,0x0d,0x0c,0x0e,0x00,0x04,0x09,0x0e,0x0c,0x0c,
0x00,0x00,0x00,0x00,0x00,0x00,0x00,0x00,0x00,0x00,0x00,0x00,0x00,0x00,0x00,0x00,
0x0a,0x00,0x00,0x00,0x00,0x00,0x00,0x04,0x0c,0x0f,0x05,0x03,0x00,0x0b,0x05,0x0c,
0x00,0x00,0x00,0x00,0x00,0x0b,0x00,0x01,0x00,0x00,0x06,0x01,0x0f,0x0c,0x00,0x0c,
0x0a,0x0e,0x0c,0x0c,0x0c,0x0f,0x00,0x0c,0x0c,0x0c,0x0c,0x0d,0x0a,0x04,0x00,0x0c,
0x01,0x01,0x00,0x0a,0x01,0x01,0x08,0x00,0x0c,0x0c,0x05,0x0c,0x0c,0x0c,0x0c,0x09,
0x0c,0x0c,0x0c,0x02,0x0f,0x0c,0x0c,0x0f,0x0c,0x0c,0x0b,0x00,0x0b,0x0c,0x0c,0x0c,
0x04,0x09,0x01,0x09,0x06,0x00,0x00,0x00,0x07,0x0c,0x0c,0x0c,0x0f,0x03,0x00,0x0a,
0x0f,0x02,0x0c,0x0c,0x0c,0x05,0x00,0x05,0x03,0x00,0x01,0x0c,0x0c,0x02,0x00,0x00,
0x06,0x00,0x00,0x00,0x00,0x00,0x08,0x00,0x0c,0x0a,0x00,0x00,0x00,0x05,0x0c,0x0a,
0x0c,0x0c,0x0a,0x00,0x05,0x0c,0x0c,0x05,0x05,0x0c,0x0c,0x02,0x0c,0x0c,0x05,0x00,
0x00,0x08,0x01,0x01,0x08,0x00,0x00,0x00,0x00,0x01,0x0c,0x0c,0x01,0x00,0x00,0x0a,
0x00,0x01,0x0c,0x0c,0x01,0x00,0x00,0x0f,0x00,0x0a,0x02,0x02,0x0a,0x00,0x06,0x0c,
0x06,0x09,0x01,0x01,0x01,0x01,0x03,0x00,0x0c,0x0c,0x0c,0x0c,0x0c,0x0c,0x0c,0x01,
0x0c,0x0c,0x0f,0x02,0x0f,0x0c,0x0c,0x0c,0x0c,0x0c,0x04,0x00,0x08,0x0c,0x0c,0x0c,
0x06,0x00,0x00,0x00,0x00,0x0a,0x01,0x08,0x0f,0x00,0x00,0x00,0x00,0x02,0x0c,0x01,
0x01,0x00,0x00,0x00,0x00,0x01,0x02,0x0a,0x08,0x00,0x00,0x00,0x00,0x00,0x00,0x00,
0x00,0x00,0x00,0x00,0x06,0x01,0x01,0x01,0x00,0x00,0x00,0x00,0x08,0x0c,0x0c,0x0c,
0x00,0x00,0x00,0x00,0x03,0x02,0x02,0x02,0x00,0x00,0x00,0x00,0x00,0x00,0x00,0x04,
0x01,0x01,0x01,0x01,0x08,0x00,0x00,0x00,0x0c,0x0c,0x0c,0x0c,0x01,0x00,0x00,0x0a,
0x0e,0x0c,0x0c,0x0c,0x01,0x00,0x00,0x07,0x0e,0x0c,0x0c,0x0f,0x03,0x00,0x00,0x08,
0x03,0x01,0x01,0x01,0x01,0x08,0x00,0x08,0x0c,0x0c,0x0c,0x0c,0x0c,0x0c,0x0d,0x0c,
0x0c,0x0c,0x0d,0x08,0x0d,0x0c,0x0c,0x0c,0x08,0x08,0x04,0x00,0x08,0x0c,0x0c,0x0c,
0x01,0x01,0x01,0x0a,0x04,0x00,0x00,0x0b,0x0c,0x0c,0x0c,0x0c,0x0f,0x03,0x00,0x08,
0x0d,0x01,0x0d,0x0c,0x0c,0x0d,0x00,0x00,0x00,0x00,0x04,0x0c,0x0c,0x0c,0x00,0x00,
0x01,0x01,0x01,0x00,0x00,0x01,0x01,0x01,0x0c,0x0c,0x0c,0x08,0x0a,0x0c,0x0c,0x0c,
0x05,0x0c,0x0c,0x05,0x02,0x0c,0x0c,0x01,0x06,0x0c,0x0c,0x0c,0x0c,0x0c,0x0f,0x04,
0x0b,0x00,0x00,0x00,0x00,0x00,0x00,0x00,0x06,0x00,0x00,0x00,0x00,0x00,0x00,0x00,
0x00,0x00,0x00,0x00,0x00,0x00,0x00,0x00,0x00,0x00,0x00,0x00,0x00,0x00,0x00,0x00,
0x00,0x00,0x00,0x00,0x00,0x00,0x00,0x00,0x00,0x00,0x00,0x00,0x00,0x00,0x00,0x00,
0x00,0x00,0x00,0x00,0x00,0x00,0x00,0x00,0x00,0x00,0x00,0x00,0x00,0x00,0x00,0x00,
0x00,0x00,0x0d,0x0d,0x00,0x00,0x03,0x07,0x00,0x00,0x06,0x06,0x00,0x00,0x06,0x01,
0x00,0x00,0x00,0x00,0x00,0x00,0x00,0x00,0x00,0x00,0x00,0x00,0x00,0x00,0x00,0x00,
0x0c,0x05,0x03,0x07,0x0c,0x0d,0x00,0x01,0x0a,0x00,0x06,0x01,0x0a,0x04,0x00,0x06,
0x00,0x00,0x00,0x00,0x00,0x00,0x00,0x00,0x00,0x00,0x00,0x00,0x00,0x00,0x00,0x00,
0x0c,0x05,0x04,0x07,0x0c,0x00,0x00,0x0c,0x0f,0x0c,0x0c,0x0c,0x02,0x00,0x00,0x0c,
0x04,0x08,0x08,0x08,0x00,0x00,0x00,0x08,0x00,0x00,0x00,0x00,0x00,0x00,0x00,0x00,
0x0c,0x0c,0x0c,0x0c,0x0c,0x0c,0x0c,0x0c,0x0c,0x0c,0x0c,0x0c,0x0c,0x0c,0x0c,0x0c,
0x08,0x08,0x08,0x08,0x08,0x08,0x08,0x08,0x00,0x00,0x00,0x00,0x00,0x00,0x00,0x00,
0x00,0x01,0x0c,0x0b,0x00,0x0c,0x0c,0x00,0x00,0x0b,0x0c,0x0c,0x0f,0x0c,0x0c,0x00,
0x00,0x00,0x03,0x08,0x04,0x08,0x08,0x00,0x00,0x00,0x00,0x00,0x00,0x00,0x00,0x00,
0x00,0x00,0x0a,0x0c,0x0c,0x0c,0x09,0x04,0x00,0x00,0x05,0x0c,0x0e,0x0c,0x01,0x00,
0x00,0x04,0x0f,0x02,0x00,0x02,0x0f,0x04,0x00,0x00,0x06,0x04,0x00,0x04,0x06,0x00,
0x00,0x00,0x00,0x00,0x02,0x0c,0x00,0x00,0x00,0x00,0x00,0x00,0x02,0x0c,0x00,0x00,
0x00,0x00,0x00,0x00,0x02,0x0c,0x00,0x00,0x00,0x00,0x00,0x00,0x01,0x02,0x00,0x00,
0x00,0x0c,0x02,0x0a,0x0c,0x02,0x07,0x08,0x00,0x0c,0x02,0x04,0x0c,0x0c,0x01,0x08,
0x00,0x0c,0x02,0x00,0x05,0x0c,0x03,0x08,0x00,0x02,0x01,0x00,0x08,0x0d,0x00,0x03,
0x0c,0x01,0x00,0x00,0x0a,0x0d,0x07,0x0c,0x0c,0x01,0x00,0x09,0x0c,0x0c,0x07,0x0d,
0x0c,0x01,0x00,0x05,0x0c,0x02,0x08,0x08,0x02,0x0a,0x00,0x02,0x0c,0x0c,0x0c,0x0c,
0x0c,0x0f,0x04,0x00,0x00,0x00,0x00,0x01,0x0a,0x04,0x00,0x00,0x06,0x08,0x03,0x06,
0x08,0x08,0x04,0x00,0x01,0x0c,0x07,0x04,0x0c,0x0c,0x08,0x00,0x03,0x0c,0x0c,0x0c,
0x0c,0x0c,0x02,0x04,0x00,0x00,0x00,0x00,0x08,0x0d,0x0c,0x01,0x00,0x00,0x00,0x00,
0x00,0x02,0x0c,0x01,0x00,0x00,0x00,0x00,0x0c,0x0c,0x0c,0x0b,0x00,0x00,0x00,0x00,
0x08,0x0c,0x0c,0x08,0x00,0x00,0x07,0x0c,0x08,0x0c,0x0c,0x08,0x00,0x04,0x0f,0x0c,
0x08,0x0c,0x0c,0x08,0x00,0x00,0x0a,0x0c,0x08,0x0c,0x0c,0x08,0x00,0x00,0x00,0x0e,
0x02,0x00,0x07,0x0c,0x02,0x00,0x00,0x00,0x0d,0x04,0x07,0x0c,0x0d,0x00,0x00,0x00,
0x0c,0x08,0x0a,0x0c,0x0c,0x08,0x00,0x00,0x0c,0x0e,0x00,0x02,0x0c,0x0e,0x00,0x00,
0x02,0x02,0x02,0x0f,0x0c,0x07,0x02,0x02,0x00,0x00,0x00,0x02,0x0c,0x01,0x00,0x00,
0x00,0x00,0x00,0x02,0x0c,0x01,0x00,0x00,0x00,0x00,0x00,0x00,0x00,0x00,0x00,0x00,
0x02,0x00,0x01,0x0c,0x0c,0x02,0x00,0x00,0x00,0x00,0x01,0x0c,0x0c,0x02,0x00,0x00,
0x00,0x00,0x09,0x0c,0x0c,0x02,0x00,0x00,0x00,0x00,0x08,0x0c,0x0c,0x0f,0x0b,0x08,
0x08,0x0c,0x0c,0x0c,0x0c,0x0c,0x0c,0x0c,0x08,0x0c,0x0c,0x0f,0x02,0x02,0x02,0x02,
0x0b,0x0c,0x0c,0x0e,0x00,0x00,0x00,0x08,0x02,0x0c,0x0c,0x0c,0x08,0x00,0x0b,0x0c,
0x0c,0x0c,0x00,0x00,0x00,0x00,0x06,0x09,0x02,0x02,0x00,0x00,0x00,0x00,0x06,0x09,
0x08,0x08,0x00,0x04,0x0a,0x0d,0x0c,0x0c,0x0c,0x0f,0x00,0x0c,0x0c,0x0c,0x0c,0x02,
0x0e,0x0c,0x0c,0x0c,0x00,0x0c,0x0c,0x0c,0x0e,0x0c,0x0c,0x0c,0x00,0x0c,0x0c,0x0c,
0x0c,0x0f,0x05,0x08,0x00,0x0b,0x0d,0x0c,0x0a,0x04,0x00,0x00,0x00,0x00,0x00,0x04,
0x0e,0x0a,0x04,0x00,0x00,0x00,0x00,0x0c,0x0d,0x0a,0x04,0x00,0x00,0x00,0x00,0x0c,
0x0c,0x0c,0x0c,0x0d,0x0b,0x00,0x00,0x0c,0x09,0x0e,0x0c,0x0c,0x0c,0x0f,0x00,0x0c,
0x0c,0x0c,0x08,0x00,0x08,0x0c,0x0c,0x0c,0x0c,0x0c,0x08,0x00,0x08,0x0c,0x0c,0x0c,
0x0c,0x0c,0x08,0x00,0x08,0x0c,0x0c,0x0c,0x0c,0x0c,0x08,0x00,0x08,0x0c,0x0c,0x0c,
0x00,0x00,0x01,0x0c,0x0c,0x02,0x00,0x00,0x00,0x00,0x01,0x0c,0x0c,0x02,0x00,0x00,
0x00,0x00,0x01,0x0c,0x0c,0x02,0x00,0x00,0x00,0x00,0x01,0x0c,0x0c,0x02,0x00,0x05,
0x00,0x05,0x0c,0x0c,0x0c,0x05,0x00,0x00,0x00,0x05,0x0c,0x0c,0x0c,0x0a,0x00,0x00,
0x05,0x0c,0x0c,0x07,0x0c,0x0c,0x0a,0x00,0x0c,0x0c,0x05,0x00,0x05,0x0c,0x0c,0x0a,
0x00,0x00,0x00,0x00,0x00,0x00,0x08,0x0c,0x00,0x00,0x00,0x00,0x00,0x00,0x08,0x0c,
0x00,0x06,0x08,0x08,0x06,0x00,0x03,0x0c,0x00,0x01,0x0c,0x0c,0x01,0x00,0x04,0x0c,
0x0c,0x0c,0x00,0x09,0x0c,0x0c,0x0c,0x0c,0x0c,0x0c,0x02,0x0f,0x0b,0x02,0x0c,0x0c,
0x0c,0x0c,0x0e,0x06,0x00,0x07,0x0c,0x0c,0x0c,0x0c,0x01,0x08,0x09,0x0c,0x0c,0x0c,
0x08,0x00,0x0c,0x0c,0x0c,0x0c,0x0c,0x0c,0x08,0x00,0x0c,0x0c,0x0c,0x0c,0x0c,0x0c,
0x08,0x00,0x00,0x00,0x00,0x00,0x00,0x00,0x04,0x00,0x00,0x00,0x00,0x0a,0x01,0x08,
0x0c,0x0c,0x0c,0x00,0x00,0x00,0x04,0x0e,0x0c,0x0c,0x0c,0x00,0x00,0x04,0x0e,0x0c,
0x00,0x00,0x00,0x00,0x00,0x0d,0x0c,0x0c,0x00,0x00,0x00,0x00,0x01,0x0c,0x0c,0x0c,
0x0c,0x0c,0x0f,0x03,0x00,0x00,0x00,0x03,0x0c,0x0f,0x03,0x00,0x00,0x00,0x04,0x0f,
0x0c,0x08,0x00,0x00,0x00,0x00,0x08,0x0c,0x05,0x08,0x08,0x08,0x06,0x00,0x08,0x0c,
0x05,0x02,0x02,0x0d,0x09,0x0c,0x0c,0x0c,0x0c,0x0c,0x0c,0x0c,0x0f,0x0c,0x0c,0x0c,
0x0c,0x07,0x06,0x00,0x09,0x0c,0x0c,0x0c,0x0c,0x07,0x00,0x00,0x0b,0x0c,0x0c,0x0c,
0x0c,0x0c,0x0c,0x0c,0x0c,0x0c,0x00,0x00,0x02,0x02,0x02,0x02,0x02,0x02,0x00,0x00,
0x00,0x00,0x00,0x08,0x08,0x08,0x00,0x00,0x0b,0x00,0x08,0x0c,0x0c,0x0c,0x00,0x00,
0x00,0x01,0x0c,0x0c,0x0c,0x0c,0x01,0x00,0x00,0x01,0x0c,0x0c,0x0c,0x0c,0x01,0x00,
0x06,0x0c,0x0c,0x0c,0x0c,0x0c,0x0f,0x04,0x02,0x0c,0x0c,0x0d,0x0e,0x0c,0x0c,0x01,
0x00,0x00,0x00,0x00,0x00,0x00,0x00,0x00,0x00,0x00,0x00,0x00,0x00,0x00,0x00,0x00,
0x00,0x00,0x00,0x00,0x00,0x00,0x00,0x00,0x00,0x00,0x00,0x00,0x00,0x00,0x00,0x00,
0x00,0x00,0x00,0x00,0x00,0x00,0x00,0x00,0x00,0x00,0x00,0x00,0x00,0x00,0x00,0x00,
0x00,0x00,0x00,0x00,0x00,0x00,0x00,0x00,0x00,0x00,0x00,0x00,0x00,0x00,0x00,0x00,
0x00,0x00,0x00,0x00,0x00,0x00,0x00,0x00,0x00,0x00,0x00,0x00,0x00,0x00,0x00,0x00,
0x00,0x00,0x00,0x00,0x00,0x00,0x00,0x00,0x00,0x01,0x01,0x01,0x00,0x00,0x06,0x01,
0x00,0x00,0x00,0x00,0x00,0x00,0x00,0x00,0x00,0x00,0x00,0x00,0x00,0x00,0x00,0x00,
0x00,0x00,0x00,0x00,0x00,0x00,0x00,0x00,0x01,0x01,0x08,0x00,0x00,0x09,0x01,0x01,
0x00,0x00,0x00,0x00,0x00,0x00,0x00,0x00,0x00,0x00,0x00,0x00,0x00,0x00,0x00,0x00,
0x00,0x00,0x00,0x00,0x00,0x00,0x00,0x00,0x00,0x00,0x01,0x01,0x01,0x06,0x00,0x00,
0x00,0x00,0x00,0x00,0x00,0x00,0x00,0x00,0x00,0x00,0x00,0x00,0x00,0x00,0x00,0x00,
0x00,0x00,0x00,0x00,0x00,0x00,0x00,0x00,0x08,0x01,0x01,0x0b,0x00,0x00,0x00,0x00,
0x00,0x00,0x00,0x00,0x00,0x00,0x00,0x00,0x00,0x00,0x00,0x00,0x00,0x00,0x00,0x00,
0x00,0x00,0x00,0x00,0x00,0x00,0x00,0x00,0x0a,0x01,0x08,0x00,0x00,0x00,0x00,0x00,
0x00,0x00,0x00,0x00,0x00,0x00,0x00,0x00,0x00,0x00,0x00,0x00,0x00,0x00,0x00,0x00,
0x00,0x00,0x00,0x00,0x00,0x00,0x00,0x00,0x00,0x04,0x00,0x00,0x00,0x00,0x00,0x00,
0x00,0x00,0x00,0x00,0x00,0x00,0x00,0x00,0x00,0x00,0x00,0x00,0x00,0x00,0x00,0x00,
0x00,0x00,0x00,0x00,0x00,0x00,0x00,0x00,0x04,0x00,0x00,0x00,0x00,0x00,0x00,0x0a,
0x00,0x00,0x00,0x00,0x00,0x00,0x00,0x00,0x00,0x00,0x00,0x00,0x00,0x00,0x00,0x00,
0x00,0x00,0x00,0x00,0x00,0x00,0x00,0x00,0x01,0x0b,0x00,0x00,0x00,0x00,0x01,0x01,
0x00,0x00,0x00,0x0a,0x01,0x01,0x01,0x01,0x00,0x00,0x00,0x00,0x00,0x00,0x00,0x00,
0x00,0x00,0x00,0x00,0x00,0x00,0x00,0x00,0x01,0x00,0x00,0x00,0x01,0x01,0x01,0x00,
0x01,0x01,0x06,0x00,0x00,0x08,0x01,0x0d,0x00,0x00,0x00,0x00,0x00,0x00,0x00,0x00,
0x00,0x00,0x00,0x00,0x00,0x00,0x00,0x00,0x00,0x04,0x0a,0x01,0x01,0x01,0x01,0x0a,
0x0d,0x01,0x08,0x00,0x00,0x00,0x00,0x00,0x00,0x00,0x00,0x00,0x00,0x00,0x00,0x00,
0x00,0x00,0x00,0x00,0x00,0x00,0x00,0x00,0x04,0x00,0x00,0x00,0x00,0x03,0x01,0x01,
0x06,0x01,0x01,0x06,0x00,0x00,0x00,0x08,0x00,0x00,0x00,0x00,0x00,0x00,0x00,0x00,
0x00,0x00,0x00,0x00,0x00,0x00,0x00,0x00,0x01,0x01,0x01,0x06,0x00,0x00,0x01,0x01,
0x0c,0x01,0x04,0x08,0x0c,0x01,0x04,0x00,0x06,0x00,0x00,0x00,0x04,0x00,0x00,0x00,
0x00,0x00,0x00,0x00,0x00,0x00,0x00,0x00,0x01,0x00,0x09,0x01,0x0a,0x00,0x00,0x00,
0x0c,0x0c,0x0c,0x0c,0x0c,0x0c,0x0c,0x0c,0x0c,0x0c,0x0c,0x0c,0x0c,0x0c,0x0c,0x0c,
0x00,0x00,0x00,0x00,0x00,0x00,0x00,0x00,0x00,0x06,0x09,0x01,0x01,0x01,0x0a,0x04,
0x0c,0x00,0x00,0x0f,0x0c,0x0c,0x0c,0x0c,0x0c,0x00,0x00,0x03,0x0e,0x0c,0x0c,0x0c,
0x00,0x00,0x00,0x00,0x00,0x00,0x00,0x00,0x00,0x00,0x00,0x00,0x03,0x01,0x01,0x01,
0x0c,0x0c,0x0f,0x0c,0x0c,0x0c,0x0c,0x0c,0x0c,0x01,0x03,0x07,0x0c,0x0c,0x0c,0x0f,
0x00,0x00,0x00,0x00,0x00,0x00,0x00,0x00,0x01,0x09,0x06,0x00,0x00,0x00,0x00,0x03,
0x0c,0x05,0x00,0x0c,0x07,0x01,0x06,0x00,0x05,0x04,0x00,0x08,0x00,0x00,0x00,0x00,
0x00,0x00,0x00,0x00,0x00,0x00,0x00,0x00,0x01,0x01,0x01,0x01,0x0b,0x00,0x00,0x00,
0x00,0x00,0x00,0x00,0x00,0x00,0x00,0x00,0x00,0x00,0x00,0x00,0x00,0x00,0x00,0x00,
0x00,0x00,0x00,0x00,0x00,0x00,0x00,0x00,0x01,0x01,0x01,0x06,0x08,0x01,0x01,0x0a,
0x00,0x00,0x03,0x01,0x0f,0x0c,0x00,0x0c,0x00,0x00,0x00,0x00,0x00,0x0a,0x00,0x0c,
0x00,0x00,0x00,0x00,0x00,0x00,0x00,0x00,0x00,0x00,0x00,0x00,0x04,0x00,0x00,0x00,
0x0c,0x0c,0x08,0x00,0x08,0x0c,0x0c,0x0c,0x0c,0x0c,0x08,0x00,0x08,0x0c,0x0c,0x0c,
0x00,0x00,0x00,0x00,0x00,0x00,0x00,0x00,0x04,0x00,0x00,0x00,0x00,0x00,0x04,0x00,
0x00,0x00,0x01,0x0c,0x0c,0x02,0x00,0x05,0x00,0x00,0x01,0x0c,0x0c,0x02,0x00,0x00,
0x00,0x00,0x00,0x00,0x00,0x00,0x00,0x00,0x00,0x00,0x00,0x00,0x04,0x00,0x00,0x00,
0x0c,0x05,0x00,0x00,0x00,0x05,0x0c,0x0a,0x0a,0x00,0x00,0x00,0x00,0x00,0x08,0x00,
0x00,0x00,0x00,0x00,0x00,0x00,0x00,0x00,0x00,0x08,0x01,0x01,0x08,0x00,0x00,0x00,
0x00,0x01,0x0c,0x0c,0x01,0x00,0x0e,0x0c,0x00,0x01,0x0c,0x0c,0x01,0x00,0x05,0x06,
0x00,0x00,0x00,0x00,0x00,0x00,0x00,0x00,0x00,0x00,0x00,0x00,0x0a,0x02,0x0a,0x00,
0x0c,0x0c,0x0c,0x0c,0x0c,0x0c,0x0c,0x02,0x05,0x0c,0x0c,0x0c,0x0c,0x0c,0x0d,0x06,
0x00,0x00,0x00,0x00,0x00,0x00,0x00,0x00,0x01,0x02,0x03,0x00,0x00,0x06,0x01,0x01,
0x00,0x00,0x00,0x00,0x00,0x02,0x0c,0x01,0x00,0x00,0x00,0x00,0x00,0x0a,0x01,0x08,
0x00,0x00,0x00,0x00,0x00,0x00,0x00,0x00,0x0a,0x00,0x00,0x03,0x02,0x01,0x00,0x0a,
0x00,0x00,0x00,0x00,0x02,0x0c,0x0c,0x0c,0x00,0x00,0x00,0x00,0x02,0x0c,0x0c,0x0c,
0x00,0x00,0x00,0x00,0x00,0x00,0x00,0x00,0x02,0x0a,0x00,0x00,0x00,0x00,0x00,0x03,
0x0c,0x0c,0x0c,0x0c,0x01,0x00,0x06,0x0c,0x0c,0x0c,0x0c,0x0c,0x01,0x00,0x00,0x0a,
0x00,0x00,0x00,0x00,0x00,0x00,0x00,0x00,0x02,0x01,0x00,0x00,0x00,0x00,0x00,0x00,
0x0c,0x0c,0x0c,0x0c,0x0c,0x0c,0x0f,0x0c,0x0f,0x0c,0x0c,0x0c,0x07,0x0a,0x0b,0x07,
0x00,0x00,0x00,0x00,0x00,0x00,0x00,0x00,0x01,0x02,0x03,0x00,0x02,0x02,0x00,0x00,
0x0c,0x0c,0x0c,0x0c,0x0c,0x02,0x00,0x08,0x0c,0x0c,0x0c,0x0c,0x0d,0x04,0x00,0x0e,
0x00,0x00,0x00,0x00,0x00,0x00,0x00,0x00,0x00,0x00,0x00,0x0a,0x02,0x0a,0x00,0x0a,
0x0c,0x0c,0x0c,0x08,0x0a,0x0c,0x0c,0x0c,0x0c,0x0c,0x07,0x00,0x00,0x0f,0x0c,0x0c,
0x00,0x00,0x00,0x00,0x00,0x00,0x00,0x00,0x02,0x03,0x00,0x00,0x0a,0x02,0x0a,0x00,
0x06,0x00,0x00,0x00,0x00,0x00,0x00,0x00,0x05,0x00,0x00,0x00,0x00,0x00,0x00,0x00,
0x00,0x00,0x00,0x00,0x00,0x00,0x00,0x00,0x01,0x02,0x03,0x00,0x00,0x00,0x08,0x01,
0x00,0x00,0x00,0x00,0x00,0x00,0x00,0x00,0x00,0x00,0x00,0x00,0x00,0x00,0x00,0x00,
0x00,0x00,0x00,0x00,0x00,0x00,0x00,0x00,0x01,0x0a,0x04,0x01,0x01,0x01,0x00,0x00,
0x00,0x0e,0x0c,0x0c,0x06,0x00,0x01,0x0c,0x00,0x05,0x0c,0x0c,0x08,0x00,0x0d,0x0c,
0x00,0x01,0x0c,0x0c,0x09,0x00,0x07,0x0c,0x00,0x08,0x0c,0x0c,0x01,0x06,0x0c,0x0c,
0x0c,0x0c,0x01,0x00,0x00,0x0c,0x0c,0x07,0x0c,0x0c,0x02,0x00,0x06,0x0c,0x0c,0x02,
0x0e,0x0c,0x0c,0x00,0x08,0x0c,0x0c,0x01,0x0a,0x0c,0x0c,0x03,0x01,0x0c,0x0c,0x0a,
0x00,0x00,0x07,0x0c,0x0c,0x0b,0x00,0x00,0x00,0x00,0x01,0x0c,0x0c,0x01,0x00,0x00,
0x00,0x00,0x0b,0x0c,0x0c,0x0e,0x00,0x03,0x00,0x00,0x04,0x0c,0x0c,0x0c,0x00,0x0a,
0x02,0x0c,0x0c,0x09,0x00,0x00,0x00,0x00,0x0f,0x0c,0x0c,0x03,0x00,0x00,0x00,0x00,
0x0c,0x0c,0x0f,0x00,0x00,0x00,0x00,0x00,0x0c,0x0c,0x0d,0x00,0x00,0x0c,0x0c,0x0c,
0x02,0x0c,0x01,0x00,0x00,0x00,0x00,0x04,0x02,0x0c,0x01,0x00,0x00,0x00,0x00,0x04,
0x02,0x0c,0x01,0x00,0x00,0x00,0x00,0x00,0x0c,0x0c,0x0c,0x0c,0x0c,0x0c,0x00,0x00,
0x01,0x0f,0x06,0x00,0x00,0x00,0x00,0x08,0x0f,0x0c,0x05,0x00,0x00,0x00,0x00,0x07,
0x0a,0x0c,0x0c,0x08,0x00,0x00,0x0a,0x0c,0x00,0x0e,0x0c,0x02,0x00,0x00,0x07,0x0c,
0x0f,0x01,0x00,0x00,0x00,0x00,0x04,0x0c,0x0c,0x02,0x00,0x00,0x00,0x00,0x09,0x0c,
0x0c,0x08,0x00,0x00,0x00,0x00,0x0e,0x0c,0x02,0x00,0x00,0x00,0x00,0x03,0x0c,0x0f,
0x0c,0x07,0x00,0x00,0x00,0x00,0x0c,0x0c,0x0c,0x0c,0x08,0x00,0x00,0x00,0x0c,0x0c,
0x07,0x0c,0x05,0x00,0x00,0x00,0x0c,0x0c,0x08,0x0c,0x0f,0x04,0x00,0x00,0x0c,0x0c,
0x0c,0x00,0x00,0x00,0x0c,0x0c,0x0c,0x00,0x0c,0x00,0x00,0x00,0x0c,0x0c,0x0c,0x00,
0x0c,0x00,0x00,0x00,0x0c,0x0c,0x0c,0x00,0x0c,0x00,0x00,0x00,0x0c,0x0c,0x0c,0x00,
0x00,0x0e,0x0c,0x0c,0x0c,0x0c,0x0c,0x0c,0x0b,0x0c,0x0c,0x0e,0x01,0x01,0x0f,0x0c,
0x01,0x0c,0x0c,0x0d,0x00,0x00,0x06,0x08,0x0b,0x0c,0x0c,0x0c,0x0c,0x0c,0x0c,0x02,
0x07,0x04,0x00,0x00,0x0a,0x0c,0x0c,0x0c,0x0c,0x0b,0x00,0x00,0x02,0x0c,0x0c,0x0d,
0x08,0x06,0x00,0x00,0x08,0x08,0x08,0x04,0x05,0x04,0x00,0x00,0x06,0x05,0x02,0x02,
0x0c,0x0c,0x0c,0x0c,0x0b,0x00,0x0c,0x0c,0x08,0x0d,0x0c,0x0c,0x0e,0x00,0x0c,0x0c,
0x00,0x08,0x0c,0x0c,0x0c,0x00,0x0c,0x0c,0x0d,0x09,0x0c,0x0c,0x0c,0x00,0x0c,0x0c,
0x0c,0x05,0x0c,0x0c,0x0c,0x0a,0x00,0x00,0x0c,0x0f,0x07,0x0c,0x0c,0x02,0x00,0x06,
0x0c,0x08,0x00,0x0c,0x0c,0x02,0x00,0x08,0x0c,0x00,0x00,0x02,0x02,0x01,0x00,0x01,
0x0a,0x0c,0x0c,0x0c,0x0c,0x0c,0x0c,0x0e,0x0c,0x0c,0x0c,0x07,0x0e,0x0c,0x0c,0x0c,
0x0c,0x0c,0x07,0x00,0x00,0x01,0x0c,0x0c,0x0c,0x0c,0x02,0x00,0x00,0x00,0x00,0x00,
0x04,0x00,0x00,0x01,0x0c,0x0c,0x0c,0x0c,0x09,0x00,0x06,0x0c,0x0c,0x0c,0x0f,0x02,
0x05,0x00,0x08,0x0c,0x0c,0x07,0x00,0x00,0x00,0x00,0x0a,0x0c,0x0c,0x02,0x00,0x00,
0x0c,0x0c,0x0c,0x0b,0x00,0x00,0x01,0x0c,0x0c,0x0c,0x0c,0x0e,0x00,0x06,0x0c,0x0c,
0x08,0x0c,0x0c,0x0c,0x00,0x0b,0x0c,0x0c,0x00,0x0c,0x0c,0x0c,0x00,0x01,0x0c,0x0c,
0x0c,0x0c,0x0c,0x0c,0x0c,0x0e,0x04,0x00,0x0c,0x0d,0x05,0x0f,0x0c,0x0c,0x09,0x00,
0x02,0x00,0x00,0x0a,0x0c,0x0c,0x0d,0x00,0x0c,0x0c,0x0c,0x0c,0x0c,0x0c,0x02,0x00,
0x0c,0x0c,0x0c,0x01,0x0c,0x0c,0x0c,0x0c,0x0c,0x0c,0x0c,0x0c,0x0e,0x0f,0x0c,0x0c,
0x0c,0x0c,0x0c,0x09,0x00,0x06,0x0c,0x0c,0x0c,0x0c,0x0c,0x08,0x00,0x00,0x0c,0x0c,
0x01,0x00,0x04,0x01,0x0f,0x06,0x04,0x01,0x0c,0x00,0x04,0x0f,0x0c,0x05,0x04,0x0f,
0x0c,0x00,0x00,0x0a,0x0c,0x0c,0x08,0x0a,0x0c,0x00,0x00,0x00,0x0e,0x0c,0x02,0x00,
0x0f,0x06,0x00,0x00,0x00,0x05,0x0e,0x04,0x0c,0x05,0x00,0x00,0x04,0x0e,0x0c,0x0f,
0x0c,0x0c,0x08,0x00,0x00,0x04,0x0c,0x0c,0x0e,0x0c,0x02,0x00,0x00,0x0b,0x0c,0x0f,
0x03,0x08,0x03,0x04,0x0e,0x05,0x00,0x00,0x0c,0x0c,0x0c,0x0f,0x0c,0x02,0x04,0x00,
0x0f,0x02,0x0f,0x0c,0x07,0x00,0x00,0x00,0x03,0x00,0x03,0x0c,0x0c,0x03,0x00,0x00,
0x00,0x01,0x0c,0x0c,0x01,0x00,0x00,0x00,0x0a,0x02,0x0c,0x0c,0x02,0x01,0x01,0x01,
0x02,0x0c,0x0c,0x0c,0x0c,0x0c,0x0c,0x0c,0x01,0x07,0x0c,0x0c,0x07,0x02,0x02,0x02,
0x00,0x00,0x00,0x00,0x01,0x0c,0x01,0x00,0x00,0x00,0x00,0x00,0x00,0x00,0x00,0x00,
0x00,0x00,0x00,0x00,0x03,0x01,0x01,0x01,0x00,0x00,0x00,0x01,0x0c,0x0c,0x0c,0x0c,
0x02,0x0c,0x08,0x00,0x00,0x08,0x0c,0x0c,0x00,0x00,0x00,0x00,0x00,0x08,0x0c,0x0c,
0x01,0x09,0x06,0x00,0x00,0x03,0x02,0x02,0x0c,0x0c,0x0c,0x0b,0x00,0x00,0x00,0x00,
0x02,0x00,0x00,0x08,0x0c,0x02,0x00,0x01,0x02,0x00,0x00,0x00,0x00,0x00,0x00,0x00,
0x01,0x00,0x01,0x01,0x01,0x00,0x00,0x00,0x00,0x00,0x0c,0x0c,0x0c,0x00,0x00,0x00,
0x0c,0x01,0x00,0x00,0x00,0x00,0x00,0x08,0x00,0x00,0x00,0x00,0x00,0x00,0x00,0x00,
0x01,0x01,0x01,0x00,0x06,0x01,0x01,0x01,0x0c,0x0c,0x0c,0x00,0x08,0x0c,0x0c,0x0c,
0x0c,0x02,0x00,0x00,0x00,0x00,0x00,0x00,0x00,0x00,0x00,0x00,0x00,0x00,0x00,0x00,
0x01,0x01,0x01,0x01,0x08,0x00,0x00,0x00,0x0c,0x0c,0x0c,0x0c,0x01,0x00,0x00,0x01,
0x02,0x0c,0x08,0x00,0x0c,0x0c,0x00,0x00,0x00,0x00,0x00,0x00,0x00,0x00,0x00,0x00,
0x03,0x01,0x01,0x01,0x01,0x0b,0x00,0x00,0x0c,0x0c,0x0c,0x0c,0x0c,0x0c,0x0e,0x04,
0x00,0x00,0x00,0x01,0x0c,0x01,0x00,0x01,0x00,0x00,0x00,0x00,0x00,0x00,0x00,0x00,
0x00,0x00,0x00,0x03,0x01,0x01,0x01,0x01,0x00,0x00,0x0a,0x0c,0x0c,0x0c,0x0c,0x0c,
0x0c,0x08,0x00,0x00,0x01,0x0c,0x01,0x00,0x00,0x00,0x00,0x00,0x00,0x00,0x00,0x00,
0x01,0x06,0x00,0x00,0x00,0x06,0x01,0x01,0x0c,0x0c,0x0b,0x00,0x00,0x08,0x0c,0x0c,
0x02,0x0c,0x08,0x00,0x00,0x05,0x0c,0x0c,0x00,0x00,0x00,0x00,0x06,0x0c,0x0c,0x0c,
0x01,0x00,0x00,0x00,0x08,0x0c,0x0c,0x0f,0x0c,0x00,0x00,0x00,0x08,0x0c,0x0c,0x02,
0x0c,0x0c,0x02,0x0c,0x0c,0x0c,0x00,0x00,0x0f,0x02,0x0c,0x0c,0x0c,0x0c,0x00,0x00,
0x04,0x00,0x03,0x0c,0x0c,0x0c,0x00,0x00,0x00,0x00,0x00,0x0c,0x0c,0x0c,0x00,0x00,
0x00,0x04,0x0c,0x0c,0x02,0x0b,0x0c,0x0c,0x00,0x00,0x0f,0x0c,0x0e,0x01,0x0c,0x0f,
0x00,0x00,0x02,0x0c,0x0c,0x02,0x0c,0x02,0x00,0x00,0x01,0x0c,0x0c,0x0c,0x0c,0x01,
0x06,0x0f,0x0c,0x09,0x01,0x0c,0x0c,0x08,0x00,0x02,0x0c,0x05,0x02,0x0c,0x0c,0x00,
0x00,0x01,0x0c,0x0e,0x07,0x0c,0x0e,0x00,0x00,0x0b,0x0c,0x0c,0x0c,0x0c,0x0d,0x00,
0x00,0x00,0x00,0x02,0x0c,0x0c,0x08,0x01,0x00,0x00,0x00,0x01,0x0c,0x0c,0x01,0x02,
0x00,0x00,0x00,0x03,0x0c,0x0c,0x02,0x0c,0x00,0x00,0x00,0x00,0x0f,0x0c,0x0c,0x0c,
0x0c,0x0c,0x09,0x00,0x00,0x0c,0x0c,0x0c,0x0c,0x0c,0x03,0x00,0x00,0x00,0x00,0x00,
0x0c,0x0f,0x00,0x00,0x00,0x00,0x00,0x00,0x0c,0x0d,0x00,0x00,0x00,0x00,0x00,0x00,
0x0c,0x0c,0x0c,0x0c,0x0c,0x0c,0x00,0x00,0x02,0x0c,0x01,0x00,0x00,0x00,0x00,0x00,
0x02,0x0c,0x01,0x00,0x00,0x00,0x00,0x00,0x02,0x0c,0x01,0x00,0x00,0x00,0x00,0x04,
0x00,0x07,0x0c,0x02,0x00,0x04,0x0f,0x0c,0x0a,0x0c,0x0c,0x08,0x00,0x00,0x0a,0x0c,
0x07,0x0c,0x02,0x00,0x00,0x00,0x00,0x07,0x05,0x0c,0x06,0x00,0x00,0x00,0x00,0x08,
0x05,0x00,0x00,0x00,0x00,0x05,0x0c,0x05,0x0c,0x03,0x00,0x00,0x00,0x0f,0x0c,0x0b,
0x0c,0x02,0x00,0x00,0x0a,0x0c,0x0f,0x00,0x0c,0x01,0x00,0x00,0x0d,0x0c,0x05,0x00,
0x00,0x07,0x0c,0x0a,0x00,0x00,0x0c,0x0c,0x00,0x01,0x0c,0x02,0x00,0x00,0x0c,0x0c,
0x00,0x06,0x0c,0x0c,0x06,0x00,0x0c,0x0c,0x00,0x00,0x0e,0x0c,0x01,0x00,0x07,0x0c,
0x0c,0x00,0x00,0x00,0x0c,0x0c,0x0c,0x00,0x0c,0x00,0x00,0x06,0x0c,0x0c,0x0c,0x00,
0x0c,0x09,0x0b,0x02,0x0c,0x0c,0x0c,0x00,0x0c,0x0c,0x0c,0x07,0x0c,0x0c,0x0c,0x00,
0x00,0x02,0x0c,0x0c,0x0c,0x0c,0x0c,0x0c,0x00,0x00,0x06,0x08,0x08,0x08,0x05,0x0c,
0x09,0x0c,0x0c,0x0e,0x00,0x00,0x08,0x0c,0x03,0x0c,0x0c,0x0c,0x0c,0x0c,0x0c,0x0c,
0x0c,0x05,0x00,0x00,0x07,0x0c,0x0c,0x0c,0x0c,0x02,0x00,0x08,0x0c,0x0c,0x0f,0x03,
0x0c,0x02,0x00,0x08,0x0c,0x0c,0x07,0x04,0x0c,0x01,0x00,0x04,0x0c,0x0c,0x0c,0x0c,
0x0c,0x0c,0x0c,0x0c,0x0c,0x00,0x0c,0x0c,0x04,0x09,0x0c,0x0c,0x0c,0x00,0x0c,0x0c,
0x00,0x0b,0x0c,0x0c,0x0c,0x00,0x0c,0x0c,0x0c,0x07,0x0c,0x0c,0x0c,0x00,0x0c,0x0c,
0x0c,0x00,0x00,0x00,0x00,0x00,0x00,0x01,0x0c,0x00,0x00,0x00,0x00,0x00,0x00,0x09,
0x0c,0x00,0x00,0x00,0x00,0x00,0x00,0x08,0x0c,0x00,0x00,0x00,0x00,0x00,0x00,0x00,
0x0c,0x0c,0x02,0x00,0x00,0x00,0x00,0x00,0x0c,0x0c,0x02,0x00,0x00,0x0a,0x02,0x02,
0x0c,0x0c,0x0f,0x0b,0x08,0x0e,0x0c,0x0c,0x0f,0x0c,0x0c,0x0c,0x0c,0x0c,0x0c,0x0c,
0x00,0x00,0x01,0x0c,0x0c,0x02,0x00,0x00,0x01,0x00,0x08,0x0c,0x0c,0x02,0x00,0x00,
0x01,0x00,0x08,0x0c,0x0c,0x0c,0x0a,0x08,0x0a,0x00,0x00,0x07,0x0c,0x0c,0x0c,0x0c,
0x00,0x0c,0x0c,0x0c,0x00,0x01,0x0c,0x0c,0x04,0x0c,0x0c,0x0c,0x00,0x09,0x0c,0x0c,
0x01,0x0c,0x0c,0x0f,0x00,0x08,0x0c,0x0c,0x0c,0x0c,0x0c,0x05,0x00,0x00,0x07,0x0c,
0x0f,0x02,0x02,0x02,0x02,0x02,0x01,0x00,0x02,0x00,0x00,0x04,0x08,0x08,0x03,0x00,
0x07,0x06,0x00,0x01,0x0c,0x0c,0x02,0x00,0x0c,0x0c,0x0c,0x0c,0x0c,0x0c,0x09,0x00,
0x0c,0x0c,0x0c,0x08,0x00,0x00,0x0c,0x0c,0x0c,0x0c,0x0c,0x08,0x00,0x00,0x0c,0x0c,
0x0c,0x0c,0x0c,0x08,0x00,0x00,0x0c,0x0c,0x0c,0x0c,0x0c,0x08,0x00,0x00,0x0c,0x0c,
0x0c,0x00,0x00,0x00,0x07,0x0c,0x02,0x00,0x0c,0x00,0x00,0x0a,0x0c,0x0c,0x08,0x0a,
0x0c,0x00,0x00,0x07,0x0c,0x02,0x00,0x07,0x0c,0x00,0x04,0x05,0x0c,0x06,0x04,0x05,
0x07,0x0c,0x02,0x00,0x00,0x01,0x0c,0x02,0x0c,0x0c,0x08,0x00,0x00,0x08,0x0c,0x0f,
0x0c,0x02,0x00,0x00,0x00,0x04,0x0f,0x0c,0x0c,0x03,0x00,0x00,0x04,0x0e,0x0c,0x0e,
0x00,0x00,0x00,0x02,0x0c,0x08,0x00,0x00,0x03,0x00,0x03,0x0c,0x0c,0x06,0x00,0x00,
0x0c,0x02,0x0c,0x0c,0x0e,0x00,0x00,0x00,0x0c,0x0c,0x0c,0x07,0x0c,0x05,0x00,0x00,
0x00,0x01,0x0c,0x0c,0x01,0x00,0x00,0x00,0x00,0x01,0x0c,0x0c,0x01,0x00,0x00,0x00,
0x00,0x01,0x0c,0x0c,0x01,0x00,0x00,0x00,0x00,0x01,0x0c,0x0c,0x01,0x00,0x0c,0x0c,
0x00,0x00,0x06,0x0c,0x0c,0x0c,0x0f,0x02,0x00,0x00,0x08,0x0c,0x0c,0x07,0x00,0x00,
0x00,0x00,0x0a,0x0c,0x0c,0x02,0x00,0x00,0x01,0x00,0x01,0x0c,0x0c,0x02,0x00,0x00,
0x0c,0x0c,0x0c,0x0e,0x00,0x00,0x00,0x00,0x08,0x0c,0x0c,0x0c,0x00,0x00,0x00,0x00,
0x00,0x0c,0x0c,0x0c,0x00,0x08,0x0c,0x0c,0x00,0x0c,0x0c,0x0c,0x00,0x08,0x0c,0x0c,
0x00,0x00,0x0c,0x0c,0x0c,0x00,0x00,0x00,0x00,0x00,0x0c,0x0c,0x0c,0x00,0x00,0x00,
0x02,0x00,0x0c,0x0c,0x0c,0x00,0x00,0x00,0x02,0x00,0x0c,0x0c,0x0c,0x00,0x00,0x00,
0x0c,0x0c,0x0c,0x00,0x03,0x02,0x02,0x02,0x0c,0x0c,0x0c,0x00,0x00,0x00,0x00,0x04,
0x0c,0x0c,0x0c,0x00,0x00,0x00,0x04,0x0e,0x0c,0x0c,0x0c,0x00,0x00,0x04,0x0e,0x0c,
0x0e,0x0c,0x0c,0x0c,0x01,0x00,0x06,0x0c,0x0e,0x0c,0x0c,0x0f,0x03,0x00,0x0b,0x0c,
0x0c,0x0c,0x0f,0x03,0x00,0x00,0x01,0x0c,0x0c,0x0f,0x03,0x00,0x00,0x00,0x01,0x0c,
0x0c,0x0c,0x0d,0x05,0x0f,0x0c,0x0c,0x09,0x0c,0x02,0x00,0x00,0x0a,0x0c,0x0c,0x0d,
0x0c,0x0c,0x0c,0x0c,0x0c,0x0c,0x0c,0x02,0x0c,0x0f,0x02,0x02,0x02,0x02,0x02,0x01,
0x00,0x00,0x02,0x0c,0x0c,0x0d,0x08,0x0d,0x00,0x00,0x08,0x08,0x08,0x04,0x00,0x08,
0x00,0x00,0x06,0x05,0x02,0x02,0x0d,0x09,0x00,0x00,0x07,0x0c,0x0c,0x0c,0x0c,0x0c,
0x0c,0x0c,0x0e,0x00,0x00,0x08,0x0c,0x0c,0x0c,0x0c,0x0c,0x00,0x00,0x08,0x0c,0x0c,
0x0c,0x0c,0x0c,0x00,0x00,0x08,0x0c,0x0c,0x0c,0x0c,0x0c,0x00,0x00,0x08,0x0c,0x0c,
0x0c,0x00,0x00,0x00,0x08,0x0c,0x0c,0x02,0x0c,0x00,0x00,0x00,0x08,0x0c,0x0c,0x0e,
0x0c,0x00,0x00,0x00,0x08,0x0c,0x0c,0x0c,0x0c,0x00,0x00,0x00,0x00,0x0f,0x0c,0x0c,
0x00,0x00,0x00,0x0c,0x0c,0x0c,0x00,0x00,0x00,0x00,0x04,0x0c,0x0c,0x0c,0x00,0x00,
0x09,0x08,0x05,0x0c,0x0c,0x0c,0x00,0x00,0x0c,0x0c,0x07,0x0c,0x0c,0x0c,0x00,0x00,
0x00,0x00,0x0a,0x0c,0x0c,0x0c,0x0c,0x0b,0x00,0x00,0x00,0x00,0x00,0x00,0x00,0x00,
0x00,0x00,0x00,0x00,0x00,0x00,0x00,0x00,0x00,0x00,0x00,0x00,0x00,0x00,0x00,0x00,
0x00,0x06,0x0c,0x0c,0x0c,0x0c,0x01,0x00,0x00,0x00,0x00,0x00,0x00,0x00,0x00,0x00,
0x00,0x00,0x00,0x00,0x00,0x00,0x00,0x00,0x00,0x00,0x00,0x00,0x00,0x00,0x00,0x00,
0x00,0x00,0x00,0x00,0x05,0x0c,0x0c,0x0c,0x00,0x00,0x00,0x00,0x00,0x00,0x00,0x00,
0x00,0x00,0x00,0x00,0x00,0x00,0x00,0x00,0x00,0x00,0x00,0x00,0x00,0x00,0x00,0x00,
0x0c,0x09,0x00,0x00,0x00,0x00,0x00,0x00,0x00,0x00,0x00,0x00,0x00,0x00,0x00,0x00,
0x00,0x00,0x00,0x00,0x00,0x00,0x00,0x00,0x00,0x00,0x00,0x00,0x00,0x00,0x00,0x00,
0x01,0x02,0x0a,0x00,0x00,0x00,0x00,0x00,0x00,0x00,0x00,0x00,0x00,0x00,0x00,0x00,
0x00,0x00,0x00,0x00,0x00,0x00,0x00,0x00,0x00,0x00,0x00,0x00,0x00,0x00,0x00,0x00,
0x00,0x06,0x00,0x00,0x00,0x00,0x00,0x00,0x00,0x00,0x00,0x00,0x00,0x00,0x00,0x00,
0x00,0x00,0x00,0x00,0x00,0x00,0x00,0x00,0x00,0x00,0x00,0x00,0x00,0x00,0x00,0x00,
0x06,0x00,0x00,0x00,0x01,0x01,0x06,0x00,0x00,0x00,0x00,0x00,0x00,0x00,0x00,0x00,
0x00,0x00,0x00,0x00,0x00,0x00,0x00,0x00,0x00,0x00,0x00,0x00,0x00,0x00,0x00,0x00,
0x00,0x00,0x08,0x01,0x0a,0x00,0x03,0x07,0x00,0x00,0x00,0x00,0x00,0x00,0x00,0x00,
0x00,0x00,0x00,0x00,0x00,0x00,0x00,0x00,0x00,0x00,0x00,0x00,0x00,0x00,0x00,0x00,
0x0c,0x0c,0x07,0x03,0x0c,0x0c,0x0c,0x00,0x00,0x00,0x00,0x00,0x00,0x00,0x00,0x00,
0x00,0x00,0x00,0x00,0x00,0x00,0x00,0x00,0x00,0x00,0x00,0x00,0x00,0x00,0x00,0x00,
0x00,0x0a,0x0f,0x0c,0x0c,0x0c,0x0c,0x07,0x00,0x00,0x00,0x00,0x00,0x00,0x00,0x00,
0x00,0x00,0x00,0x00,0x00,0x00,0x00,0x00,0x00,0x00,0x00,0x00,0x00,0x00,0x00,0x00,
0x01,0x00,0x00,0x00,0x0a,0x0f,0x0c,0x0c,0x00,0x00,0x00,0x00,0x00,0x00,0x00,0x00,
0x00,0x00,0x00,0x00,0x00,0x00,0x00,0x00,0x00,0x00,0x00,0x00,0x00,0x00,0x00,0x00,
0x0f,0x0a,0x0c,0x0c,0x0c,0x00,0x0c,0x0c,0x00,0x00,0x00,0x00,0x00,0x00,0x00,0x00,
0x00,0x00,0x00,0x00,0x00,0x00,0x00,0x00,0x00,0x00,0x00,0x00,0x00,0x00,0x00,0x00,
0x0c,0x00,0x00,0x00,0x00,0x00,0x00,0x00,0x00,0x00,0x00,0x00,0x00,0x00,0x00,0x00,
0x00,0x00,0x00,0x00,0x00,0x00,0x00,0x00,0x00,0x00,0x00,0x00,0x00,0x00,0x00,0x00,
0x03,0x02,0x0c,0x0c,0x0c,0x0c,0x0f,0x01,0x00,0x00,0x00,0x00,0x00,0x00,0x00,0x00,
0x00,0x00,0x00,0x00,0x00,0x00,0x00,0x00,0x00,0x00,0x00,0x00,0x00,0x00,0x00,0x00,
0x00,0x00,0x00,0x03,0x0d,0x0c,0x0c,0x0c,0x00,0x00,0x00,0x00,0x00,0x00,0x00,0x00,
0x00,0x00,0x00,0x00,0x00,0x00,0x00,0x00,0x00,0x00,0x00,0x00,0x00,0x00,0x00,0x00,
0x0c,0x0f,0x05,0x04,0x00,0x00,0x03,0x0d,0x00,0x00,0x00,0x00,0x00,0x00,0x00,0x00,
0x00,0x00,0x00,0x00,0x00,0x00,0x00,0x00,0x00,0x00,0x00,0x00,0x00,0x00,0x00,0x00,
0x0c,0x0c,0x0c,0x0c,0x0f,0x01,0x00,0x00,0x00,0x00,0x00,0x00,0x00,0x00,0x00,0x00,
0x00,0x00,0x00,0x00,0x00,0x00,0x00,0x00,0x00,0x00,0x00,0x00,0x00,0x00,0x00,0x00,
0x0c,0x0c,0x0c,0x08,0x00,0x00,0x0c,0x0c,0x00,0x00,0x00,0x00,0x00,0x00,0x00,0x00,
0x00,0x00,0x00,0x00,0x00,0x00,0x00,0x00,0x00,0x00,0x00,0x00,0x00,0x00,0x00,0x00,
0x0c,0x00,0x00,0x00,0x06,0x00,0x00,0x00,0x00,0x00,0x00,0x00,0x00,0x00,0x00,0x00,
0x00,0x00,0x00,0x00,0x00,0x00,0x00,0x00,0x00,0x00,0x00,0x00,0x00,0x00,0x00,0x00,
0x06,0x00,0x00,0x00,0x00,0x05,0x05,0x00,0x00,0x00,0x00,0x00,0x00,0x00,0x00,0x00,
0x00,0x00,0x00,0x00,0x00,0x00,0x00,0x00,0x00,0x00,0x00,0x00,0x00,0x00,0x00,0x00,
0x06,0x08,0x06,0x04,0x0e,0x05,0x00,0x00,0x00,0x00,0x00,0x00,0x00,0x00,0x00,0x00,
0x00,0x00,0x00,0x00,0x00,0x00,0x00,0x00,0x00,0x00,0x00,0x00,0x00,0x00,0x00,0x00,
0x00,0x01,0x0c,0x0c,0x05,0x0b,0x0c,0x0c,0x00,0x09,0x0c,0x0c,0x0c,0x0c,0x0c,0x0c,
0x00,0x04,0x0d,0x0c,0x0c,0x0c,0x0c,0x01,0x00,0x00,0x00,0x00,0x00,0x00,0x00,0x00,
0x01,0x00,0x08,0x0c,0x0c,0x02,0x00,0x00,0x0b,0x00,0x08,0x0c,0x0c,0x0c,0x0a,0x08,
0x00,0x00,0x00,0x07,0x0c,0x0c,0x0c,0x0c,0x00,0x00,0x00,0x03,0x0d,0x0c,0x0c,0x0c,
0x04,0x0c,0x0c,0x0c,0x00,0x08,0x0c,0x0c,0x01,0x0c,0x0c,0x0f,0x00,0x00,0x0b,0x0c,
0x0c,0x0c,0x0c,0x05,0x00,0x0a,0x0f,0x0c,0x0c,0x0f,0x05,0x04,0x00,0x08,0x01,0x08,
0x02,0x00,0x0c,0x0c,0x0c,0x00,0x00,0x06,0x01,0x00,0x0c,0x0c,0x0c,0x09,0x0b,0x02,
0x0a,0x00,0x07,0x0c,0x0c,0x0c,0x0c,0x07,0x00,0x00,0x03,0x07,0x0c,0x0c,0x07,0x03,
0x0c,0x0c,0x0c,0x00,0x00,0x0d,0x0c,0x0c,0x0c,0x0c,0x0c,0x00,0x01,0x0c,0x0c,0x0c,
0x0c,0x0c,0x0c,0x00,0x02,0x0c,0x0c,0x0c,0x0c,0x0c,0x0c,0x00,0x02,0x0c,0x0c,0x0c,
0x0c,0x08,0x00,0x00,0x00,0x00,0x09,0x0c,0x05,0x08,0x08,0x08,0x06,0x00,0x08,0x0c,
0x0c,0x0c,0x0c,0x0c,0x01,0x00,0x00,0x07,0x0c,0x0c,0x0c,0x0c,0x01,0x00,0x00,0x03,
0x0c,0x02,0x00,0x00,0x04,0x08,0x08,0x03,0x0c,0x07,0x06,0x00,0x01,0x0c,0x0c,0x02,
0x0c,0x0c,0x0c,0x0c,0x0c,0x0c,0x0c,0x09,0x0d,0x0c,0x0c,0x0c,0x0c,0x0f,0x01,0x00,
0x00,0x08,0x0c,0x0c,0x0f,0x03,0x04,0x09,0x00,0x08,0x0c,0x0c,0x07,0x04,0x00,0x0b,
0x00,0x04,0x0c,0x0c,0x0c,0x0c,0x0c,0x07,0x00,0x00,0x0a,0x0f,0x0c,0x0c,0x0f,0x0a,
0x0c,0x0c,0x0c,0x00,0x00,0x08,0x0c,0x0c,0x0c,0x0c,0x0c,0x00,0x00,0x08,0x0c,0x0c,
0x0c,0x0c,0x0c,0x00,0x00,0x08,0x0c,0x0c,0x0c,0x0c,0x0c,0x00,0x00,0x08,0x0c,0x0c,
0x0c,0x00,0x00,0x00,0x00,0x03,0x07,0x0c,0x0c,0x00,0x00,0x00,0x00,0x00,0x00,0x00,
0x0c,0x00,0x00,0x00,0x00,0x00,0x00,0x00,0x0c,0x00,0x00,0x00,0x00,0x00,0x00,0x00,
0x0c,0x0f,0x08,0x0c,0x0c,0x0c,0x00,0x00,0x00,0x00,0x00,0x0c,0x0c,0x0c,0x00,0x00,
0x00,0x00,0x00,0x0c,0x0c,0x0c,0x00,0x00,0x00,0x00,0x00,0x0c,0x0c,0x0c,0x00,0x00,
0x00,0x00,0x00,0x00,0x00,0x00,0x00,0x00,0x00,0x00,0x00,0x00,0x00,0x00,0x00,0x00,
0x00,0x01,0x01,0x01,0x00,0x00,0x00,0x00,0x00,0x0c,0x0c,0x0c,0x00,0x00,0x00,0x00,
0x00,0x00,0x00,0x00,0x00,0x00,0x00,0x00,0x00,0x00,0x00,0x00,0x00,0x00,0x00,0x00,
0x00,0x00,0x00,0x00,0x00,0x00,0x00,0x00,0x00,0x00,0x00,0x00,0x00,0x00,0x00,0x00,
0x00,0x00,0x00,0x00,0x00,0x00,0x00,0x00,0x00,0x00,0x00,0x00,0x00,0x00,0x00,0x00,
0x00,0x03,0x01,0x01,0x01,0x01,0x01,0x06,0x04,0x07,0x0c,0x0c,0x0c,0x0c,0x0c,0x08,
0x00,0x00,0x00,0x00,0x00,0x00,0x00,0x00,0x00,0x00,0x00,0x00,0x00,0x00,0x00,0x00,
0x00,0x00,0x01,0x01,0x01,0x00,0x0a,0x01,0x00,0x00,0x0c,0x0c,0x0c,0x01,0x0c,0x0c,
0x00,0x00,0x00,0x00,0x00,0x00,0x00,0x00,0x00,0x00,0x00,0x00,0x00,0x00,0x00,0x00,
0x01,0x0b,0x00,0x00,0x00,0x08,0x01,0x01,0x0c,0x0c,0x0d,0x00,0x00,0x01,0x0c,0x0c,
0x00,0x00,0x00,0x00,0x00,0x00,0x00,0x00,0x00,0x00,0x00,0x00,0x00,0x00,0x00,0x00,
0x01,0x01,0x01,0x01,0x01,0x01,0x01,0x06,0x0c,0x0c,0x0c,0x0c,0x0c,0x0c,0x0c,0x08,
0x00,0x00,0x00,0x00,0x00,0x00,0x00,0x00,0x00,0x00,0x00,0x00,0x00,0x00,0x00,0x00,
0x00,0x06,0x01,0x01,0x01,0x01,0x01,0x01,0x00,0x08,0x0c,0x0c,0x0c,0x0c,0x0c,0x0c,
0x00,0x00,0x00,0x00,0x00,0x00,0x00,0x00,0x00,0x00,0x00,0x00,0x00,0x00,0x00,0x00,
0x01,0x01,0x01,0x01,0x08,0x00,0x04,0x01,0x0c,0x0c,0x0c,0x0c,0x01,0x00,0x00,0x02,
0x00,0x00,0x00,0x00,0x00,0x00,0x00,0x00,0x00,0x00,0x00,0x00,0x00,0x00,0x00,0x00,
0x01,0x01,0x01,0x00,0x00,0x00,0x00,0x06,0x0c,0x0c,0x0c,0x08,0x00,0x00,0x00,0x05,
0x00,0x00,0x00,0x00,0x00,0x00,0x00,0x00,0x00,0x00,0x00,0x00,0x00,0x00,0x00,0x00,
0x01,0x01,0x01,0x09,0x00,0x00,0x09,0x01,0x0c,0x0c,0x0c,0x01,0x00,0x00,0x01,0x0c,
0x00,0x00,0x00,0x00,0x00,0x00,0x00,0x00,0x00,0x00,0x00,0x00,0x00,0x00,0x00,0x00,
0x01,0x01,0x06,0x00,0x00,0x00,0x04,0x01,0x0c,0x0c,0x05,0x00,0x00,0x00,0x01,0x0c,
0x00,0x00,0x00,0x00,0x00,0x00,0x00,0x00,0x00,0x00,0x00,0x00,0x00,0x00,0x00,0x00,
0x01,0x01,0x01,0x00,0x00,0x04,0x01,0x01,0x0c,0x0c,0x05,0x00,0x00,0x00,0x0f,0x0c,
0x00,0x00,0x00,0x00,0x00,0x00,0x00,0x00,0x00,0x00,0x00,0x00,0x00,0x00,0x00,0x00,
0x01,0x08,0x00,0x00,0x00,0x00,0x01,0x01,0x0c,0x0d,0x00,0x00,0x00,0x06,0x0c,0x0c,
0x00,0x00,0x00,0x00,0x00,0x00,0x00,0x00,0x00,0x00,0x00,0x00,0x00,0x00,0x00,0x00,
0x01,0x09,0x00,0x00,0x00,0x00,0x0b,0x01,0x0c,0x0c,0x04,0x00,0x00,0x00,0x02,0x0c,
0x00,0x00,0x00,0x00,0x00,0x00,0x00,0x00,0x00,0x00,0x00,0x00,0x00,0x00,0x00,0x00,
0x01,0x01,0x00,0x06,0x01,0x01,0x01,0x08,0x0c,0x0e,0x00,0x00,0x0c,0x0c,0x0c,0x05,
0x00,0x00,0x00,0x00,0x00,0x00,0x00,0x00,0x00,0x00,0x00,0x00,0x00,0x00,0x00,0x00,
0x00,0x00,0x00,0x00,0x00,0x0a,0x01,0x01,0x00,0x00,0x00,0x00,0x00,0x0f,0x0c,0x0c,
0x00,0x00,0x00,0x00,0x00,0x00,0x00,0x00,0x00,0x00,0x00,0x00,0x00,0x00,0x00,0x00,
0x01,0x00,0x0a,0x01,0x01,0x0a,0x00,0x00,0x0e,0x00,0x02,0x0c,0x0c,0x02,0x00,0x00,
0x00,0x00,0x00,0x00,0x00,0x00,0x00,0x00,0x00,0x00,0x00,0x00,0x00,0x00,0x00,0x00,
0x00,0x00,0x0a,0x01,0x01,0x0a,0x00,0x01,0x00,0x00,0x02,0x0c,0x0c,0x02,0x00,0x0c,
0x00,0x00,0x00,0x00,0x00,0x00,0x00,0x00,0x00,0x00,0x00,0x00,0x00,0x00,0x00,0x00,
0x01,0x01,0x01,0x01,0x01,0x01,0x01,0x01,0x0c,0x0c,0x0c,0x0c,0x0c,0x0c,0x0c,0x0c,
0x00,0x00,0x00,0x00,0x00,0x00,0x00,0x00,0x00,0x00,0x00,0x00,0x00,0x00,0x00,0x00,
0x01,0x0a,0x00,0x00,0x00,0x06,0x09,0x01,0x0c,0x02,0x00,0x00,0x0a,0x0c,0x0c,0x0c,
0x00,0x00,0x00,0x00,0x00,0x00,0x00,0x00,0x00,0x00,0x00,0x00,0x00,0x00,0x00,0x00,
0x01,0x01,0x01,0x01,0x0a,0x04,0x00,0x00,0x0c,0x0c,0x0c,0x0c,0x0c,0x0f,0x06,0x00,
0x00,0x00,0x00,0x00,0x00,0x00,0x00,0x00,0x00,0x00,0x00,0x00,0x00,0x00,0x00,0x00,
0x00,0x01,0x01,0x01,0x01,0x01,0x01,0x01,0x00,0x0c,0x0c,0x0c,0x0c,0x0c,0x0c,0x0c,
0x00,0x00,0x00,0x00,0x00,0x00,0x00,0x00,0x00,0x00,0x00,0x00,0x00,0x00,0x00,0x00,
0x01,0x09,0x03,0x00,0x00,0x00,0x06,0x01,0x0c,0x0c,0x0c,0x05,0x00,0x00,0x08,0x0c,
0x00,0x00,0x00,0x00,0x00,0x00,0x00,0x00,0x00,0x00,0x00,0x00,0x00,0x00,0x00,0x00,
0x01,0x08,0x00,0x00,0x00,0x00,0x06,0x01,0x0c,0x01,0x00,0x00,0x00,0x04,0x09,0x0c,
0x00,0x00,0x00,0x00,0x00,0x00,0x00,0x00,0x00,0x00,0x00,0x00,0x00,0x00,0x00,0x00,
0x00,0x00,0x00,0x00,0x00,0x00,0x00,0x00,0x08,0x00,0x00,0x00,0x00,0x00,0x00,0x00,
0x00,0x00,0x00,0x00,0x00,0x00,0x00,0x00,0x00,0x00,0x00,0x00,0x00,0x00,0x00,0x00,
0x00,0x03,0x01,0x01,0x01,0x01,0x01,0x0b,0x05,0x0c,0x0c,0x0c,0x0c,0x0c,0x0c,0x0c,
0x00,0x00,0x00,0x00,0x00,0x00,0x00,0x00,0x00,0x00,0x00,0x00,0x00,0x00,0x00,0x00,
0x00,0x00,0x00,0x00,0x00,0x06,0x0a,0x01,0x0e,0x04,0x00,0x00,0x01,0x0c,0x0c,0x0c,
0x00,0x00,0x00,0x00,0x00,0x00,0x00,0x00,0x00,0x00,0x00,0x00,0x00,0x00,0x00,0x00,
0x01,0x01,0x01,0x01,0x03,0x00,0x00,0x00,0x0c,0x0c,0x0c,0x0c,0x0c,0x02,0x04,0x00,
0x00,0x00,0x00,0x00,0x00,0x00,0x00,0x00,0x00,0x00,0x00,0x00,0x00,0x00,0x00,0x00,
0x00,0x00,0x0a,0x01,0x01,0x01,0x04,0x00,0x00,0x00,0x0b,0x0c,0x0c,0x0c,0x01,0x00,
0x00,0x00,0x00,0x00,0x00,0x00,0x00,0x00,0x00,0x00,0x00,0x00,0x00,0x00,0x00,0x00,
0x00,0x00,0x06,0x01,0x01,0x01,0x0b,0x00,0x00,0x00,0x05,0x0c,0x0c,0x0c,0x08,0x00,
0x00,0x00,0x00,0x00,0x00,0x00,0x00,0x00,0x00,0x00,0x00,0x00,0x00,0x00,0x00,0x00,
0x01,0x01,0x01,0x01,0x01,0x01,0x01,0x01,0x0c,0x0c,0x0c,0x0c,0x0c,0x0c,0x0c,0x0c,
0x00,0x00,0x00,0x0c,0x0c,0x0c,0x00,0x00,0x00,0x00,0x00,0x00,0x00,0x00,0x00,0x00,
0x0b,0x04,0x00,0x00,0x00,0x00,0x00,0x00,0x0c,0x0f,0x03,0x00,0x00,0x00,0x00,0x00,
0x00,0x0c,0x0c,0x0c,0x00,0x00,0x00,0x00,0x00,0x0c,0x0c,0x0c,0x00,0x00,0x00,0x00,
0x00,0x0c,0x0c,0x0c,0x00,0x0a,0x01,0x01,0x00,0x0c,0x0c,0x0c,0x01,0x0c,0x0c,0x0c,
0x00,0x00,0x00,0x00,0x00,0x00,0x00,0x00,0x00,0x00,0x00,0x00,0x00,0x00,0x00,0x09,
0x0a,0x00,0x00,0x00,0x00,0x00,0x03,0x0f,0x0c,0x0d,0x00,0x00,0x00,0x04,0x0e,0x0c,
0x0d,0x0c,0x0c,0x0c,0x0c,0x0c,0x0c,0x08,0x0c,0x0c,0x0c,0x05,0x0c,0x0c,0x0c,0x08,
0x0c,0x0c,0x05,0x08,0x0c,0x0c,0x0c,0x08,0x0c,0x0e,0x04,0x08,0x0c,0x0c,0x0c,0x08,
0x00,0x00,0x0c,0x0c,0x0c,0x0c,0x02,0x0f,0x00,0x00,0x0c,0x0c,0x0c,0x0b,0x00,0x00,
0x00,0x00,0x0c,0x0c,0x0c,0x04,0x00,0x00,0x00,0x00,0x0c,0x0c,0x0c,0x00,0x00,0x00,
0x0c,0x0c,0x0c,0x08,0x00,0x01,0x0c,0x0c,0x07,0x0c,0x0c,0x01,0x00,0x01,0x0c,0x0c,
0x02,0x0c,0x0c,0x01,0x00,0x01,0x0c,0x0c,0x02,0x0c,0x0c,0x01,0x00,0x01,0x0c,0x0c,
0x0c,0x0c,0x0c,0x0c,0x0c,0x0c,0x0c,0x08,0x01,0x00,0x00,0x00,0x00,0x00,0x00,0x00,
0x01,0x04,0x08,0x08,0x08,0x04,0x00,0x00,0x0d,0x0f,0x0c,0x0c,0x0c,0x0c,0x01,0x00,
0x00,0x08,0x0c,0x0c,0x0c,0x0c,0x0c,0x0c,0x00,0x03,0x02,0x02,0x02,0x02,0x02,0x0e,
0x00,0x00,0x00,0x00,0x00,0x00,0x04,0x0e,0x00,0x00,0x00,0x00,0x00,0x00,0x0e,0x0c,
0x0c,0x0c,0x0c,0x0c,0x01,0x00,0x00,0x03,0x0c,0x0c,0x0c,0x0c,0x0a,0x00,0x00,0x00,
0x0c,0x0c,0x0c,0x05,0x00,0x00,0x00,0x00,0x0c,0x0c,0x05,0x00,0x00,0x00,0x00,0x00,
0x0c,0x0c,0x0c,0x02,0x00,0x00,0x06,0x0c,0x05,0x0c,0x0c,0x0c,0x08,0x00,0x05,0x0c,
0x06,0x0c,0x0c,0x0c,0x0d,0x04,0x0f,0x0c,0x00,0x01,0x0c,0x0c,0x0c,0x05,0x0c,0x0c,
0x0c,0x0c,0x07,0x00,0x00,0x00,0x00,0x07,0x0c,0x0c,0x0a,0x00,0x00,0x00,0x00,0x08,
0x0c,0x02,0x00,0x00,0x00,0x00,0x00,0x00,0x0c,0x08,0x00,0x00,0x00,0x00,0x00,0x00,
0x0c,0x0c,0x0c,0x06,0x00,0x00,0x0f,0x0c,0x0c,0x0c,0x0c,0x05,0x00,0x0a,0x0c,0x0c,
0x02,0x0c,0x0c,0x0c,0x06,0x07,0x0c,0x0c,0x06,0x0c,0x0c,0x0c,0x07,0x0c,0x0c,0x0c,
0x0c,0x0f,0x04,0x00,0x00,0x00,0x02,0x0c,0x0c,0x01,0x00,0x00,0x00,0x00,0x01,0x0c,
0x07,0x04,0x00,0x00,0x00,0x00,0x0b,0x0c,0x0a,0x00,0x00,0x00,0x00,0x00,0x04,0x0c,
0x0c,0x07,0x00,0x00,0x00,0x0a,0x0c,0x0c,0x0c,0x0c,0x00,0x00,0x00,0x05,0x0c,0x0c,
0x0c,0x0c,0x08,0x00,0x00,0x07,0x0c,0x0c,0x0c,0x0c,0x09,0x00,0x06,0x0c,0x0c,0x07,
0x0c,0x0c,0x0b,0x00,0x00,0x00,0x0c,0x0c,0x0c,0x0c,0x01,0x00,0x00,0x03,0x0c,0x0c,
0x0c,0x0c,0x02,0x00,0x00,0x0a,0x0c,0x0c,0x0c,0x0c,0x0c,0x00,0x00,0x01,0x0c,0x0c,
0x0c,0x01,0x00,0x00,0x0d,0x0c,0x0c,0x0f,0x0c,0x0a,0x00,0x00,0x09,0x0c,0x0c,0x0c,
0x0c,0x06,0x00,0x00,0x06,0x0c,0x0c,0x0c,0x0f,0x00,0x00,0x00,0x00,0x07,0x0c,0x0c,
0x00,0x00,0x00,0x00,0x03,0x0c,0x0c,0x0c,0x03,0x00,0x00,0x00,0x01,0x0c,0x0c,0x0c,
0x01,0x00,0x00,0x00,0x0e,0x0c,0x0c,0x0f,0x02,0x00,0x00,0x04,0x0c,0x0c,0x0c,0x05,
0x01,0x00,0x02,0x0c,0x0c,0x02,0x00,0x00,0x03,0x00,0x02,0x0c,0x0c,0x02,0x00,0x00,
0x00,0x00,0x02,0x0c,0x0c,0x02,0x00,0x00,0x00,0x00,0x02,0x0c,0x0c,0x02,0x00,0x00,
0x00,0x00,0x02,0x0c,0x0c,0x02,0x00,0x0c,0x00,0x00,0x02,0x0c,0x0c,0x02,0x00,0x02,
0x00,0x00,0x02,0x0c,0x0c,0x02,0x00,0x00,0x00,0x00,0x02,0x0c,0x0c,0x02,0x00,0x00,
0x0c,0x0c,0x0c,0x0c,0x0c,0x0c,0x0c,0x0c,0x02,0x02,0x07,0x0c,0x0c,0x0c,0x02,0x02,
0x00,0x00,0x01,0x0c,0x0c,0x0c,0x00,0x00,0x00,0x00,0x01,0x0c,0x0c,0x0c,0x00,0x00,
0x0c,0x02,0x00,0x04,0x0f,0x0c,0x0c,0x0c,0x02,0x01,0x00,0x08,0x0c,0x0c,0x0c,0x02,
0x00,0x00,0x00,0x08,0x0c,0x0c,0x0c,0x08,0x00,0x00,0x00,0x08,0x0c,0x0c,0x0c,0x02,
0x0c,0x0c,0x0c,0x0c,0x0c,0x0c,0x05,0x00,0x0a,0x08,0x0a,0x0f,0x0c,0x0c,0x02,0x00,
0x00,0x00,0x00,0x09,0x02,0x02,0x01,0x00,0x0b,0x08,0x08,0x04,0x00,0x00,0x00,0x00,
0x00,0x0c,0x0c,0x0c,0x0c,0x0c,0x0c,0x0c,0x00,0x0c,0x0c,0x0c,0x0f,0x02,0x02,0x02,
0x00,0x0c,0x0c,0x0c,0x02,0x00,0x00,0x00,0x00,0x0c,0x0c,0x0c,0x02,0x00,0x00,0x00,
0x0c,0x0c,0x0c,0x0c,0x0b,0x00,0x08,0x0c,0x07,0x0c,0x0c,0x0c,0x01,0x00,0x03,0x02,
0x03,0x0c,0x0c,0x0c,0x01,0x00,0x00,0x00,0x00,0x0c,0x0c,0x0c,0x01,0x00,0x00,0x00,
0x0c,0x01,0x00,0x04,0x02,0x0c,0x0c,0x0c,0x02,0x0a,0x00,0x0d,0x0c,0x0c,0x0c,0x0c,
0x00,0x00,0x00,0x0c,0x0c,0x0c,0x01,0x08,0x00,0x00,0x00,0x0c,0x0c,0x0c,0x00,0x00,
0x0c,0x0c,0x02,0x04,0x00,0x00,0x00,0x03,0x0c,0x0c,0x0c,0x01,0x00,0x00,0x00,0x01,
0x01,0x0c,0x0c,0x02,0x00,0x00,0x00,0x01,0x00,0x01,0x01,0x0a,0x00,0x00,0x00,0x01,
0x0c,0x0c,0x0c,0x0c,0x0c,0x0c,0x0c,0x0c,0x0c,0x0c,0x0c,0x0d,0x01,0x01,0x0c,0x0c,
0x0c,0x0c,0x0c,0x04,0x00,0x00,0x0c,0x0c,0x0c,0x0c,0x0c,0x00,0x00,0x00,0x00,0x00,
0x0c,0x09,0x00,0x0a,0x0c,0x0c,0x0c,0x0c,0x0c,0x01,0x00,0x0e,0x0c,0x0c,0x0c,0x02,
0x0c,0x02,0x00,0x0c,0x0c,0x0c,0x0e,0x00,0x00,0x00,0x00,0x0c,0x0c,0x0c,0x0d,0x00,
0x0c,0x0c,0x0c,0x0c,0x0c,0x0c,0x02,0x00,0x01,0x01,0x05,0x0c,0x0c,0x0c,0x0c,0x06,
0x00,0x00,0x00,0x01,0x0c,0x0c,0x0c,0x0b,0x00,0x00,0x00,0x08,0x0c,0x0c,0x0c,0x01,
0x00,0x00,0x00,0x02,0x0c,0x0c,0x0f,0x00,0x00,0x00,0x00,0x08,0x0c,0x0c,0x0c,0x0a,
0x00,0x00,0x02,0x0c,0x0c,0x0c,0x0c,0x07,0x00,0x00,0x02,0x0c,0x0c,0x0c,0x0c,0x0c,
0x00,0x04,0x0c,0x0c,0x0c,0x02,0x00,0x00,0x00,0x01,0x0c,0x0c,0x0c,0x06,0x00,0x00,
0x04,0x0f,0x0c,0x0c,0x0c,0x0c,0x02,0x00,0x05,0x0c,0x0c,0x0c,0x0c,0x0c,0x02,0x00,
0x0c,0x0c,0x0c,0x0c,0x0c,0x0c,0x0c,0x0c,0x0c,0x0c,0x0c,0x0f,0x02,0x02,0x02,0x0f,
0x0c,0x0c,0x0c,0x02,0x00,0x00,0x00,0x0b,0x0c,0x0c,0x0c,0x02,0x00,0x00,0x00,0x08,
0x0c,0x0c,0x0f,0x00,0x00,0x00,0x00,0x00,0x0c,0x0c,0x0c,0x08,0x00,0x00,0x00,0x00,
0x0c,0x0c,0x0c,0x09,0x00,0x00,0x00,0x00,0x0c,0x0c,0x0c,0x01,0x00,0x00,0x00,0x00,
0x00,0x0c,0x0c,0x0c,0x0c,0x02,0x07,0x0c,0x00,0x0c,0x0c,0x0c,0x0a,0x00,0x04,0x07,
0x00,0x0c,0x0c,0x0c,0x06,0x00,0x00,0x02,0x00,0x0c,0x0c,0x0c,0x00,0x00,0x00,0x02,
0x0c,0x0c,0x03,0x00,0x00,0x05,0x0c,0x0c,0x0c,0x0c,0x09,0x00,0x03,0x0c,0x0c,0x0c,
0x0c,0x0c,0x01,0x00,0x08,0x0c,0x0c,0x0e,0x0c,0x0c,0x01,0x00,0x08,0x0c,0x0c,0x0c,
0x0f,0x03,0x00,0x08,0x0c,0x0c,0x0c,0x08,0x0a,0x00,0x00,0x08,0x0c,0x0c,0x0c,0x08,
0x08,0x08,0x08,0x09,0x0c,0x0c,0x0c,0x09,0x0c,0x0c,0x0c,0x0c,0x0c,0x0c,0x0c,0x0c,
0x00,0x00,0x0c,0x0c,0x0c,0x03,0x00,0x00,0x00,0x00,0x0c,0x0c,0x0c,0x0d,0x08,0x0a,
0x04,0x00,0x0c,0x0c,0x0c,0x07,0x0c,0x0c,0x08,0x00,0x0c,0x0c,0x0c,0x03,0x07,0x0c,
0x02,0x0c,0x0c,0x01,0x00,0x01,0x0c,0x0c,0x0c,0x0c,0x0c,0x0b,0x00,0x01,0x0c,0x0c,
0x0c,0x0c,0x0f,0x04,0x00,0x00,0x00,0x00,0x0c,0x07,0x0b,0x00,0x00,0x00,0x00,0x00,
0x0c,0x0c,0x0c,0x0c,0x0c,0x0c,0x0c,0x0a,0x07,0x01,0x01,0x01,0x0f,0x0c,0x0c,0x0d,
0x00,0x00,0x00,0x00,0x02,0x0c,0x0c,0x02,0x00,0x00,0x00,0x00,0x02,0x0c,0x0c,0x02,
0x00,0x00,0x00,0x00,0x00,0x05,0x0c,0x0c,0x00,0x00,0x00,0x00,0x05,0x0c,0x0c,0x0c,
0x00,0x00,0x00,0x0a,0x0c,0x0c,0x0c,0x0f,0x00,0x00,0x0a,0x0c,0x0c,0x0c,0x0f,0x03,
0x0c,0x0e,0x04,0x00,0x00,0x00,0x00,0x00,0x0e,0x04,0x00,0x00,0x00,0x00,0x00,0x00,
0x04,0x00,0x00,0x00,0x00,0x00,0x00,0x00,0x00,0x00,0x00,0x00,0x00,0x00,0x00,0x00,
0x00,0x04,0x0f,0x0c,0x0c,0x0c,0x0c,0x0c,0x00,0x00,0x01,0x0c,0x0c,0x0c,0x0c,0x0c,
0x00,0x00,0x00,0x07,0x0c,0x0c,0x0c,0x01,0x00,0x00,0x00,0x01,0x0c,0x0c,0x0c,0x04,
0x05,0x00,0x00,0x00,0x00,0x00,0x00,0x00,0x06,0x00,0x00,0x00,0x00,0x00,0x00,0x00,
0x00,0x00,0x00,0x00,0x00,0x00,0x00,0x00,0x00,0x00,0x00,0x00,0x00,0x00,0x00,0x00,
0x00,0x01,0x0c,0x0c,0x0c,0x0c,0x0c,0x02,0x00,0x01,0x0c,0x0c,0x0c,0x0c,0x0c,0x02,
0x06,0x0f,0x0c,0x0c,0x0f,0x0c,0x0c,0x0c,0x0d,0x0c,0x0c,0x0c,0x0b,0x0f,0x0c,0x0c,
0x00,0x00,0x00,0x00,0x00,0x00,0x00,0x07,0x00,0x00,0x00,0x00,0x00,0x00,0x00,0x05,
0x0b,0x00,0x00,0x00,0x00,0x00,0x00,0x09,0x07,0x00,0x00,0x00,0x00,0x00,0x00,0x08,
0x0c,0x0c,0x05,0x00,0x0a,0x0c,0x0c,0x05,0x0c,0x0c,0x02,0x00,0x05,0x0c,0x0c,0x09,
0x0c,0x0c,0x0c,0x00,0x07,0x0c,0x0c,0x03,0x0c,0x0c,0x0c,0x0b,0x0c,0x0c,0x0f,0x00,
0x02,0x0c,0x0c,0x08,0x00,0x02,0x0c,0x0c,0x01,0x0c,0x0c,0x01,0x00,0x0c,0x0c,0x0c,
0x0b,0x0c,0x0c,0x0d,0x03,0x0c,0x0c,0x0c,0x06,0x0c,0x0c,0x0f,0x0b,0x0c,0x0c,0x0c,
0x0d,0x00,0x00,0x00,0x00,0x01,0x0c,0x0c,0x01,0x00,0x00,0x00,0x00,0x0b,0x0c,0x0c,
0x08,0x00,0x00,0x00,0x00,0x04,0x0c,0x0c,0x00,0x00,0x00,0x00,0x00,0x00,0x02,0x0c,
0x0c,0x04,0x00,0x0a,0x0c,0x0c,0x0c,0x0b,0x0c,0x0b,0x00,0x05,0x0c,0x0c,0x0c,0x04,
0x0c,0x05,0x00,0x0f,0x0c,0x0c,0x02,0x00,0x0c,0x07,0x03,0x0c,0x0c,0x0c,0x09,0x00,
0x00,0x00,0x02,0x0c,0x0c,0x02,0x00,0x00,0x00,0x00,0x02,0x0c,0x0c,0x02,0x00,0x00,
0x00,0x00,0x02,0x0c,0x0c,0x02,0x00,0x00,0x00,0x00,0x02,0x0c,0x0c,0x02,0x00,0x00,
0x00,0x00,0x02,0x0c,0x0c,0x02,0x00,0x00,0x00,0x00,0x02,0x0c,0x0c,0x02,0x00,0x00,
0x00,0x00,0x02,0x0c,0x0c,0x02,0x00,0x00,0x00,0x00,0x0e,0x0c,0x0c,0x02,0x00,0x00,
0x00,0x00,0x01,0x0c,0x0c,0x0c,0x00,0x00,0x00,0x00,0x01,0x0c,0x0c,0x0c,0x00,0x00,
0x00,0x00,0x01,0x0c,0x0c,0x0c,0x00,0x00,0x00,0x00,0x01,0x0c,0x0c,0x0c,0x00,0x00,
0x00,0x00,0x00,0x04,0x0c,0x0c,0x0c,0x0c,0x00,0x00,0x00,0x00,0x0a,0x0c,0x0c,0x0c,
0x00,0x00,0x00,0x00,0x00,0x06,0x0a,0x01,0x00,0x00,0x00,0x06,0x01,0x01,0x01,0x06,
0x0c,0x0c,0x0c,0x0c,0x0f,0x0d,0x03,0x00,0x0c,0x0c,0x0c,0x0c,0x0c,0x0c,0x07,0x00,
0x01,0x0d,0x02,0x0f,0x0c,0x0c,0x0c,0x03,0x00,0x00,0x00,0x0a,0x0c,0x0c,0x0c,0x08,
0x00,0x0c,0x0c,0x0c,0x02,0x00,0x00,0x00,0x00,0x0c,0x0c,0x0c,0x0f,0x02,0x02,0x02,
0x00,0x0c,0x0c,0x0c,0x0c,0x0c,0x0c,0x0c,0x00,0x0c,0x0c,0x0c,0x0c,0x0c,0x0c,0x0c,
0x03,0x0c,0x0c,0x0c,0x01,0x00,0x01,0x0c,0x07,0x0c,0x0c,0x0c,0x03,0x00,0x01,0x0c,
0x0c,0x0c,0x05,0x03,0x00,0x00,0x01,0x0c,0x0c,0x0c,0x0c,0x02,0x04,0x00,0x01,0x0c,
0x0c,0x02,0x00,0x0c,0x0c,0x0c,0x00,0x00,0x0c,0x02,0x00,0x0c,0x0c,0x0c,0x00,0x00,
0x0c,0x02,0x00,0x0c,0x0c,0x0c,0x06,0x00,0x0c,0x02,0x00,0x0e,0x0c,0x0c,0x0f,0x02,
0x00,0x00,0x00,0x00,0x00,0x06,0x01,0x02,0x00,0x01,0x01,0x0a,0x00,0x08,0x0c,0x0c,
0x08,0x0c,0x0c,0x02,0x00,0x08,0x0c,0x0c,0x0f,0x0c,0x0c,0x0d,0x00,0x00,0x00,0x01,
0x0c,0x0c,0x0c,0x01,0x01,0x01,0x08,0x00,0x0c,0x0c,0x0c,0x0c,0x0c,0x0c,0x01,0x00,
0x0c,0x0c,0x0c,0x0c,0x0c,0x0c,0x01,0x00,0x0c,0x0c,0x0c,0x00,0x00,0x00,0x00,0x00,
0x00,0x00,0x00,0x0c,0x0c,0x0c,0x01,0x00,0x00,0x00,0x00,0x0c,0x0c,0x0c,0x01,0x00,
0x00,0x00,0x00,0x0c,0x0c,0x0c,0x01,0x00,0x00,0x00,0x00,0x0c,0x0c,0x0c,0x0d,0x00,
0x00,0x00,0x00,0x08,0x0c,0x0c,0x0c,0x01,0x00,0x0a,0x0b,0x08,0x0c,0x0c,0x0c,0x01,
0x03,0x0f,0x0c,0x02,0x0c,0x0c,0x0c,0x01,0x08,0x07,0x0c,0x0c,0x0c,0x0c,0x0c,0x01,
0x00,0x00,0x03,0x08,0x08,0x02,0x0c,0x0c,0x00,0x00,0x03,0x08,0x08,0x0a,0x0c,0x0c,
0x00,0x00,0x02,0x0c,0x0c,0x0c,0x0c,0x0c,0x00,0x00,0x02,0x0c,0x0c,0x0c,0x0c,0x0c,
0x0c,0x0c,0x0c,0x01,0x08,0x08,0x03,0x00,0x0c,0x0c,0x0c,0x0b,0x08,0x08,0x03,0x00,
0x0c,0x0c,0x0c,0x0c,0x0c,0x0c,0x02,0x00,0x0c,0x0c,0x0c,0x0c,0x0c,0x0c,0x02,0x00,
0x0c,0x0c,0x0c,0x02,0x00,0x00,0x00,0x0b,0x0c,0x0c,0x0c,0x07,0x01,0x01,0x01,0x07,
0x0c,0x0c,0x0c,0x0c,0x0c,0x0c,0x0c,0x0c,0x0c,0x0c,0x0c,0x0c,0x0c,0x0c,0x0c,0x0c,
0x0c,0x0c,0x0c,0x01,0x00,0x00,0x00,0x00,0x0c,0x0c,0x0c,0x08,0x00,0x00,0x00,0x00,
0x0c,0x0c,0x0c,0x04,0x00,0x00,0x00,0x00,0x0c,0x0c,0x0a,0x00,0x00,0x00,0x00,0x00,
0x00,0x0c,0x0c,0x0c,0x06,0x00,0x00,0x02,0x00,0x0c,0x0c,0x0c,0x0d,0x08,0x0a,0x0f,
0x00,0x0c,0x0c,0x0c,0x0e,0x0c,0x0c,0x0c,0x00,0x0c,0x0c,0x0c,0x03,0x0f,0x0c,0x0c,
0x0c,0x0c,0x01,0x00,0x08,0x0c,0x0c,0x0c,0x0c,0x0c,0x0a,0x00,0x04,0x08,0x08,0x08,
0x0c,0x0c,0x06,0x00,0x00,0x00,0x00,0x00,0x07,0x0b,0x00,0x00,0x00,0x00,0x00,0x00,
0x0c,0x0c,0x0c,0x0c,0x0c,0x0c,0x0c,0x0c,0x08,0x08,0x08,0x09,0x0c,0x0c,0x0c,0x09,
0x00,0x00,0x00,0x08,0x0c,0x0c,0x0c,0x08,0x00,0x00,0x00,0x08,0x0c,0x0c,0x0c,0x08,
0x08,0x00,0x0c,0x0c,0x0c,0x00,0x00,0x00,0x04,0x00,0x0c,0x0c,0x0c,0x00,0x00,0x00,
0x00,0x00,0x0c,0x0c,0x0c,0x00,0x00,0x00,0x00,0x00,0x0c,0x0c,0x0c,0x00,0x00,0x00,
0x00,0x00,0x00,0x00,0x00,0x02,0x0c,0x0c,0x00,0x00,0x00,0x00,0x00,0x0d,0x0c,0x0c,
0x00,0x00,0x00,0x00,0x00,0x08,0x0c,0x0c,0x00,0x00,0x00,0x00,0x00,0x00,0x0b,0x0e,
0x05,0x00,0x00,0x00,0x0e,0x0c,0x0c,0x02,0x0c,0x02,0x02,0x0e,0x0c,0x0c,0x0c,0x01,
0x0c,0x0c,0x0c,0x0c,0x0c,0x0c,0x0c,0x06,0x0c,0x0c,0x0c,0x0c,0x0c,0x0e,0x08,0x00,
0x00,0x03,0x0f,0x0c,0x0c,0x0c,0x09,0x08,0x00,0x01,0x0c,0x0c,0x0c,0x0c,0x0c,0x0c,
0x00,0x01,0x0c,0x0c,0x0c,0x0c,0x0c,0x0c,0x00,0x01,0x0c,0x0c,0x0c,0x0c,0x0c,0x0c,
0x08,0x08,0x08,0x08,0x06,0x00,0x00,0x00,0x0c,0x0c,0x0c,0x0c,0x01,0x00,0x00,0x00,
0x0c,0x0c,0x0c,0x0c,0x01,0x00,0x00,0x00,0x0c,0x0c,0x0c,0x0c,0x01,0x00,0x00,0x00,
0x00,0x00,0x00,0x01,0x0c,0x0c,0x0c,0x00,0x00,0x00,0x00,0x01,0x0c,0x0c,0x0c,0x00,
0x00,0x00,0x00,0x01,0x0c,0x0c,0x0c,0x00,0x00,0x00,0x00,0x01,0x0c,0x0c,0x0c,0x00,
0x00,0x00,0x00,0x00,0x00,0x00,0x00,0x08,0x00,0x00,0x00,0x00,0x00,0x00,0x00,0x0e,
0x00,0x00,0x00,0x00,0x00,0x00,0x09,0x0c,0x00,0x00,0x00,0x00,0x00,0x04,0x0f,0x0c,
0x0c,0x0c,0x0c,0x02,0x00,0x01,0x0c,0x0c,0x0c,0x0c,0x0c,0x08,0x00,0x04,0x0f,0x0c,
0x0c,0x0c,0x02,0x00,0x00,0x00,0x01,0x0c,0x0c,0x0c,0x08,0x00,0x00,0x00,0x04,0x0f,
0x0c,0x01,0x00,0x00,0x00,0x00,0x00,0x00,0x0c,0x0f,0x04,0x00,0x00,0x00,0x00,0x00,
0x0c,0x0c,0x05,0x00,0x00,0x00,0x00,0x00,0x0c,0x0c,0x0c,0x03,0x00,0x00,0x00,0x00,
0x0c,0x0c,0x0c,0x0d,0x0c,0x0c,0x02,0x00,0x02,0x0c,0x0c,0x0c,0x0c,0x0c,0x01,0x00,
0x01,0x0c,0x0c,0x0c,0x0c,0x0c,0x08,0x00,0x0a,0x0c,0x0c,0x0c,0x0c,0x0c,0x00,0x00,
0x00,0x0f,0x0c,0x0c,0x0d,0x0c,0x0c,0x0e,0x00,0x0d,0x0c,0x0c,0x0c,0x0c,0x0c,0x05,
0x00,0x01,0x0c,0x0c,0x0c,0x0c,0x0c,0x0a,0x00,0x08,0x0c,0x0c,0x0c,0x0c,0x0c,0x03,
0x00,0x00,0x00,0x00,0x00,0x00,0x09,0x0c,0x00,0x00,0x00,0x00,0x00,0x00,0x03,0x0c,
0x00,0x00,0x00,0x00,0x00,0x00,0x00,0x07,0x00,0x00,0x00,0x00,0x00,0x00,0x00,0x05,
0x0c,0x0c,0x0d,0x0c,0x0c,0x0c,0x03,0x00,0x0c,0x0c,0x0c,0x0c,0x0c,0x07,0x00,0x00,
0x0c,0x0c,0x0c,0x0c,0x0c,0x01,0x00,0x00,0x0c,0x0c,0x0c,0x0c,0x0c,0x0b,0x00,0x00,
0x00,0x00,0x02,0x0c,0x0c,0x0f,0x03,0x00,0x00,0x00,0x02,0x0c,0x0c,0x0c,0x0c,0x0c,
0x00,0x00,0x0b,0x0c,0x0c,0x0c,0x0c,0x0c,0x00,0x00,0x00,0x0b,0x02,0x0c,0x0c,0x0c,
0x00,0x08,0x0c,0x0c,0x0c,0x02,0x00,0x00,0x0c,0x0c,0x0c,0x0c,0x0c,0x01,0x00,0x00,
0x0c,0x0c,0x0c,0x0c,0x0f,0x06,0x00,0x00,0x0c,0x0c,0x0f,0x05,0x06,0x00,0x00,0x00,
0x00,0x00,0x01,0x0c,0x0c,0x0c,0x00,0x00,0x00,0x00,0x01,0x0c,0x0c,0x0c,0x00,0x00,
0x00,0x00,0x01,0x0c,0x0c,0x0c,0x00,0x00,0x00,0x00,0x01,0x0c,0x0c,0x0c,0x00,0x00,
0x00,0x00,0x00,0x08,0x0c,0x0c,0x0c,0x0b,0x00,0x00,0x00,0x06,0x0c,0x0c,0x0c,0x0c,
0x00,0x00,0x00,0x00,0x02,0x0c,0x0c,0x0c,0x00,0x00,0x00,0x00,0x04,0x05,0x0c,0x0c,
0x00,0x00,0x00,0x01,0x0c,0x0c,0x0c,0x08,0x07,0x02,0x0f,0x0c,0x0c,0x0c,0x0c,0x06,
0x0c,0x0c,0x0c,0x0c,0x0c,0x0c,0x0d,0x00,0x0c,0x0c,0x0c,0x0c,0x0e,0x01,0x04,0x00,
0x00,0x0c,0x0c,0x0c,0x07,0x01,0x01,0x01,0x00,0x0c,0x0c,0x0c,0x02,0x00,0x00,0x00,
0x00,0x0c,0x0c,0x0c,0x02,0x00,0x00,0x00,0x00,0x0c,0x0c,0x0c,0x02,0x00,0x00,0x00,
0x0e,0x0c,0x0c,0x0c,0x0a,0x00,0x01,0x0c,0x03,0x0c,0x0c,0x0c,0x01,0x00,0x01,0x0c,
0x00,0x0c,0x0c,0x0c,0x01,0x00,0x01,0x0c,0x00,0x0c,0x0c,0x0c,0x01,0x00,0x01,0x0c,
0x0c,0x02,0x00,0x0b,0x0c,0x0c,0x0c,0x0c,0x0c,0x02,0x00,0x00,0x06,0x01,0x05,0x0c,
0x0c,0x02,0x00,0x00,0x00,0x00,0x08,0x0c,0x0c,0x02,0x00,0x00,0x00,0x00,0x04,0x08,
0x0c,0x0c,0x0c,0x08,0x00,0x00,0x00,0x02,0x01,0x01,0x06,0x00,0x00,0x00,0x02,0x0c,
0x00,0x00,0x00,0x00,0x00,0x00,0x02,0x0c,0x00,0x00,0x00,0x00,0x00,0x00,0x02,0x0c,
0x0c,0x0c,0x0e,0x00,0x00,0x00,0x00,0x00,0x0c,0x0c,0x0c,0x0c,0x0c,0x0c,0x0c,0x0c,
0x0c,0x0c,0x0c,0x0c,0x0c,0x0c,0x0c,0x0c,0x0c,0x0c,0x0c,0x0c,0x0c,0x0c,0x0c,0x0c,
0x00,0x00,0x00,0x0f,0x0c,0x0c,0x0f,0x08,0x0c,0x02,0x00,0x0d,0x0c,0x0c,0x0c,0x0c,
0x0c,0x02,0x00,0x03,0x0f,0x0c,0x0c,0x0c,0x0c,0x02,0x00,0x00,0x06,0x05,0x0f,0x0c,
0x00,0x04,0x0d,0x0c,0x0c,0x0c,0x0c,0x08,0x0c,0x0c,0x0c,0x0c,0x0c,0x0c,0x0c,0x02,
0x0c,0x0c,0x0c,0x0c,0x0c,0x0c,0x0c,0x0c,0x0c,0x0c,0x0c,0x0c,0x0d,0x03,0x01,0x01,
0x00,0x00,0x00,0x00,0x00,0x00,0x01,0x0c,0x06,0x00,0x00,0x00,0x00,0x00,0x01,0x0c,
0x08,0x00,0x00,0x00,0x00,0x00,0x01,0x0c,0x00,0x00,0x00,0x00,0x00,0x00,0x01,0x0c,
0x0c,0x0c,0x08,0x00,0x00,0x00,0x00,0x00,0x0c,0x0c,0x08,0x00,0x00,0x00,0x00,0x00,
0x0c,0x0c,0x08,0x00,0x00,0x00,0x00,0x00,0x0c,0x0c,0x08,0x00,0x00,0x00,0x00,0x00,
0x0c,0x0c,0x0c,0x07,0x01,0x01,0x01,0x01,0x0c,0x0c,0x0c,0x02,0x00,0x00,0x00,0x00,
0x0c,0x0c,0x0c,0x02,0x00,0x00,0x00,0x00,0x0c,0x0c,0x0c,0x02,0x00,0x00,0x00,0x00,
0x09,0x06,0x00,0x00,0x00,0x00,0x00,0x00,0x00,0x00,0x00,0x00,0x00,0x00,0x00,0x00,
0x00,0x00,0x00,0x00,0x00,0x00,0x00,0x00,0x00,0x00,0x00,0x00,0x00,0x00,0x00,0x00,
0x00,0x00,0x00,0x00,0x00,0x00,0x00,0x00,0x00,0x00,0x00,0x00,0x03,0x01,0x01,0x01,
0x00,0x00,0x04,0x02,0x0c,0x0c,0x0c,0x0c,0x00,0x00,0x02,0x0c,0x0c,0x0c,0x0c,0x0c,
0x00,0x00,0x00,0x00,0x00,0x00,0x00,0x00,0x01,0x01,0x0a,0x06,0x00,0x00,0x00,0x00,
0x0c,0x0c,0x0c,0x0c,0x01,0x00,0x00,0x04,0x0c,0x0c,0x0c,0x0c,0x0c,0x01,0x00,0x01,
0x00,0x00,0x00,0x00,0x00,0x00,0x00,0x00,0x00,0x0a,0x01,0x01,0x01,0x01,0x01,0x0b,
0x0e,0x0c,0x0c,0x0c,0x0c,0x0c,0x0c,0x0c,0x0c,0x0c,0x0c,0x0c,0x0c,0x0c,0x0c,0x0c,
0x00,0x00,0x00,0x00,0x00,0x00,0x00,0x00,0x00,0x00,0x00,0x00,0x00,0x00,0x00,0x04,
0x0e,0x04,0x00,0x00,0x00,0x00,0x01,0x0c,0x0c,0x01,0x00,0x00,0x00,0x05,0x0c,0x0d,
0x00,0x00,0x00,0x00,0x00,0x00,0x00,0x00,0x0a,0x01,0x01,0x01,0x03,0x00,0x00,0x00,
0x0c,0x0c,0x0c,0x0c,0x0c,0x02,0x06,0x00,0x03,0x00,0x00,0x06,0x01,0x0f,0x0f,0x03,
0x00,0x00,0x00,0x00,0x00,0x00,0x00,0x00,0x00,0x00,0x01,0x01,0x01,0x01,0x01,0x01,
0x00,0x00,0x0c,0x0c,0x0c,0x0c,0x0c,0x0c,0x00,0x00,0x0c,0x0c,0x0c,0x0c,0x0c,0x0c,
0x00,0x00,0x00,0x00,0x00,0x00,0x00,0x00,0x06,0x00,0x00,0x00,0x01,0x01,0x01,0x08,
0x01,0x00,0x00,0x00,0x0c,0x0c,0x0c,0x01,0x0f,0x00,0x00,0x00,0x0c,0x0c,0x0c,0x01,
0x00,0x00,0x00,0x00,0x00,0x00,0x00,0x00,0x00,0x01,0x01,0x01,0x01,0x01,0x09,0x00,
0x00,0x0c,0x0c,0x0c,0x0c,0x0c,0x0c,0x06,0x00,0x0c,0x0c,0x0c,0x0c,0x0c,0x0c,0x0a,
0x00,0x00,0x00,0x00,0x00,0x00,0x00,0x00,0x00,0x00,0x00,0x04,0x01,0x01,0x01,0x01,
0x00,0x00,0x00,0x0b,0x0c,0x0c,0x0c,0x0c,0x00,0x00,0x00,0x05,0x0c,0x0c,0x0c,0x0c,
0x00,0x00,0x00,0x00,0x00,0x00,0x00,0x00,0x01,0x0a,0x00,0x01,0x01,0x01,0x0a,0x00,
0x0c,0x02,0x00,0x0c,0x0c,0x0c,0x02,0x00,0x0c,0x02,0x00,0x0c,0x0c,0x0c,0x02,0x00,
0x00,0x00,0x00,0x00,0x00,0x00,0x00,0x00,0x00,0x00,0x00,0x00,0x00,0x00,0x00,0x00,
0x00,0x00,0x00,0x00,0x00,0x00,0x04,0x0e,0x00,0x00,0x00,0x00,0x00,0x00,0x01,0x0c,
0x00,0x00,0x00,0x00,0x00,0x00,0x00,0x00,0x0b,0x01,0x01,0x01,0x01,0x01,0x0b,0x00,
0x0c,0x0c,0x0c,0x0c,0x0c,0x0c,0x0c,0x02,0x0c,0x0c,0x0c,0x0c,0x0c,0x0c,0x0c,0x0c,
0x00,0x00,0x00,0x00,0x00,0x00,0x00,0x00,0x00,0x00,0x00,0x00,0x00,0x00,0x04,0x0a,
0x00,0x00,0x00,0x00,0x00,0x01,0x0c,0x0c,0x0a,0x00,0x00,0x00,0x05,0x0c,0x0d,0x03,
0x00,0x00,0x00,0x00,0x00,0x00,0x00,0x00,0x01,0x01,0x01,0x03,0x00,0x00,0x00,0x00,
0x0c,0x0c,0x0c,0x0c,0x02,0x06,0x00,0x00,0x00,0x00,0x06,0x01,0x0f,0x0f,0x03,0x00,
0x00,0x00,0x00,0x00,0x00,0x00,0x00,0x00,0x00,0x00,0x00,0x00,0x00,0x03,0x01,0x01,
0x00,0x00,0x00,0x00,0x0a,0x0c,0x0c,0x0c,0x00,0x00,0x00,0x05,0x0c,0x0c,0x0c,0x0c,
0x00,0x00,0x00,0x00,0x00,0x00,0x00,0x00,0x01,0x01,0x00,0x0a,0x01,0x01,0x0a,0x00,
0x0c,0x0c,0x00,0x02,0x0c,0x0c,0x02,0x00,0x0c,0x0c,0x00,0x02,0x0c,0x0c,0x02,0x00,
0x00,0x00,0x00,0x00,0x00,0x00,0x00,0x00,0x00,0x00,0x00,0x09,0x01,0x01,0x01,0x08,
0x00,0x00,0x0a,0x0c,0x0c,0x0c,0x07,0x04,0x00,0x06,0x0f,0x0c,0x0c,0x0c,0x08,0x00,
0x00,0x00,0x00,0x00,0x00,0x00,0x00,0x00,0x00,0x00,0x00,0x00,0x00,0x00,0x00,0x0a,
0x00,0x00,0x00,0x00,0x00,0x00,0x00,0x02,0x00,0x00,0x00,0x00,0x00,0x00,0x00,0x02,
0x00,0x00,0x00,0x00,0x00,0x00,0x00,0x00,0x01,0x01,0x0a,0x00,0x01,0x01,0x01,0x0a,
0x0c,0x0c,0x02,0x00,0x0c,0x0c,0x0c,0x02,0x0c,0x0c,0x02,0x00,0x0c,0x0c,0x0c,0x02,
0x00,0x00,0x00,0x00,0x00,0x00,0x00,0x00,0x00,0x0a,0x01,0x01,0x0a,0x00,0x00,0x00,
0x00,0x02,0x0c,0x0c,0x02,0x00,0x00,0x00,0x00,0x02,0x0c,0x0c,0x02,0x00,0x00,0x00,
0x00,0x00,0x00,0x00,0x00,0x00,0x00,0x00,0x00,0x08,0x01,0x01,0x01,0x00,0x00,0x00,
0x00,0x01,0x0c,0x0c,0x0c,0x00,0x00,0x04,0x00,0x01,0x0c,0x0c,0x0c,0x00,0x00,0x05,
0x00,0x00,0x00,0x00,0x00,0x00,0x00,0x00,0x00,0x0b,0x01,0x01,0x01,0x01,0x01,0x0b,
0x0e,0x0c,0x0c,0x0c,0x0c,0x0c,0x0c,0x0c,0x0c,0x0c,0x0c,0x0c,0x0c,0x0c,0x0c,0x0c,
0x00,0x00,0x00,0x00,0x00,0x00,0x00,0x00,0x00,0x00,0x00,0x01,0x01,0x01,0x00,0x00,
0x0e,0x04,0x00,0x0c,0x0c,0x0c,0x00,0x00,0x0c,0x05,0x00,0x0c,0x0c,0x0c,0x00,0x00,
0x00,0x00,0x00,0x00,0x00,0x00,0x00,0x00,0x00,0x01,0x01,0x01,0x00,0x00,0x00,0x00,
0x00,0x0c,0x0c,0x0c,0x00,0x00,0x00,0x00,0x00,0x0c,0x0c,0x0c,0x00,0x00,0x00,0x00,
0x00,0x00,0x00,0x00,0x00,0x00,0x00,0x00,0x00,0x01,0x01,0x00,0x06,0x01,0x0b,0x00,
0x06,0x0c,0x02,0x00,0x0a,0x0c,0x01,0x00,0x08,0x0c,0x05,0x00,0x01,0x0c,0x0b,0x00,
0x00,0x00,0x00,0x00,0x00,0x00,0x00,0x00,0x00,0x00,0x00,0x00,0x08,0x01,0x01,0x01,
0x00,0x00,0x03,0x0e,0x0c,0x0c,0x0c,0x0c,0x00,0x00,0x0e,0x0c,0x0c,0x0c,0x0c,0x0c,
0x00,0x00,0x00,0x00,0x00,0x00,0x00,0x00,0x01,0x01,0x01,0x0a,0x04,0x00,0x00,0x01,
0x0c,0x0c,0x0c,0x0c,0x07,0x06,0x00,0x0c,0x0c,0x0c,0x0c,0x0c,0x0c,0x05,0x00,0x0c,
0x00,0x00,0x00,0x00,0x00,0x00,0x00,0x00,0x01,0x01,0x01,0x01,0x01,0x01,0x01,0x01,
0x0c,0x0c,0x0c,0x0c,0x0c,0x0c,0x0c,0x0c,0x0c,0x0c,0x0c,0x0c,0x0c,0x0c,0x0c,0x0c,
0x00,0x00,0x00,0x00,0x00,0x00,0x00,0x00,0x08,0x00,0x0a,0x01,0x01,0x01,0x01,0x01,
0x01,0x00,0x02,0x0c,0x0c,0x0c,0x0c,0x0c,0x01,0x00,0x02,0x0c,0x0c,0x0c,0x0c,0x0c,
0x00,0x00,0x00,0x00,0x00,0x00,0x00,0x00,0x01,0x01,0x01,0x01,0x00,0x01,0x01,0x01,
0x0c,0x0c,0x0c,0x0c,0x00,0x0c,0x0c,0x0c,0x0c,0x0c,0x0c,0x0c,0x00,0x0c,0x0c,0x0c,
0x00,0x00,0x00,0x00,0x00,0x00,0x00,0x00,0x01,0x01,0x01,0x01,0x01,0x0a,0x06,0x00,
0x0c,0x0c,0x0c,0x0c,0x0c,0x0c,0x0c,0x01,0x0c,0x0c,0x0c,0x0c,0x0c,0x0c,0x0c,0x0c,
0x00,0x00,0x00,0x00,0x00,0x00,0x00,0x00,0x00,0x00,0x00,0x00,0x00,0x00,0x00,0x00,
0x00,0x00,0x00,0x00,0x00,0x00,0x00,0x00,0x01,0x00,0x00,0x00,0x00,0x00,0x00,0x00,
0x00,0x03,0x0c,0x0c,0x0c,0x0c,0x05,0x01,0x00,0x0a,0x0c,0x0c,0x0c,0x01,0x00,0x00,
0x00,0x01,0x0c,0x0c,0x0c,0x08,0x00,0x00,0x00,0x01,0x0c,0x0c,0x0c,0x08,0x00,0x00,
0x01,0x02,0x0c,0x0c,0x0c,0x07,0x00,0x02,0x00,0x00,0x0e,0x0c,0x0c,0x0c,0x00,0x02,
0x00,0x00,0x02,0x0c,0x0c,0x0c,0x00,0x00,0x00,0x00,0x02,0x0c,0x0c,0x0c,0x00,0x00,
0x0c,0x0c,0x07,0x08,0x08,0x0b,0x07,0x0c,0x0c,0x0c,0x01,0x00,0x00,0x00,0x02,0x0c,
0x00,0x00,0x00,0x06,0x08,0x08,0x07,0x0c,0x00,0x00,0x00,0x01,0x0c,0x0c,0x0c,0x0c,
0x0c,0x02,0x00,0x00,0x01,0x0c,0x0a,0x00,0x0c,0x02,0x00,0x06,0x0c,0x0d,0x00,0x05,
0x0c,0x01,0x00,0x09,0x0c,0x03,0x03,0x0c,0x0e,0x04,0x00,0x05,0x0c,0x00,0x09,0x0c,
0x01,0x07,0x0c,0x0e,0x0b,0x03,0x0f,0x07,0x0c,0x01,0x08,0x0d,0x0c,0x0b,0x08,0x0c,
0x01,0x00,0x00,0x00,0x0d,0x01,0x00,0x0e,0x03,0x00,0x00,0x00,0x00,0x00,0x00,0x01,
0x04,0x00,0x0c,0x0c,0x0c,0x0f,0x0c,0x0c,0x01,0x00,0x0c,0x0c,0x0c,0x01,0x0c,0x0c,
0x0e,0x00,0x0c,0x0c,0x0c,0x01,0x0d,0x0c,0x0c,0x00,0x0c,0x0c,0x0c,0x01,0x0b,0x0c,
0x0c,0x0b,0x00,0x00,0x0c,0x0c,0x0c,0x01,0x0c,0x0d,0x00,0x00,0x0c,0x0c,0x0c,0x01,
0x0c,0x0c,0x04,0x00,0x0c,0x0c,0x0c,0x01,0x0c,0x0c,0x0a,0x00,0x0c,0x0c,0x0c,0x01,
0x00,0x0c,0x0c,0x0c,0x0f,0x0c,0x0c,0x0d,0x00,0x0c,0x0c,0x0c,0x0d,0x0c,0x0c,0x0c,
0x00,0x0c,0x0c,0x0c,0x01,0x0f,0x0c,0x0c,0x00,0x0c,0x0c,0x0c,0x01,0x05,0x0c,0x0c,
0x00,0x00,0x00,0x0f,0x0c,0x0c,0x0f,0x0c,0x04,0x00,0x03,0x0c,0x0c,0x0c,0x05,0x0c,
0x0b,0x00,0x01,0x0c,0x0c,0x0e,0x01,0x0c,0x05,0x00,0x0e,0x0c,0x0c,0x09,0x01,0x0c,
0x0c,0x02,0x00,0x0c,0x0c,0x0c,0x02,0x00,0x0c,0x02,0x00,0x0c,0x0c,0x0c,0x02,0x00,
0x0c,0x02,0x00,0x0c,0x0c,0x0c,0x02,0x00,0x0c,0x02,0x00,0x0c,0x0c,0x0c,0x02,0x00,
0x00,0x00,0x00,0x00,0x00,0x00,0x02,0x0c,0x00,0x00,0x00,0x00,0x00,0x00,0x0f,0x0c,
0x00,0x00,0x00,0x00,0x00,0x00,0x01,0x01,0x00,0x00,0x00,0x00,0x00,0x00,0x00,0x00,
0x0c,0x0e,0x08,0x08,0x0b,0x0f,0x0c,0x0c,0x0c,0x01,0x00,0x00,0x00,0x02,0x0c,0x0c,
0x01,0x08,0x00,0x00,0x00,0x0e,0x0c,0x0c,0x00,0x04,0x0b,0x01,0x0e,0x0c,0x0c,0x0c,
0x0d,0x00,0x00,0x01,0x0c,0x0a,0x0a,0x01,0x02,0x00,0x06,0x0c,0x0d,0x00,0x02,0x0f,
0x02,0x00,0x09,0x0c,0x03,0x00,0x02,0x02,0x01,0x00,0x05,0x0c,0x00,0x00,0x02,0x0e,
0x01,0x01,0x09,0x03,0x03,0x0f,0x07,0x04,0x02,0x02,0x0e,0x0c,0x01,0x08,0x0c,0x01,
0x00,0x00,0x00,0x0e,0x02,0x00,0x0e,0x0e,0x08,0x08,0x08,0x07,0x02,0x00,0x01,0x0c,
0x00,0x04,0x02,0x0c,0x0c,0x0c,0x0f,0x0c,0x00,0x02,0x0c,0x0c,0x0c,0x05,0x01,0x0c,
0x00,0x08,0x0c,0x0c,0x0a,0x00,0x01,0x0c,0x00,0x00,0x0a,0x0a,0x00,0x00,0x01,0x0c,
0x0c,0x0c,0x00,0x02,0x0c,0x0c,0x02,0x00,0x0c,0x0c,0x00,0x02,0x0c,0x0c,0x02,0x00,
0x0c,0x0c,0x00,0x02,0x0c,0x0c,0x07,0x01,0x0c,0x0c,0x00,0x02,0x0c,0x0c,0x0c,0x0c,
0x00,0x02,0x0c,0x0c,0x0c,0x01,0x00,0x00,0x09,0x0c,0x0c,0x0c,0x0e,0x00,0x00,0x00,
0x0f,0x0c,0x0c,0x0f,0x06,0x00,0x00,0x00,0x0c,0x0c,0x0c,0x0b,0x00,0x00,0x00,0x00,
0x00,0x00,0x00,0x00,0x00,0x00,0x00,0x02,0x00,0x00,0x00,0x00,0x00,0x00,0x00,0x02,
0x00,0x00,0x00,0x00,0x00,0x00,0x00,0x02,0x00,0x00,0x00,0x00,0x00,0x00,0x00,0x02,
0x0c,0x0c,0x02,0x00,0x0c,0x0c,0x0c,0x02,0x0c,0x0c,0x02,0x00,0x0c,0x0c,0x0c,0x02,
0x0c,0x0c,0x02,0x00,0x0c,0x0c,0x0c,0x02,0x0c,0x0c,0x02,0x00,0x0c,0x0c,0x0c,0x02,
0x00,0x02,0x0c,0x0c,0x02,0x00,0x00,0x00,0x00,0x02,0x0c,0x0c,0x02,0x00,0x00,0x00,
0x00,0x02,0x0c,0x0c,0x07,0x01,0x01,0x01,0x00,0x02,0x0c,0x0c,0x0c,0x0c,0x0c,0x0c,
0x00,0x01,0x0c,0x0c,0x0c,0x00,0x00,0x0c,0x00,0x01,0x0c,0x0c,0x0c,0x00,0x06,0x0c,
0x01,0x02,0x0c,0x0c,0x0c,0x00,0x08,0x0c,0x0c,0x0c,0x0c,0x0c,0x0c,0x00,0x08,0x0c,
0x0c,0x0c,0x0e,0x09,0x08,0x09,0x0e,0x0c,0x0c,0x0c,0x0b,0x00,0x00,0x00,0x09,0x0c,
0x0c,0x0c,0x08,0x00,0x00,0x00,0x08,0x0c,0x0c,0x0c,0x08,0x00,0x00,0x00,0x08,0x0c,
0x0c,0x0f,0x00,0x0c,0x0c,0x0c,0x00,0x00,0x0c,0x0c,0x00,0x0c,0x0c,0x0c,0x00,0x00,
0x0c,0x0c,0x00,0x0c,0x0c,0x0c,0x00,0x00,0x0c,0x0c,0x00,0x0c,0x0c,0x0c,0x00,0x00,
0x00,0x0c,0x0c,0x0c,0x00,0x00,0x00,0x00,0x00,0x0c,0x0c,0x0c,0x00,0x00,0x01,0x02,
0x00,0x0c,0x0c,0x0c,0x00,0x00,0x02,0x0c,0x04,0x0c,0x0c,0x0c,0x00,0x00,0x03,0x08,
0x01,0x0c,0x09,0x00,0x02,0x0c,0x06,0x00,0x07,0x0c,0x0e,0x02,0x0c,0x0c,0x02,0x0a,
0x0c,0x0c,0x0c,0x0c,0x0c,0x0c,0x0c,0x01,0x0c,0x07,0x08,0x09,0x0c,0x0d,0x08,0x06,
0x00,0x03,0x0c,0x0c,0x0c,0x0f,0x01,0x0b,0x00,0x0a,0x0c,0x0c,0x0c,0x09,0x00,0x00,
0x00,0x01,0x0c,0x0c,0x0c,0x08,0x00,0x00,0x00,0x01,0x0c,0x0c,0x0c,0x08,0x00,0x03,
0x08,0x01,0x0c,0x0c,0x0c,0x07,0x00,0x0c,0x00,0x00,0x01,0x02,0x02,0x02,0x00,0x0c,
0x00,0x00,0x00,0x00,0x00,0x00,0x00,0x0c,0x02,0x02,0x02,0x02,0x02,0x02,0x00,0x0c,
0x0c,0x0c,0x02,0x01,0x01,0x01,0x01,0x01,0x0c,0x0c,0x01,0x00,0x00,0x00,0x00,0x00,
0x0c,0x0c,0x01,0x00,0x00,0x00,0x00,0x00,0x0c,0x0c,0x0c,0x0c,0x0c,0x0c,0x0c,0x0c,
0x08,0x00,0x02,0x0c,0x0c,0x07,0x01,0x01,0x00,0x00,0x02,0x0c,0x0c,0x02,0x00,0x00,
0x00,0x00,0x02,0x0c,0x0c,0x02,0x00,0x00,0x00,0x00,0x02,0x0c,0x0c,0x0c,0x0c,0x0c,
0x01,0x01,0x01,0x01,0x00,0x0c,0x0c,0x0c,0x00,0x00,0x00,0x00,0x00,0x0c,0x0c,0x0c,
0x00,0x00,0x00,0x00,0x00,0x0c,0x0c,0x0c,0x0c,0x0c,0x0c,0x01,0x00,0x0c,0x0c,0x0c,
0x07,0x02,0x02,0x02,0x02,0x0c,0x0c,0x0c,0x01,0x00,0x00,0x00,0x00,0x05,0x0c,0x0c,
0x01,0x00,0x00,0x00,0x00,0x01,0x0c,0x0c,0x01,0x00,0x00,0x00,0x00,0x01,0x0c,0x0c,
0x0f,0x00,0x00,0x00,0x00,0x00,0x00,0x00,0x0c,0x03,0x00,0x00,0x00,0x00,0x00,0x00,
0x0c,0x08,0x00,0x00,0x00,0x00,0x00,0x00,0x0c,0x08,0x00,0x00,0x00,0x00,0x00,0x00,
0x00,0x01,0x0c,0x0c,0x0c,0x08,0x00,0x00,0x00,0x01,0x0c,0x0c,0x0c,0x08,0x00,0x00,
0x00,0x01,0x0c,0x0c,0x0c,0x0b,0x00,0x00,0x00,0x08,0x0c,0x0c,0x0c,0x0e,0x06,0x00,
0x00,0x00,0x02,0x0c,0x0c,0x0c,0x00,0x00,0x00,0x00,0x02,0x0c,0x0c,0x0c,0x00,0x00,
0x00,0x00,0x02,0x0c,0x0c,0x0c,0x00,0x02,0x00,0x08,0x0f,0x0c,0x0c,0x0c,0x00,0x0c,
0x00,0x00,0x00,0x01,0x0c,0x0c,0x0c,0x0f,0x00,0x00,0x00,0x08,0x01,0x01,0x07,0x0c,
0x02,0x02,0x0a,0x00,0x00,0x00,0x01,0x0c,0x0c,0x0c,0x01,0x00,0x00,0x00,0x01,0x0c,
0x05,0x04,0x00,0x02,0x0c,0x00,0x01,0x0c,0x0c,0x05,0x00,0x01,0x0c,0x04,0x0b,0x0c,
0x0c,0x0f,0x00,0x0b,0x0c,0x0a,0x00,0x0e,0x0c,0x0c,0x00,0x00,0x0e,0x0f,0x04,0x03,
0x06,0x00,0x00,0x00,0x00,0x00,0x00,0x01,0x0a,0x00,0x00,0x00,0x0a,0x0a,0x00,0x0d,
0x0f,0x08,0x00,0x08,0x0c,0x01,0x04,0x0f,0x0e,0x0c,0x0c,0x0c,0x02,0x04,0x05,0x0c,
0x0c,0x00,0x0c,0x0c,0x0c,0x01,0x00,0x0f,0x0f,0x00,0x0c,0x0c,0x0c,0x01,0x00,0x05,
0x0d,0x00,0x0c,0x0c,0x0c,0x01,0x00,0x03,0x08,0x00,0x0c,0x0c,0x0c,0x0d,0x00,0x00,
0x0c,0x0c,0x0e,0x00,0x0e,0x0c,0x0c,0x01,0x0c,0x0c,0x0c,0x06,0x02,0x0c,0x0c,0x01,
0x0c,0x0c,0x0c,0x01,0x02,0x0c,0x0c,0x01,0x07,0x0c,0x0c,0x07,0x0e,0x0c,0x0c,0x01,
0x00,0x0c,0x0c,0x0c,0x01,0x0b,0x0c,0x0c,0x00,0x0c,0x0c,0x0c,0x01,0x00,0x0f,0x0c,
0x00,0x0c,0x0c,0x0c,0x01,0x00,0x05,0x0c,0x00,0x0c,0x0c,0x0c,0x01,0x00,0x0b,0x0c,
0x0f,0x04,0x0c,0x0c,0x0c,0x06,0x01,0x0c,0x0c,0x01,0x0c,0x0c,0x07,0x00,0x01,0x0c,
0x0c,0x0c,0x0c,0x0c,0x01,0x00,0x02,0x0c,0x0c,0x0c,0x0c,0x0c,0x03,0x00,0x02,0x0c,
0x0c,0x02,0x00,0x0c,0x0c,0x0c,0x02,0x00,0x0c,0x02,0x00,0x0c,0x0c,0x0c,0x02,0x00,
0x0c,0x02,0x00,0x0c,0x0c,0x0c,0x02,0x00,0x0c,0x02,0x00,0x0c,0x0c,0x0c,0x0e,0x08,
0x00,0x00,0x00,0x00,0x00,0x00,0x00,0x0b,0x00,0x00,0x00,0x00,0x00,0x00,0x0b,0x0c,
0x00,0x00,0x00,0x00,0x00,0x00,0x02,0x0c,0x08,0x08,0x08,0x08,0x04,0x00,0x07,0x0c,
0x0e,0x0c,0x0c,0x0c,0x0c,0x0c,0x0c,0x0f,0x0c,0x0c,0x0c,0x0c,0x0c,0x07,0x01,0x06,
0x0c,0x0c,0x05,0x0a,0x06,0x00,0x00,0x00,0x0c,0x01,0x00,0x00,0x00,0x00,0x00,0x00,
0x06,0x00,0x02,0x0c,0x00,0x00,0x02,0x0c,0x00,0x00,0x01,0x0c,0x04,0x00,0x02,0x02,
0x00,0x00,0x0b,0x0c,0x0a,0x00,0x02,0x02,0x00,0x00,0x00,0x0e,0x0f,0x04,0x02,0x02,
0x0c,0x0c,0x0f,0x02,0x03,0x00,0x01,0x0c,0x00,0x01,0x0c,0x03,0x00,0x00,0x0d,0x0f,
0x00,0x04,0x0f,0x02,0x00,0x04,0x0f,0x0d,0x00,0x00,0x0a,0x0c,0x0b,0x05,0x0c,0x08,
0x00,0x00,0x00,0x00,0x00,0x00,0x01,0x0c,0x00,0x00,0x00,0x00,0x00,0x00,0x01,0x0c,
0x00,0x00,0x00,0x00,0x00,0x00,0x01,0x0c,0x00,0x00,0x00,0x00,0x00,0x00,0x01,0x0c,
0x0c,0x0c,0x00,0x02,0x0c,0x0c,0x0c,0x0c,0x0c,0x0c,0x00,0x02,0x0c,0x0c,0x0f,0x02,
0x0c,0x0c,0x00,0x02,0x0c,0x0c,0x02,0x00,0x0c,0x0c,0x00,0x02,0x0c,0x0c,0x02,0x00,
0x0c,0x0c,0x0c,0x03,0x00,0x00,0x00,0x00,0x0c,0x0c,0x0c,0x07,0x04,0x00,0x00,0x00,
0x01,0x0c,0x0c,0x0c,0x0d,0x00,0x00,0x00,0x04,0x07,0x0c,0x0c,0x0c,0x09,0x00,0x00,
0x00,0x00,0x00,0x00,0x00,0x00,0x00,0x02,0x00,0x0a,0x02,0x02,0x01,0x00,0x00,0x02,
0x00,0x01,0x0c,0x0c,0x02,0x00,0x00,0x02,0x00,0x01,0x0c,0x0c,0x0f,0x04,0x04,0x07,
0x0c,0x0c,0x02,0x00,0x0c,0x0c,0x0c,0x02,0x0c,0x0c,0x02,0x00,0x0c,0x0c,0x0c,0x02,
0x0c,0x0c,0x02,0x00,0x0c,0x0c,0x0c,0x02,0x0c,0x0c,0x02,0x00,0x0c,0x0c,0x0c,0x02,
0x00,0x02,0x0c,0x0c,0x0c,0x0c,0x0c,0x0c,0x00,0x02,0x0c,0x0c,0x0f,0x02,0x02,0x02,
0x00,0x02,0x0c,0x0c,0x02,0x00,0x00,0x00,0x00,0x02,0x0c,0x0c,0x02,0x00,0x00,0x00,
0x0c,0x0c,0x0c,0x0c,0x0c,0x00,0x08,0x0c,0x02,0x07,0x0c,0x0c,0x0c,0x00,0x08,0x0c,
0x00,0x01,0x0c,0x0c,0x0c,0x00,0x08,0x0c,0x00,0x01,0x0c,0x0c,0x0c,0x00,0x00,0x0c,
0x0c,0x0c,0x08,0x00,0x00,0x00,0x08,0x0c,0x0c,0x0c,0x08,0x00,0x00,0x00,0x08,0x0c,
0x0c,0x0c,0x08,0x00,0x00,0x00,0x0b,0x0c,0x0c,0x0c,0x01,0x00,0x00,0x00,0x01,0x0c,
0x0c,0x0c,0x00,0x0c,0x0c,0x0c,0x01,0x08,0x0c,0x0c,0x00,0x0c,0x0c,0x0c,0x0c,0x0c,
0x0c,0x0c,0x00,0x0c,0x0c,0x0c,0x0c,0x07,0x0c,0x0c,0x00,0x0c,0x0c,0x0c,0x00,0x00,
0x0d,0x0c,0x0c,0x0c,0x00,0x00,0x00,0x08,0x07,0x0f,0x0c,0x0c,0x00,0x06,0x08,0x01,
0x03,0x0c,0x0c,0x0c,0x00,0x01,0x0c,0x0c,0x00,0x00,0x00,0x00,0x00,0x0a,0x02,0x0f,
0x0c,0x0d,0x00,0x01,0x0c,0x01,0x00,0x00,0x0c,0x05,0x08,0x02,0x0c,0x09,0x08,0x00,
0x0c,0x0c,0x0c,0x0c,0x0c,0x0c,0x0c,0x00,0x0c,0x02,0x0e,0x0c,0x0f,0x02,0x02,0x00,
0x00,0x01,0x0c,0x0c,0x0c,0x08,0x00,0x08,0x00,0x01,0x0c,0x0c,0x0c,0x08,0x00,0x08,
0x00,0x01,0x0c,0x0c,0x0c,0x0b,0x00,0x00,0x00,0x08,0x0c,0x0c,0x0c,0x02,0x04,0x00,
0x0c,0x0c,0x0c,0x0c,0x0c,0x0c,0x00,0x0c,0x0c,0x0c,0x0c,0x0c,0x0c,0x0c,0x00,0x0c,
0x00,0x00,0x02,0x0c,0x0c,0x0c,0x00,0x0c,0x00,0x06,0x0f,0x0c,0x0c,0x07,0x00,0x0c,
0x0c,0x0c,0x0c,0x0c,0x0c,0x0c,0x0c,0x0c,0x0c,0x0c,0x0c,0x0c,0x0c,0x0c,0x0c,0x0c,
0x0c,0x0c,0x01,0x00,0x00,0x00,0x00,0x00,0x0c,0x0c,0x01,0x00,0x00,0x00,0x00,0x00,
0x00,0x00,0x02,0x0c,0x0c,0x0c,0x0c,0x0c,0x00,0x00,0x02,0x0c,0x0c,0x07,0x01,0x01,
0x00,0x00,0x02,0x0c,0x0c,0x02,0x00,0x00,0x00,0x00,0x02,0x0c,0x0c,0x02,0x00,0x00,
0x0c,0x0c,0x0c,0x01,0x00,0x0c,0x0c,0x0c,0x01,0x01,0x01,0x08,0x00,0x0c,0x0c,0x0c,
0x00,0x00,0x00,0x00,0x00,0x0c,0x0c,0x0c,0x00,0x00,0x00,0x00,0x00,0x0c,0x0c,0x0c,
0x01,0x00,0x00,0x00,0x00,0x01,0x0c,0x0c,0x01,0x00,0x00,0x00,0x00,0x01,0x0c,0x0c,
0x01,0x00,0x00,0x00,0x00,0x05,0x0c,0x0c,0x05,0x08,0x08,0x08,0x0b,0x0f,0x0c,0x0c,
0x0c,0x08,0x00,0x00,0x00,0x00,0x00,0x00,0x0c,0x08,0x00,0x00,0x00,0x00,0x00,0x00,
0x0c,0x08,0x00,0x00,0x00,0x00,0x00,0x00,0x0c,0x04,0x00,0x00,0x00,0x00,0x00,0x00,
0x00,0x04,0x0f,0x0c,0x0c,0x0c,0x0c,0x0c,0x00,0x00,0x0a,0x0c,0x0c,0x0c,0x0c,0x0c,
0x00,0x00,0x00,0x08,0x0d,0x0c,0x0c,0x0c,0x00,0x00,0x00,0x00,0x00,0x00,0x00,0x00,
0x0c,0x0c,0x0c,0x0c,0x0c,0x0d,0x00,0x07,0x0c,0x0c,0x0c,0x0c,0x0f,0x03,0x00,0x09,
0x0c,0x0c,0x07,0x05,0x06,0x00,0x00,0x00,0x00,0x00,0x00,0x00,0x00,0x00,0x00,0x00,
0x0c,0x0c,0x0c,0x02,0x02,0x02,0x0c,0x0c,0x0c,0x0c,0x0c,0x0c,0x0c,0x0c,0x0c,0x0c,
0x0a,0x0e,0x0c,0x0c,0x0c,0x0c,0x0c,0x0e,0x00,0x00,0x00,0x00,0x00,0x00,0x00,0x00,
0x0c,0x02,0x00,0x00,0x03,0x0f,0x0e,0x03,0x0c,0x0b,0x00,0x00,0x00,0x03,0x0f,0x0c,
0x0b,0x00,0x00,0x00,0x00,0x00,0x04,0x01,0x00,0x00,0x00,0x00,0x00,0x00,0x00,0x00,
0x00,0x03,0x08,0x03,0x04,0x05,0x0c,0x01,0x0d,0x01,0x01,0x05,0x0f,0x0c,0x01,0x00,
0x07,0x0c,0x0c,0x0c,0x0d,0x08,0x00,0x00,0x00,0x00,0x00,0x00,0x00,0x00,0x00,0x00,
0x00,0x00,0x0c,0x0c,0x0c,0x02,0x00,0x00,0x00,0x00,0x0c,0x0c,0x0c,0x02,0x00,0x00,
0x00,0x00,0x0c,0x0c,0x0c,0x02,0x00,0x00,0x00,0x00,0x00,0x00,0x00,0x00,0x00,0x00,
0x09,0x0c,0x0c,0x0c,0x0c,0x0c,0x0c,0x01,0x06,0x0c,0x0c,0x0c,0x0c,0x0c,0x0c,0x01,
0x00,0x02,0x0c,0x0c,0x0c,0x0c,0x0c,0x01,0x00,0x00,0x00,0x00,0x00,0x00,0x00,0x00,
0x00,0x0c,0x0c,0x0c,0x01,0x00,0x00,0x0f,0x00,0x0c,0x0c,0x0c,0x02,0x00,0x00,0x05,
0x00,0x0c,0x0c,0x0c,0x02,0x00,0x00,0x0b,0x00,0x00,0x00,0x00,0x00,0x00,0x00,0x00,
0x0c,0x0c,0x0c,0x07,0x00,0x00,0x02,0x0c,0x0c,0x0c,0x0c,0x01,0x00,0x00,0x02,0x0c,
0x0c,0x0c,0x0c,0x03,0x00,0x00,0x02,0x0c,0x00,0x00,0x00,0x00,0x00,0x00,0x00,0x00,
0x0c,0x02,0x00,0x0c,0x0c,0x0c,0x0c,0x0c,0x0c,0x02,0x00,0x0c,0x0c,0x0c,0x0c,0x0c,
0x0c,0x02,0x00,0x0c,0x0c,0x0c,0x0c,0x0c,0x00,0x00,0x00,0x00,0x00,0x00,0x00,0x00,
0x0c,0x0c,0x0c,0x0c,0x08,0x00,0x0c,0x0c,0x0c,0x0c,0x0c,0x0c,0x08,0x00,0x0c,0x0c,
0x0c,0x0c,0x0c,0x0c,0x08,0x00,0x0c,0x0c,0x00,0x00,0x00,0x00,0x00,0x00,0x00,0x00,
0x0c,0x07,0x02,0x02,0x02,0x02,0x02,0x02,0x0c,0x0c,0x0c,0x0c,0x0c,0x0c,0x0c,0x0c,
0x0c,0x0c,0x0c,0x0c,0x0c,0x0c,0x0c,0x0c,0x00,0x00,0x00,0x00,0x00,0x00,0x00,0x00,
0x01,0x00,0x00,0x03,0x0f,0x0e,0x03,0x00,0x02,0x00,0x00,0x00,0x03,0x0f,0x0c,0x0d,
0x02,0x00,0x00,0x00,0x00,0x04,0x01,0x07,0x00,0x00,0x00,0x00,0x00,0x00,0x00,0x00,
0x00,0x00,0x00,0x04,0x05,0x0c,0x01,0x00,0x01,0x01,0x05,0x0f,0x0c,0x01,0x00,0x00,
0x0c,0x0c,0x0c,0x0d,0x08,0x00,0x00,0x00,0x00,0x00,0x00,0x00,0x00,0x00,0x00,0x00,
0x00,0x00,0x00,0x00,0x00,0x00,0x01,0x0c,0x00,0x00,0x00,0x00,0x00,0x00,0x01,0x0c,
0x00,0x00,0x00,0x00,0x00,0x00,0x01,0x0c,0x00,0x00,0x00,0x00,0x00,0x00,0x00,0x00,
0x0c,0x0c,0x00,0x02,0x0c,0x0c,0x02,0x00,0x0c,0x0c,0x00,0x02,0x0c,0x0c,0x02,0x00,
0x0c,0x0c,0x00,0x02,0x0c,0x0c,0x02,0x00,0x00,0x00,0x00,0x00,0x00,0x00,0x00,0x00,
0x00,0x03,0x0c,0x0c,0x0c,0x0c,0x03,0x00,0x00,0x00,0x01,0x0c,0x0c,0x0c,0x07,0x04,
0x00,0x00,0x00,0x02,0x0c,0x0c,0x0c,0x0d,0x00,0x00,0x00,0x00,0x00,0x00,0x00,0x00,
0x00,0x01,0x0c,0x0c,0x0c,0x0c,0x0c,0x0c,0x00,0x03,0x0c,0x0c,0x0c,0x0c,0x0c,0x0c,
0x00,0x00,0x0a,0x07,0x0c,0x0c,0x0c,0x0c,0x00,0x00,0x00,0x00,0x00,0x00,0x00,0x00,
0x0c,0x0c,0x0d,0x00,0x0c,0x0c,0x0c,0x02,0x0c,0x0c,0x0a,0x00,0x0c,0x0c,0x0c,0x02,
0x07,0x01,0x00,0x00,0x0c,0x0c,0x0c,0x02,0x00,0x00,0x00,0x00,0x00,0x00,0x00,0x00,
0x00,0x02,0x0c,0x0c,0x02,0x00,0x00,0x00,0x00,0x02,0x0c,0x0c,0x02,0x00,0x00,0x00,
0x00,0x02,0x0c,0x0c,0x02,0x00,0x00,0x00,0x00,0x00,0x00,0x00,0x00,0x00,0x00,0x00,
0x00,0x01,0x0c,0x0c,0x0c,0x00,0x00,0x07,0x00,0x01,0x0c,0x0c,0x0c,0x00,0x00,0x0b,
0x00,0x01,0x0c,0x0c,0x0c,0x00,0x00,0x00,0x00,0x00,0x00,0x00,0x00,0x00,0x00,0x00,
0x0c,0x0c,0x0c,0x0f,0x02,0x0f,0x0c,0x0c,0x0c,0x0c,0x0c,0x0c,0x0c,0x0c,0x0c,0x0c,
0x0b,0x0e,0x0c,0x0c,0x0c,0x0c,0x0c,0x0e,0x00,0x00,0x00,0x00,0x00,0x00,0x00,0x00,
0x0c,0x0e,0x00,0x0c,0x0c,0x0c,0x00,0x00,0x0c,0x0b,0x00,0x0c,0x0c,0x0c,0x00,0x00,
0x0b,0x00,0x00,0x0c,0x0c,0x0c,0x00,0x00,0x00,0x00,0x00,0x00,0x00,0x00,0x00,0x00,
0x00,0x00,0x00,0x00,0x00,0x00,0x00,0x0c,0x00,0x00,0x00,0x00,0x00,0x00,0x06,0x0c,
0x00,0x00,0x00,0x00,0x00,0x00,0x0b,0x0c,0x00,0x00,0x00,0x00,0x00,0x00,0x00,0x00,
0x0f,0x00,0x08,0x0c,0x0d,0x00,0x00,0x00,0x02,0x00,0x09,0x0c,0x01,0x00,0x00,0x00,
0x01,0x00,0x05,0x0c,0x08,0x00,0x00,0x00,0x00,0x00,0x00,0x00,0x00,0x00,0x00,0x00,
0x00,0x04,0x0c,0x0c,0x0c,0x0c,0x0c,0x0e,0x00,0x00,0x01,0x0c,0x0c,0x0c,0x0c,0x0c,
0x00,0x00,0x00,0x0a,0x0e,0x0c,0x0c,0x0c,0x00,0x00,0x00,0x00,0x00,0x00,0x00,0x00,
0x0e,0x0c,0x0c,0x0c,0x0c,0x0d,0x00,0x0c,0x0c,0x0c,0x0c,0x0c,0x0c,0x0b,0x00,0x0c,
0x0c,0x0c,0x0c,0x0e,0x0b,0x00,0x00,0x0c,0x00,0x00,0x00,0x00,0x00,0x00,0x00,0x00,
0x0c,0x0c,0x01,0x00,0x00,0x00,0x00,0x00,0x0c,0x0c,0x01,0x00,0x00,0x00,0x00,0x00,
0x0c,0x0c,0x01,0x00,0x00,0x00,0x00,0x00,0x00,0x00,0x00,0x00,0x00,0x00,0x00,0x00,
0x00,0x00,0x02,0x0c,0x0c,0x0c,0x0c,0x0c,0x00,0x00,0x02,0x0c,0x0c,0x0c,0x0c,0x0c,
0x00,0x00,0x02,0x0c,0x0c,0x0c,0x0c,0x0c,0x00,0x00,0x00,0x00,0x00,0x00,0x00,0x00,
0x0c,0x0c,0x0c,0x0c,0x00,0x0c,0x0c,0x0c,0x0c,0x0c,0x0c,0x0c,0x00,0x0c,0x0c,0x0c,
0x0c,0x0c,0x0c,0x0c,0x00,0x0c,0x0c,0x0c,0x00,0x00,0x00,0x00,0x00,0x00,0x00,0x00,
0x0c,0x0c,0x0c,0x0c,0x0c,0x0c,0x0c,0x0c,0x0c,0x0c,0x0c,0x0c,0x0c,0x0c,0x0c,0x0c,
0x0c,0x0c,0x0c,0x0c,0x0c,0x0f,0x0d,0x08,0x00,0x00,0x00,0x00,0x00,0x00,0x00,0x00,
0x0e,0x00,0x00,0x00,0x00,0x00,0x00,0x00,0x08,0x00,0x00,0x00,0x00,0x00,0x00,0x00,
0x00,0x00,0x00,0x00,0x00,0x00,0x00,0x00,0x00,0x00,0x00,0x00,0x00,0x00,0x00,0x00,
0x00,0x00,0x00,0x00,0x00,0x00,0x00,0x00,0x00,0x00,0x00,0x00,0x00,0x00,0x00,0x00,
0x00,0x00,0x00,0x00,0x00,0x00,0x00,0x00,0x00,0x00,0x00,0x00,0x00,0x00,0x00,0x00,
0x01,0x01,0x01,0x00,0x00,0x00,0x00,0x09,0x0c,0x0c,0x0c,0x00,0x00,0x04,0x02,0x0c,
0x0c,0x0c,0x0c,0x00,0x03,0x07,0x0c,0x02,0x0c,0x0c,0x0c,0x00,0x03,0x0f,0x05,0x00,
0x01,0x01,0x06,0x00,0x00,0x00,0x00,0x00,0x0c,0x0c,0x08,0x00,0x00,0x00,0x00,0x00,
0x0c,0x0c,0x08,0x00,0x00,0x00,0x00,0x06,0x0c,0x0c,0x08,0x00,0x00,0x00,0x00,0x0d,
0x04,0x01,0x01,0x04,0x00,0x00,0x00,0x00,0x01,0x0c,0x05,0x00,0x00,0x00,0x00,0x00,
0x0c,0x0f,0x06,0x00,0x00,0x00,0x00,0x00,0x0c,0x01,0x00,0x00,0x00,0x00,0x00,0x00,
0x00,0x00,0x00,0x00,0x0a,0x01,0x01,0x06,0x00,0x00,0x04,0x0d,0x0c,0x0c,0x0c,0x08,
0x00,0x03,0x07,0x0c,0x0e,0x0c,0x0c,0x08,0x00,0x03,0x0f,0x05,0x00,0x0c,0x0c,0x08,
0x00,0x00,0x00,0x00,0x00,0x00,0x01,0x01,0x00,0x00,0x00,0x00,0x00,0x01,0x0c,0x0d,
0x00,0x00,0x00,0x00,0x06,0x0f,0x0c,0x06,0x00,0x00,0x00,0x00,0x0d,0x0c,0x01,0x00,
0x04,0x00,0x00,0x00,0x00,0x00,0x00,0x08,0x00,0x00,0x00,0x00,0x00,0x00,0x06,0x0c,
0x00,0x00,0x00,0x00,0x00,0x00,0x01,0x0c,0x00,0x00,0x00,0x00,0x00,0x00,0x06,0x08,
0x01,0x01,0x01,0x01,0x03,0x00,0x00,0x00,0x0c,0x0c,0x0c,0x0c,0x0c,0x08,0x00,0x00,
0x07,0x04,0x04,0x0e,0x0c,0x01,0x00,0x00,0x03,0x08,0x01,0x07,0x0c,0x0b,0x00,0x00,
0x00,0x00,0x00,0x01,0x01,0x04,0x00,0x00,0x00,0x00,0x01,0x0c,0x0d,0x00,0x00,0x00,
0x00,0x06,0x0f,0x0f,0x06,0x00,0x00,0x00,0x00,0x0d,0x0c,0x01,0x00,0x00,0x00,0x00,
0x00,0x00,0x00,0x0a,0x01,0x01,0x01,0x08,0x00,0x00,0x0a,0x0c,0x0c,0x0c,0x0c,0x0f,
0x00,0x00,0x01,0x0c,0x0b,0x00,0x01,0x0c,0x00,0x00,0x01,0x0c,0x08,0x00,0x01,0x0c,
0x00,0x00,0x00,0x00,0x00,0x09,0x01,0x06,0x04,0x00,0x00,0x00,0x0a,0x0c,0x02,0x00,
0x08,0x00,0x00,0x04,0x0f,0x0c,0x03,0x00,0x08,0x00,0x00,0x01,0x0c,0x01,0x00,0x00,
0x00,0x00,0x00,0x00,0x00,0x04,0x09,0x01,0x00,0x00,0x00,0x00,0x04,0x0f,0x0c,0x0c,
0x00,0x00,0x00,0x00,0x09,0x0c,0x0c,0x0c,0x00,0x00,0x00,0x00,0x0d,0x0c,0x0c,0x0e,
0x01,0x01,0x01,0x0a,0x00,0x00,0x00,0x00,0x0c,0x0c,0x0c,0x0c,0x0e,0x00,0x00,0x00,
0x0c,0x0c,0x0c,0x0c,0x0c,0x0a,0x00,0x00,0x04,0x04,0x02,0x0c,0x0c,0x01,0x00,0x00,
0x00,0x01,0x01,0x01,0x01,0x01,0x01,0x01,0x00,0x0c,0x0c,0x0c,0x0c,0x0c,0x0c,0x0c,
0x00,0x0c,0x0c,0x0c,0x0c,0x0c,0x0c,0x0c,0x00,0x0c,0x0c,0x0c,0x07,0x01,0x01,0x01,
0x01,0x01,0x03,0x00,0x00,0x00,0x00,0x00,0x0c,0x0c,0x0c,0x0d,0x00,0x00,0x00,0x00,
0x0c,0x0c,0x0c,0x0c,0x08,0x00,0x00,0x00,0x0d,0x0c,0x0c,0x0c,0x01,0x00,0x00,0x00,
0x00,0x00,0x06,0x01,0x01,0x01,0x01,0x01,0x00,0x00,0x09,0x0c,0x0c,0x0c,0x0c,0x0c,
0x00,0x00,0x0e,0x0c,0x0c,0x0c,0x0c,0x0c,0x00,0x04,0x0c,0x0c,0x0c,0x0e,0x0c,0x0c,
0x03,0x00,0x00,0x00,0x00,0x00,0x00,0x00,0x05,0x00,0x00,0x00,0x00,0x00,0x04,0x0e,
0x0f,0x00,0x00,0x00,0x00,0x00,0x01,0x0c,0x0c,0x03,0x00,0x00,0x00,0x00,0x0e,0x0c,
0x0b,0x01,0x01,0x01,0x01,0x01,0x0a,0x04,0x0c,0x0c,0x0c,0x0c,0x0c,0x0c,0x0c,0x0f,
0x0c,0x0c,0x0c,0x0c,0x0c,0x0c,0x0c,0x0c,0x0c,0x0e,0x08,0x08,0x08,0x07,0x0c,0x0c,
0x00,0x00,0x00,0x00,0x00,0x00,0x06,0x09,0x06,0x00,0x00,0x00,0x04,0x01,0x0c,0x0c,
0x05,0x00,0x00,0x04,0x0e,0x0c,0x02,0x0b,0x02,0x00,0x00,0x01,0x0c,0x05,0x00,0x00,
0x01,0x01,0x09,0x06,0x00,0x00,0x00,0x00,0x0c,0x0c,0x0c,0x0c,0x05,0x04,0x00,0x00,
0x00,0x00,0x03,0x01,0x0f,0x0e,0x04,0x00,0x03,0x04,0x00,0x00,0x03,0x0f,0x02,0x00,
0x00,0x00,0x08,0x08,0x00,0x00,0x00,0x0b,0x00,0x00,0x01,0x0c,0x07,0x01,0x07,0x0c,
0x00,0x00,0x00,0x08,0x0e,0x0c,0x02,0x06,0x00,0x00,0x00,0x00,0x00,0x03,0x00,0x00,
0x03,0x00,0x00,0x00,0x00,0x00,0x00,0x00,0x09,0x00,0x00,0x00,0x00,0x00,0x00,0x00,
0x00,0x00,0x00,0x00,0x00,0x00,0x00,0x00,0x00,0x00,0x00,0x00,0x00,0x00,0x00,0x0a,
0x06,0x01,0x01,0x01,0x01,0x01,0x01,0x01,0x01,0x0c,0x0c,0x0c,0x0c,0x0c,0x0c,0x0c,
0x0f,0x0c,0x0c,0x0c,0x0c,0x0c,0x0c,0x0c,0x0c,0x0c,0x0c,0x05,0x01,0x0c,0x0c,0x0c,
0x01,0x01,0x01,0x01,0x01,0x01,0x08,0x00,0x0c,0x0c,0x0c,0x0c,0x0c,0x0c,0x01,0x00,
0x0c,0x0c,0x0c,0x0c,0x0c,0x0c,0x01,0x00,0x02,0x01,0x01,0x01,0x01,0x01,0x08,0x00,
0x00,0x00,0x00,0x08,0x09,0x01,0x0a,0x00,0x00,0x00,0x0e,0x0c,0x0c,0x0c,0x02,0x00,
0x00,0x08,0x0c,0x0c,0x0c,0x02,0x01,0x00,0x00,0x09,0x0c,0x0c,0x02,0x00,0x00,0x00,
0x00,0x00,0x00,0x00,0x00,0x08,0x03,0x00,0x00,0x00,0x00,0x04,0x05,0x0c,0x05,0x00,
0x00,0x00,0x08,0x0f,0x0c,0x07,0x01,0x00,0x00,0x00,0x06,0x01,0x03,0x00,0x00,0x00,
0x00,0x00,0x00,0x00,0x0a,0x06,0x00,0x00,0x00,0x00,0x00,0x00,0x02,0x0c,0x02,0x05,
0x00,0x00,0x00,0x00,0x00,0x0a,0x0f,0x0c,0x00,0x00,0x00,0x00,0x00,0x00,0x04,0x06,
0x04,0x0a,0x04,0x00,0x00,0x00,0x00,0x00,0x0f,0x0f,0x03,0x00,0x00,0x00,0x00,0x00,
0x01,0x04,0x00,0x00,0x00,0x00,0x00,0x00,0x00,0x00,0x00,0x00,0x00,0x00,0x00,0x00,
0x00,0x00,0x00,0x0a,0x00,0x00,0x00,0x00,0x00,0x0b,0x07,0x0c,0x08,0x00,0x00,0x00,
0x0d,0x0c,0x0c,0x0d,0x08,0x00,0x00,0x00,0x0a,0x0a,0x04,0x00,0x00,0x00,0x00,0x00,
0x00,0x00,0x03,0x01,0x01,0x01,0x01,0x01,0x00,0x0a,0x0c,0x0c,0x0c,0x0c,0x0c,0x0c,
0x00,0x0f,0x0c,0x0c,0x07,0x02,0x07,0x0c,0x03,0x0c,0x0c,0x0c,0x04,0x00,0x04,0x0c,
0x03,0x00,0x00,0x00,0x00,0x00,0x00,0x00,0x0c,0x0a,0x00,0x00,0x00,0x00,0x00,0x00,
0x0c,0x0f,0x00,0x00,0x00,0x00,0x00,0x00,0x0c,0x0c,0x00,0x00,0x00,0x00,0x00,0x00,
0x00,0x00,0x00,0x00,0x00,0x00,0x00,0x00,0x00,0x00,0x00,0x00,0x00,0x00,0x00,0x00,
0x00,0x00,0x00,0x00,0x00,0x00,0x00,0x00,0x00,0x00,0x00,0x00,0x00,0x00,0x00,0x00,
0x00,0x00,0x00,0x0b,0x01,0x01,0x0a,0x00,0x00,0x00,0x05,0x0c,0x0c,0x0c,0x0c,0x01,
0x00,0x03,0x0c,0x0c,0x0c,0x07,0x02,0x0c,0x00,0x0b,0x0c,0x0c,0x07,0x00,0x00,0x08,
0x0c,0x0c,0x0c,0x00,0x00,0x04,0x00,0x00,0x0c,0x0c,0x0c,0x00,0x00,0x00,0x00,0x00,
0x0c,0x0c,0x0c,0x00,0x00,0x00,0x00,0x00,0x0c,0x0c,0x0c,0x00,0x00,0x00,0x00,0x00,
0x0c,0x0c,0x08,0x00,0x00,0x00,0x08,0x0c,0x0c,0x0c,0x08,0x00,0x00,0x00,0x07,0x0c,
0x0c,0x0c,0x08,0x00,0x00,0x01,0x0c,0x0d,0x0c,0x0c,0x08,0x00,0x06,0x0f,0x0c,0x06,
0x07,0x00,0x00,0x00,0x00,0x00,0x00,0x00,0x08,0x00,0x00,0x00,0x00,0x00,0x00,0x00,
0x00,0x00,0x0a,0x0c,0x0c,0x0c,0x01,0x00,0x00,0x03,0x0f,0x0c,0x0f,0x0c,0x01,0x00,
0x00,0x00,0x06,0x00,0x00,0x0c,0x0c,0x08,0x00,0x00,0x00,0x00,0x00,0x0c,0x0c,0x08,
0x00,0x00,0x00,0x00,0x00,0x0c,0x0c,0x08,0x00,0x00,0x00,0x00,0x00,0x0c,0x0c,0x08,
0x00,0x00,0x00,0x08,0x0c,0x07,0x04,0x00,0x00,0x00,0x00,0x0e,0x0c,0x0b,0x00,0x00,
0x00,0x00,0x09,0x0c,0x02,0x00,0x01,0x0c,0x00,0x04,0x0f,0x0c,0x06,0x03,0x0c,0x0c,
0x00,0x00,0x00,0x00,0x00,0x00,0x00,0x00,0x03,0x08,0x04,0x00,0x00,0x00,0x06,0x08,
0x0c,0x0c,0x0c,0x07,0x06,0x00,0x01,0x0c,0x01,0x01,0x0f,0x0c,0x01,0x00,0x08,0x0c,
0x00,0x01,0x0c,0x0c,0x0d,0x04,0x00,0x00,0x03,0x06,0x08,0x0e,0x0c,0x09,0x00,0x00,
0x0e,0x04,0x04,0x0e,0x0c,0x01,0x00,0x09,0x0c,0x0c,0x0c,0x0c,0x0c,0x08,0x04,0x0f,
0x08,0x0c,0x07,0x04,0x00,0x00,0x00,0x00,0x07,0x0c,0x0b,0x00,0x00,0x00,0x00,0x00,
0x0c,0x02,0x00,0x00,0x0d,0x0c,0x0c,0x0c,0x0c,0x06,0x00,0x01,0x0c,0x0f,0x0c,0x0c,
0x00,0x00,0x01,0x0c,0x08,0x00,0x01,0x0c,0x00,0x00,0x01,0x0c,0x01,0x08,0x0e,0x0c,
0x08,0x00,0x08,0x0c,0x0c,0x0c,0x0c,0x0e,0x08,0x00,0x00,0x04,0x08,0x08,0x08,0x00,
0x08,0x00,0x03,0x0c,0x0f,0x04,0x00,0x00,0x08,0x00,0x02,0x0c,0x0a,0x00,0x00,0x00,
0x00,0x0b,0x0c,0x0e,0x00,0x00,0x00,0x00,0x04,0x07,0x0c,0x08,0x03,0x0d,0x02,0x02,
0x00,0x00,0x00,0x00,0x05,0x0c,0x0c,0x02,0x00,0x00,0x00,0x00,0x0b,0x0c,0x0c,0x0c,
0x00,0x00,0x00,0x04,0x01,0x0f,0x0c,0x0c,0x05,0x03,0x00,0x05,0x0c,0x0c,0x0c,0x0f,
0x00,0x00,0x0a,0x02,0x02,0x0a,0x00,0x00,0x0a,0x00,0x00,0x00,0x00,0x00,0x00,0x00,
0x0c,0x0a,0x00,0x04,0x08,0x08,0x06,0x00,0x0c,0x0c,0x01,0x08,0x0c,0x0c,0x01,0x00,
0x00,0x0c,0x0c,0x0c,0x02,0x00,0x00,0x00,0x00,0x0c,0x0c,0x0c,0x02,0x00,0x00,0x00,
0x00,0x0c,0x0c,0x0c,0x0c,0x0c,0x0c,0x0c,0x00,0x0c,0x0c,0x0c,0x0c,0x0c,0x0c,0x0c,
0x08,0x0c,0x0c,0x0c,0x01,0x00,0x00,0x00,0x01,0x0c,0x0c,0x0c,0x08,0x00,0x00,0x00,
0x0c,0x0c,0x0c,0x01,0x00,0x00,0x00,0x00,0x0c,0x0c,0x0e,0x01,0x00,0x00,0x00,0x00,
0x00,0x0a,0x0c,0x0c,0x0c,0x08,0x0c,0x0c,0x00,0x0d,0x0c,0x0c,0x0f,0x00,0x0d,0x0c,
0x00,0x0f,0x0c,0x0c,0x0d,0x00,0x09,0x0c,0x0b,0x0c,0x0c,0x0c,0x0a,0x00,0x06,0x0c,
0x0c,0x01,0x00,0x00,0x00,0x00,0x0c,0x0c,0x0c,0x0e,0x00,0x00,0x00,0x00,0x0c,0x0c,
0x0c,0x0c,0x06,0x00,0x00,0x00,0x0c,0x0c,0x0c,0x0c,0x09,0x00,0x00,0x00,0x0c,0x0c,
0x0c,0x01,0x00,0x00,0x00,0x0a,0x02,0x02,0x0c,0x01,0x04,0x08,0x08,0x06,0x00,0x00,
0x0c,0x05,0x0f,0x0c,0x0c,0x0c,0x0c,0x01,0x0c,0x0c,0x0c,0x0c,0x0c,0x0c,0x0c,0x0c,
0x02,0x00,0x06,0x0c,0x02,0x00,0x0b,0x0f,0x00,0x00,0x01,0x0c,0x0a,0x08,0x0c,0x0c,
0x00,0x00,0x02,0x0c,0x03,0x0d,0x0c,0x0d,0x0a,0x00,0x02,0x0c,0x00,0x0f,0x0c,0x08,
0x0c,0x0c,0x01,0x0c,0x02,0x01,0x0c,0x03,0x0e,0x0e,0x0c,0x0c,0x01,0x03,0x0c,0x0a,
0x00,0x00,0x02,0x0c,0x09,0x00,0x0c,0x0a,0x00,0x00,0x01,0x0c,0x08,0x06,0x0c,0x03,
0x00,0x06,0x01,0x01,0x01,0x01,0x01,0x01,0x00,0x08,0x0c,0x0c,0x0c,0x0c,0x0c,0x0c,
0x00,0x03,0x02,0x02,0x02,0x0e,0x0c,0x0c,0x00,0x00,0x00,0x00,0x04,0x0e,0x0c,0x0c,
0x01,0x08,0x00,0x00,0x00,0x00,0x00,0x02,0x0c,0x01,0x00,0x00,0x00,0x00,0x06,0x0c,
0x0c,0x01,0x00,0x00,0x00,0x00,0x01,0x0c,0x0f,0x03,0x00,0x00,0x00,0x00,0x07,0x0c,
0x0c,0x0c,0x0c,0x04,0x00,0x0c,0x0c,0x0c,0x0c,0x0c,0x05,0x00,0x00,0x0c,0x0c,0x0c,
0x0c,0x0c,0x0b,0x00,0x00,0x0c,0x0c,0x0c,0x0c,0x07,0x00,0x00,0x00,0x0c,0x0c,0x0c,
0x01,0x00,0x00,0x00,0x00,0x00,0x00,0x00,0x01,0x00,0x00,0x00,0x00,0x00,0x00,0x00,
0x0c,0x0c,0x0c,0x0c,0x0c,0x0c,0x00,0x00,0x0c,0x0c,0x0c,0x0c,0x0c,0x0c,0x00,0x00,
0x0a,0x02,0x0c,0x0c,0x07,0x01,0x0a,0x00,0x02,0x0c,0x0c,0x0c,0x0c,0x0c,0x02,0x00,
0x01,0x07,0x0c,0x0c,0x0f,0x02,0x01,0x00,0x00,0x01,0x0c,0x0c,0x02,0x00,0x00,0x00,
0x06,0x01,0x01,0x01,0x01,0x01,0x01,0x01,0x08,0x0c,0x0c,0x0c,0x0c,0x0c,0x0c,0x0c,
0x03,0x02,0x02,0x02,0x0e,0x0c,0x0c,0x0c,0x00,0x00,0x00,0x04,0x0e,0x0c,0x0c,0x0f,
0x08,0x00,0x00,0x04,0x0a,0x01,0x01,0x01,0x01,0x00,0x00,0x0e,0x0c,0x0c,0x0c,0x0c,
0x01,0x00,0x0b,0x0c,0x0c,0x0e,0x01,0x01,0x03,0x00,0x01,0x0c,0x0c,0x0d,0x00,0x00,
0x01,0x0a,0x04,0x00,0x00,0x00,0x04,0x0a,0x0c,0x0c,0x07,0x04,0x00,0x00,0x0e,0x0c,
0x0f,0x0c,0x0c,0x0b,0x00,0x0b,0x0c,0x0c,0x06,0x08,0x08,0x06,0x00,0x01,0x0c,0x0c,
0x01,0x01,0x01,0x01,0x0a,0x04,0x00,0x00,0x0c,0x0c,0x0c,0x0c,0x0c,0x07,0x04,0x00,
0x0e,0x01,0x01,0x0f,0x0c,0x0c,0x0b,0x00,0x0d,0x00,0x00,0x06,0x08,0x08,0x06,0x00,
0x06,0x01,0x01,0x01,0x00,0x00,0x06,0x0c,0x00,0x00,0x00,0x00,0x00,0x0a,0x07,0x0c,
0x00,0x00,0x00,0x04,0x0e,0x0c,0x0c,0x0c,0x00,0x00,0x00,0x01,0x0c,0x0c,0x0c,0x01,
0x0c,0x0c,0x00,0x00,0x00,0x00,0x00,0x00,0x0c,0x07,0x00,0x00,0x00,0x00,0x00,0x00,
0x0f,0x0b,0x00,0x00,0x00,0x00,0x00,0x00,0x06,0x00,0x00,0x00,0x00,0x00,0x00,0x00,
0x00,0x00,0x00,0x00,0x00,0x00,0x00,0x00,0x00,0x00,0x00,0x00,0x00,0x00,0x00,0x00,
0x00,0x00,0x00,0x00,0x00,0x00,0x00,0x00,0x00,0x00,0x00,0x00,0x00,0x00,0x00,0x00,
0x00,0x01,0x0c,0x0c,0x02,0x00,0x00,0x00,0x00,0x01,0x0c,0x0c,0x02,0x00,0x00,0x00,
0x00,0x01,0x0c,0x0c,0x02,0x00,0x00,0x06,0x00,0x0b,0x0c,0x0c,0x0f,0x0b,0x08,0x05,
0x0c,0x0c,0x0c,0x00,0x00,0x00,0x00,0x00,0x0c,0x0c,0x0c,0x00,0x00,0x00,0x00,0x00,
0x0c,0x0c,0x0c,0x00,0x00,0x00,0x00,0x00,0x0c,0x0c,0x0c,0x00,0x00,0x00,0x00,0x00,
0x01,0x01,0x06,0x00,0x05,0x0c,0x01,0x00,0x00,0x00,0x00,0x08,0x0c,0x07,0x04,0x00,
0x00,0x00,0x00,0x0e,0x0c,0x0b,0x00,0x08,0x00,0x00,0x09,0x0c,0x02,0x00,0x00,0x08,
0x04,0x07,0x0c,0x01,0x02,0x0c,0x01,0x00,0x02,0x0c,0x05,0x00,0x02,0x0c,0x01,0x00,
0x0c,0x0f,0x0b,0x08,0x0e,0x0c,0x05,0x04,0x0c,0x0c,0x0c,0x0c,0x0c,0x0c,0x0c,0x08,
0x00,0x00,0x00,0x00,0x00,0x01,0x01,0x06,0x00,0x00,0x00,0x00,0x00,0x00,0x00,0x00,
0x00,0x00,0x00,0x00,0x00,0x00,0x00,0x00,0x00,0x00,0x00,0x00,0x00,0x00,0x00,0x0a,
0x00,0x05,0x0c,0x01,0x00,0x03,0x02,0x02,0x08,0x0c,0x0f,0x04,0x00,0x00,0x00,0x06,
0x02,0x0c,0x0a,0x00,0x00,0x00,0x0d,0x0c,0x0c,0x02,0x00,0x00,0x00,0x08,0x0c,0x0c,
0x00,0x00,0x01,0x0c,0x0d,0x00,0x00,0x08,0x0a,0x05,0x0f,0x0c,0x01,0x00,0x00,0x00,
0x0c,0x0c,0x0f,0x05,0x04,0x00,0x00,0x00,0x09,0x03,0x00,0x00,0x00,0x00,0x00,0x00,
0x01,0x0d,0x05,0x01,0x08,0x00,0x05,0x0c,0x00,0x00,0x00,0x00,0x00,0x08,0x0c,0x0f,
0x00,0x00,0x00,0x00,0x00,0x0e,0x0c,0x0a,0x00,0x00,0x00,0x00,0x0a,0x0c,0x02,0x00,
0x01,0x00,0x0b,0x0c,0x0f,0x03,0x0c,0x0c,0x04,0x03,0x0f,0x0c,0x0a,0x00,0x0c,0x0c,
0x00,0x01,0x0c,0x02,0x08,0x08,0x0c,0x0c,0x00,0x01,0x0c,0x0c,0x0c,0x0c,0x0c,0x0c,
0x08,0x00,0x00,0x00,0x00,0x00,0x00,0x00,0x08,0x00,0x00,0x00,0x00,0x00,0x00,0x06,
0x09,0x00,0x00,0x00,0x00,0x00,0x00,0x02,0x0c,0x00,0x00,0x00,0x00,0x00,0x0b,0x0c,
0x01,0x0c,0x05,0x00,0x02,0x0c,0x0e,0x0e,0x0c,0x0f,0x04,0x00,0x0c,0x07,0x00,0x00,
0x0c,0x09,0x00,0x00,0x0c,0x02,0x00,0x00,0x07,0x00,0x00,0x00,0x0c,0x0e,0x00,0x00,
0x0c,0x0d,0x00,0x0f,0x0c,0x0c,0x0a,0x03,0x0c,0x0f,0x00,0x0c,0x0c,0x0c,0x08,0x00,
0x0c,0x0c,0x00,0x0c,0x0c,0x0c,0x01,0x00,0x0c,0x0c,0x00,0x0e,0x0c,0x0c,0x0c,0x0e,
0x0f,0x0c,0x0c,0x0e,0x0c,0x0c,0x01,0x00,0x03,0x0e,0x0c,0x0c,0x0c,0x0c,0x01,0x00,
0x00,0x04,0x0e,0x0c,0x0c,0x0c,0x0b,0x00,0x02,0x02,0x0f,0x0c,0x0c,0x0c,0x0f,0x03,
0x00,0x0c,0x0c,0x0c,0x07,0x01,0x01,0x01,0x00,0x0c,0x0c,0x0c,0x02,0x00,0x00,0x00,
0x00,0x0c,0x0c,0x0c,0x02,0x00,0x00,0x00,0x00,0x0c,0x0c,0x0c,0x0c,0x0c,0x0c,0x0c,
0x01,0x0c,0x0c,0x0c,0x0a,0x00,0x00,0x00,0x00,0x0c,0x0c,0x0c,0x05,0x00,0x00,0x00,
0x03,0x0c,0x0c,0x0c,0x02,0x00,0x00,0x03,0x0c,0x0c,0x0c,0x0c,0x01,0x00,0x00,0x09,
0x01,0x0c,0x0c,0x0c,0x06,0x00,0x00,0x07,0x07,0x0c,0x0c,0x0c,0x0c,0x0c,0x0c,0x0c,
0x0c,0x0c,0x0c,0x0c,0x0c,0x0c,0x0c,0x0c,0x0c,0x0c,0x0c,0x0e,0x02,0x02,0x02,0x02,
0x0c,0x0c,0x0d,0x00,0x00,0x00,0x0c,0x0c,0x0c,0x0c,0x0c,0x04,0x00,0x00,0x0c,0x0c,
0x0c,0x0c,0x0c,0x0a,0x00,0x00,0x07,0x0c,0x0c,0x0c,0x0c,0x05,0x00,0x00,0x0d,0x0c,
0x0c,0x0f,0x02,0x02,0x02,0x0c,0x0c,0x0c,0x0c,0x01,0x00,0x00,0x00,0x02,0x0c,0x0c,
0x0c,0x01,0x00,0x00,0x00,0x02,0x0c,0x0c,0x0c,0x0c,0x02,0x02,0x02,0x0c,0x0c,0x0c,
0x0d,0x00,0x05,0x0c,0x08,0x07,0x0c,0x09,0x02,0x00,0x0a,0x0c,0x01,0x01,0x0c,0x0c,
0x02,0x00,0x00,0x07,0x0f,0x03,0x01,0x0c,0x01,0x00,0x00,0x08,0x0c,0x0f,0x08,0x04,
0x00,0x04,0x07,0x0c,0x04,0x0a,0x02,0x00,0x02,0x0f,0x0c,0x0c,0x0b,0x07,0x03,0x00,
0x0c,0x05,0x0c,0x0c,0x07,0x03,0x00,0x00,0x06,0x00,0x03,0x03,0x01,0x02,0x08,0x00,
0x00,0x00,0x00,0x04,0x0e,0x0c,0x0c,0x0f,0x00,0x00,0x04,0x0e,0x0c,0x0c,0x0f,0x03,
0x00,0x00,0x0d,0x0c,0x0c,0x0c,0x08,0x00,0x00,0x01,0x0c,0x0c,0x0c,0x05,0x08,0x08,
0x03,0x00,0x00,0x00,0x00,0x0b,0x0c,0x0c,0x00,0x00,0x00,0x00,0x00,0x0d,0x0c,0x0c,
0x00,0x00,0x00,0x00,0x06,0x0c,0x0c,0x0c,0x08,0x06,0x00,0x00,0x01,0x0c,0x0c,0x0c,
0x0c,0x01,0x00,0x00,0x00,0x0c,0x0c,0x0c,0x0c,0x0c,0x0c,0x0c,0x0c,0x0c,0x0c,0x0c,
0x0c,0x0c,0x0c,0x0c,0x0c,0x0c,0x0c,0x0c,0x05,0x01,0x01,0x01,0x01,0x0c,0x0c,0x0c,
0x02,0x01,0x01,0x01,0x01,0x01,0x00,0x00,0x01,0x00,0x00,0x00,0x00,0x00,0x00,0x00,
0x01,0x00,0x00,0x00,0x00,0x00,0x00,0x00,0x0c,0x0c,0x0c,0x0c,0x0c,0x0c,0x01,0x00,
0x00,0x01,0x0c,0x0c,0x02,0x00,0x00,0x00,0x00,0x01,0x0c,0x0c,0x02,0x00,0x00,0x00,
0x00,0x01,0x0c,0x0c,0x02,0x00,0x00,0x00,0x00,0x01,0x0c,0x0c,0x02,0x00,0x00,0x00,
0x00,0x00,0x04,0x0e,0x0c,0x0c,0x0f,0x03,0x00,0x04,0x0e,0x0c,0x0c,0x0f,0x03,0x00,
0x00,0x0d,0x0c,0x0c,0x0c,0x08,0x00,0x00,0x01,0x0c,0x0c,0x0c,0x05,0x08,0x08,0x08,
0x00,0x00,0x0b,0x0c,0x0c,0x0c,0x0c,0x0c,0x00,0x00,0x00,0x02,0x0c,0x0c,0x0c,0x0c,
0x00,0x00,0x00,0x00,0x06,0x08,0x08,0x08,0x06,0x00,0x09,0x0c,0x0c,0x0e,0x00,0x00,
0x0c,0x02,0x05,0x04,0x00,0x0b,0x0c,0x0c,0x0c,0x0c,0x0c,0x05,0x00,0x00,0x02,0x0c,
0x05,0x0c,0x0c,0x02,0x00,0x00,0x00,0x06,0x08,0x0c,0x0c,0x02,0x00,0x09,0x0c,0x0c,
0x0c,0x0c,0x0c,0x0c,0x02,0x05,0x04,0x00,0x0c,0x0c,0x0c,0x0c,0x0c,0x0c,0x05,0x00,
0x08,0x08,0x08,0x05,0x0c,0x0c,0x02,0x00,0x0e,0x00,0x00,0x08,0x0c,0x0c,0x02,0x00,
0x00,0x00,0x00,0x01,0x0c,0x0c,0x01,0x00,0x00,0x00,0x00,0x06,0x08,0x08,0x06,0x00,
0x00,0x00,0x00,0x06,0x08,0x08,0x06,0x00,0x00,0x00,0x00,0x01,0x0c,0x0c,0x01,0x00,
0x00,0x00,0x00,0x00,0x00,0x00,0x00,0x00,0x00,0x00,0x00,0x00,0x00,0x00,0x00,0x00,
0x00,0x00,0x00,0x00,0x00,0x00,0x00,0x00,0x00,0x00,0x00,0x00,0x00,0x00,0x00,0x00,
0x00,0x00,0x00,0x00,0x00,0x00,0x00,0x00,0x00,0x00,0x00,0x00,0x00,0x00,0x00,0x00,
0x00,0x00,0x00,0x00,0x00,0x00,0x00,0x00,0x00,0x00,0x00,0x00,0x00,0x00,0x00,0x00,
0x00,0x04,0x0f,0x0c,0x0c,0x0c,0x0c,0x0e,0x00,0x00,0x0b,0x07,0x0c,0x0c,0x0f,0x08,
0x00,0x00,0x00,0x00,0x00,0x00,0x00,0x00,0x00,0x00,0x00,0x00,0x0b,0x01,0x01,0x01,
0x0c,0x0c,0x0c,0x00,0x00,0x00,0x00,0x00,0x0c,0x0c,0x0c,0x00,0x00,0x00,0x00,0x00,
0x00,0x00,0x00,0x00,0x00,0x00,0x00,0x00,0x01,0x06,0x06,0x01,0x01,0x01,0x01,0x01,
0x00,0x04,0x0f,0x0c,0x06,0x00,0x00,0x06,0x00,0x01,0x0c,0x01,0x00,0x00,0x00,0x00,
0x00,0x00,0x00,0x00,0x00,0x00,0x00,0x00,0x01,0x01,0x01,0x01,0x00,0x00,0x00,0x03,
0x01,0x01,0x01,0x01,0x07,0x0c,0x02,0x06,0x00,0x00,0x00,0x00,0x02,0x0c,0x01,0x00,
0x00,0x00,0x00,0x00,0x00,0x00,0x00,0x00,0x0a,0x00,0x00,0x00,0x08,0x08,0x00,0x00,
0x00,0x00,0x00,0x00,0x00,0x00,0x04,0x0f,0x00,0x00,0x00,0x00,0x00,0x00,0x01,0x0c,
0x00,0x00,0x00,0x00,0x00,0x00,0x00,0x00,0x00,0x00,0x00,0x00,0x00,0x08,0x03,0x00,
0x0c,0x03,0x00,0x00,0x00,0x08,0x0c,0x0c,0x01,0x00,0x00,0x00,0x00,0x08,0x0c,0x0c,
0x00,0x00,0x00,0x00,0x00,0x00,0x00,0x00,0x00,0x00,0x00,0x0a,0x01,0x01,0x08,0x00,
0x02,0x02,0x02,0x02,0x01,0x00,0x00,0x00,0x0c,0x0c,0x0c,0x0c,0x02,0x00,0x00,0x00,
0x00,0x00,0x00,0x00,0x00,0x00,0x00,0x00,0x00,0x00,0x00,0x01,0x01,0x01,0x01,0x01,
0x00,0x00,0x00,0x04,0x0f,0x0c,0x03,0x00,0x00,0x00,0x00,0x01,0x0c,0x01,0x00,0x00,
0x00,0x00,0x00,0x00,0x00,0x00,0x00,0x00,0x01,0x01,0x01,0x0a,0x06,0x00,0x00,0x00,
0x00,0x08,0x01,0x01,0x01,0x01,0x0c,0x0c,0x00,0x00,0x00,0x00,0x00,0x00,0x0c,0x0c,
0x00,0x00,0x00,0x00,0x00,0x00,0x00,0x00,0x00,0x00,0x0a,0x01,0x01,0x0a,0x00,0x00,
0x05,0x00,0x00,0x00,0x00,0x00,0x07,0x0c,0x08,0x00,0x00,0x00,0x00,0x01,0x0c,0x0d,
0x00,0x00,0x00,0x00,0x00,0x00,0x00,0x00,0x00,0x00,0x00,0x00,0x00,0x00,0x00,0x03,
0x08,0x00,0x00,0x00,0x07,0x0c,0x01,0x01,0x00,0x00,0x00,0x00,0x0a,0x0c,0x0c,0x0c,
0x00,0x00,0x00,0x00,0x00,0x00,0x00,0x00,0x01,0x01,0x01,0x01,0x0b,0x00,0x00,0x00,
0x0c,0x0e,0x00,0x0b,0x0c,0x0c,0x0c,0x0c,0x0f,0x0a,0x00,0x00,0x0b,0x0e,0x0c,0x0c,
0x00,0x00,0x00,0x00,0x00,0x00,0x00,0x00,0x00,0x00,0x00,0x00,0x00,0x04,0x0a,0x00,
0x0c,0x0c,0x0c,0x0c,0x0c,0x0c,0x0c,0x0a,0x0c,0x0c,0x0c,0x07,0x0b,0x09,0x01,0x00,
0x00,0x00,0x00,0x00,0x00,0x00,0x00,0x00,0x00,0x00,0x00,0x00,0x00,0x03,0x01,0x01,
0x00,0x0c,0x0c,0x0c,0x0c,0x0c,0x0c,0x0c,0x00,0x0c,0x0c,0x0c,0x0c,0x0c,0x0c,0x0c,
0x00,0x00,0x00,0x00,0x00,0x00,0x00,0x00,0x01,0x01,0x01,0x06,0x00,0x00,0x08,0x01,
0x0c,0x0c,0x0c,0x0c,0x08,0x00,0x00,0x0e,0x0c,0x0c,0x0e,0x0b,0x00,0x00,0x04,0x0c,
0x00,0x00,0x00,0x00,0x00,0x00,0x00,0x00,0x01,0x0a,0x00,0x00,0x00,0x00,0x04,0x09,
0x0c,0x0c,0x0f,0x00,0x00,0x00,0x00,0x00,0x0c,0x0c,0x0d,0x00,0x00,0x00,0x00,0x00,
0x00,0x00,0x00,0x00,0x00,0x00,0x00,0x00,0x04,0x00,0x00,0x00,0x00,0x01,0x01,0x01,
0x0d,0x0c,0x0c,0x0f,0x00,0x00,0x08,0x0c,0x09,0x0c,0x0c,0x0c,0x08,0x00,0x00,0x0b,
0x00,0x00,0x00,0x00,0x00,0x00,0x00,0x00,0x06,0x00,0x00,0x00,0x00,0x00,0x00,0x0a,
0x0c,0x0c,0x0c,0x0c,0x0c,0x0c,0x0c,0x0c,0x0e,0x0c,0x0c,0x0c,0x0c,0x0c,0x0e,0x0b,
0x00,0x00,0x00,0x00,0x00,0x00,0x00,0x00,0x04,0x00,0x00,0x00,0x00,0x00,0x00,0x0a,
0x03,0x00,0x00,0x00,0x0a,0x0f,0x0c,0x0e,0x00,0x00,0x00,0x00,0x00,0x06,0x05,0x07,
0x00,0x00,0x00,0x00,0x00,0x00,0x00,0x00,0x00,0x00,0x00,0x00,0x00,0x00,0x00,0x00,
0x01,0x01,0x05,0x0f,0x0c,0x01,0x00,0x00,0x0c,0x0c,0x0c,0x0d,0x08,0x00,0x00,0x00,
0x00,0x00,0x00,0x00,0x00,0x00,0x00,0x00,0x0b,0x01,0x01,0x01,0x01,0x01,0x0b,0x00,
0x00,0x02,0x0c,0x0c,0x0c,0x0c,0x0c,0x0c,0x00,0x02,0x0c,0x0c,0x0c,0x0c,0x0c,0x0c,
0x00,0x00,0x00,0x00,0x00,0x00,0x00,0x00,0x00,0x00,0x00,0x00,0x0b,0x01,0x01,0x01,
0x0c,0x01,0x00,0x00,0x07,0x0c,0x0c,0x0f,0x0c,0x01,0x00,0x0b,0x0c,0x0c,0x0c,0x05,
0x00,0x00,0x00,0x00,0x00,0x00,0x00,0x00,0x01,0x01,0x0b,0x00,0x00,0x00,0x01,0x01,
0x04,0x00,0x00,0x00,0x00,0x0c,0x0c,0x0c,0x00,0x00,0x00,0x00,0x00,0x0c,0x0c,0x0c,
0x00,0x00,0x00,0x00,0x00,0x00,0x00,0x00,0x01,0x00,0x00,0x00,0x00,0x00,0x00,0x00,
0x0c,0x0c,0x0c,0x0c,0x0c,0x0c,0x01,0x00,0x0c,0x0c,0x0c,0x0c,0x0c,0x0c,0x01,0x00,
0x00,0x00,0x00,0x00,0x00,0x00,0x00,0x00,0x00,0x00,0x00,0x03,0x01,0x09,0x04,0x00,
0x00,0x01,0x0c,0x0c,0x02,0x00,0x00,0x00,0x00,0x01,0x0c,0x0c,0x02,0x00,0x00,0x00,
0x00,0x00,0x00,0x00,0x00,0x00,0x00,0x00,0x04,0x00,0x00,0x00,0x01,0x01,0x01,0x0a,
0x02,0x0c,0x0c,0x0c,0x0c,0x0c,0x0c,0x0c,0x02,0x0c,0x0c,0x0c,0x0c,0x0c,0x0c,0x0c,
0x00,0x00,0x00,0x00,0x00,0x00,0x00,0x00,0x00,0x00,0x00,0x00,0x00,0x00,0x00,0x00,
0x01,0x00,0x03,0x0c,0x0c,0x0c,0x0c,0x0c,0x01,0x00,0x00,0x0a,0x0f,0x0c,0x0c,0x0c,
0x00,0x00,0x00,0x00,0x00,0x00,0x00,0x00,0x00,0x00,0x06,0x09,0x01,0x01,0x01,0x01,
0x0c,0x0c,0x0c,0x01,0x00,0x03,0x0c,0x0c,0x0c,0x07,0x01,0x00,0x00,0x00,0x0a,0x0f,
0x00,0x00,0x00,0x00,0x00,0x00,0x00,0x00,0x03,0x00,0x00,0x00,0x00,0x00,0x00,0x00,
0x0c,0x0c,0x0c,0x0c,0x0c,0x0c,0x01,0x00,0x0c,0x0c,0x0c,0x0c,0x07,0x01,0x00,0x00,
0x00,0x00,0x00,0x00,0x00,0x00,0x00,0x00,0x0a,0x00,0x00,0x00,0x00,0x00,0x00,0x00,
0x00,0x00,0x00,0x01,0x0c,0x0c,0x01,0x00,0x00,0x00,0x00,0x01,0x0c,0x0c,0x01,0x00,
0x00,0x00,0x00,0x00,0x00,0x00,0x00,0x00,0x00,0x00,0x00,0x00,0x00,0x0a,0x00,0x00,
0x00,0x00,0x00,0x00,0x00,0x00,0x00,0x00,0x00,0x00,0x00,0x00,0x00,0x00,0x00,0x00,
0x00,0x00,0x00,0x00,0x00,0x00,0x00,0x00,0x00,0x00,0x00,0x00,0x00,0x00,0x04,0x09,
0x00,0x00,0x00,0x00,0x00,0x00,0x00,0x00,0x00,0x00,0x00,0x00,0x00,0x00,0x00,0x00,
0x00,0x00,0x00,0x00,0x00,0x00,0x00,0x00,0x04,0x00,0x00,0x00,0x00,0x00,0x00,0x00,
0x00,0x00,0x04,0x0e,0x0c,0x0c,0x0c,0x0c,0x00,0x00,0x0d,0x0c,0x0c,0x0c,0x0c,0x0c,
0x00,0x00,0x0c,0x0c,0x0c,0x0f,0x01,0x08,0x00,0x08,0x0c,0x0c,0x0c,0x09,0x00,0x00,
0x0c,0x0c,0x01,0x0c,0x0c,0x0c,0x0c,0x0c,0x0c,0x0c,0x0c,0x0c,0x0c,0x0c,0x0c,0x0c,
0x0a,0x01,0x0c,0x0c,0x0c,0x0c,0x01,0x01,0x00,0x00,0x05,0x0c,0x0c,0x0c,0x00,0x00,
0x0c,0x0c,0x0c,0x0c,0x00,0x00,0x00,0x0a,0x0c,0x0c,0x0c,0x0c,0x00,0x00,0x00,0x00,
0x01,0x01,0x01,0x01,0x00,0x00,0x00,0x00,0x00,0x00,0x00,0x00,0x00,0x00,0x01,0x01,
0x0c,0x07,0x01,0x07,0x0c,0x01,0x00,0x00,0x06,0x02,0x0c,0x0e,0x08,0x00,0x00,0x00,
0x00,0x00,0x03,0x00,0x00,0x00,0x00,0x00,0x01,0x06,0x08,0x01,0x01,0x0a,0x00,0x00,
0x00,0x00,0x00,0x04,0x05,0x0c,0x05,0x00,0x00,0x00,0x08,0x0f,0x0c,0x07,0x01,0x00,
0x00,0x00,0x06,0x01,0x03,0x00,0x00,0x00,0x01,0x01,0x01,0x06,0x08,0x01,0x01,0x0a,
0x00,0x00,0x00,0x02,0x0c,0x0c,0x01,0x00,0x00,0x00,0x00,0x02,0x0c,0x0c,0x01,0x00,
0x00,0x00,0x00,0x02,0x0c,0x0c,0x01,0x06,0x00,0x00,0x00,0x02,0x0c,0x0c,0x0f,0x01,
0x00,0x00,0x00,0x0c,0x0c,0x0c,0x0c,0x0c,0x00,0x00,0x00,0x0c,0x0c,0x0c,0x0c,0x0c,
0x00,0x00,0x00,0x0c,0x0c,0x0c,0x07,0x02,0x00,0x00,0x00,0x0c,0x0c,0x0c,0x01,0x00,
0x0c,0x0c,0x0c,0x0c,0x0c,0x01,0x00,0x00,0x0c,0x0c,0x0c,0x0c,0x0c,0x0c,0x01,0x00,
0x02,0x02,0x02,0x0c,0x0c,0x0c,0x0f,0x00,0x00,0x00,0x00,0x05,0x0c,0x0c,0x0c,0x03,
0x00,0x00,0x02,0x0c,0x0c,0x02,0x00,0x04,0x00,0x00,0x02,0x0c,0x0c,0x02,0x06,0x0e,
0x00,0x00,0x02,0x0c,0x0c,0x07,0x0f,0x0c,0x00,0x00,0x02,0x0c,0x0c,0x0c,0x0c,0x05,
0x06,0x00,0x00,0x00,0x00,0x00,0x01,0x0c,0x08,0x00,0x00,0x00,0x00,0x06,0x0c,0x0c,
0x08,0x00,0x00,0x00,0x00,0x0b,0x0c,0x0c,0x00,0x00,0x00,0x00,0x00,0x01,0x0c,0x0c,
0x0c,0x0c,0x0c,0x0c,0x0c,0x0e,0x04,0x00,0x0c,0x0d,0x05,0x0f,0x0c,0x0c,0x09,0x00,
0x02,0x00,0x00,0x0a,0x0c,0x0c,0x0d,0x00,0x0c,0x0c,0x0c,0x0c,0x0c,0x0c,0x02,0x00,
0x00,0x00,0x00,0x00,0x0b,0x07,0x0c,0x06,0x00,0x00,0x00,0x0d,0x0c,0x0c,0x0d,0x08,
0x00,0x00,0x00,0x0a,0x0a,0x04,0x00,0x00,0x00,0x00,0x06,0x09,0x01,0x01,0x01,0x0a,
0x00,0x00,0x00,0x00,0x0a,0x0c,0x0c,0x0c,0x00,0x00,0x00,0x00,0x02,0x0c,0x0c,0x0d,
0x00,0x00,0x00,0x00,0x08,0x08,0x08,0x04,0x04,0x00,0x00,0x00,0x06,0x05,0x02,0x02,
0x0c,0x0c,0x0c,0x0c,0x0b,0x00,0x01,0x0c,0x08,0x0d,0x0c,0x0c,0x0e,0x00,0x01,0x0c,
0x00,0x08,0x0c,0x0c,0x0c,0x00,0x01,0x0c,0x0d,0x09,0x0c,0x0c,0x0c,0x00,0x01,0x0c,
0x0c,0x02,0x00,0x00,0x00,0x0a,0x0f,0x0c,0x0c,0x02,0x00,0x00,0x01,0x0c,0x05,0x0a,
0x0c,0x02,0x00,0x00,0x04,0x06,0x00,0x00,0x0c,0x02,0x00,0x01,0x01,0x01,0x00,0x00,
0x0f,0x09,0x00,0x00,0x00,0x0c,0x0c,0x0c,0x05,0x0c,0x05,0x00,0x00,0x0c,0x0c,0x0c,
0x00,0x04,0x06,0x00,0x00,0x0c,0x0c,0x0c,0x00,0x01,0x01,0x01,0x00,0x0c,0x0c,0x0c,
0x08,0x00,0x00,0x00,0x00,0x03,0x02,0x0c,0x08,0x00,0x00,0x00,0x09,0x0c,0x0c,0x0e,
0x08,0x00,0x00,0x00,0x08,0x09,0x06,0x00,0x08,0x00,0x01,0x01,0x01,0x00,0x00,0x00,
0x09,0x00,0x00,0x00,0x00,0x00,0x0a,0x0c,0x0a,0x00,0x00,0x00,0x00,0x00,0x0b,0x0e,
0x00,0x00,0x00,0x00,0x00,0x00,0x00,0x00,0x01,0x01,0x01,0x00,0x01,0x01,0x01,0x00,
0x0e,0x08,0x00,0x00,0x00,0x00,0x04,0x0e,0x0c,0x0c,0x01,0x00,0x00,0x00,0x01,0x0c,
0x06,0x0a,0x08,0x00,0x00,0x00,0x02,0x0c,0x00,0x00,0x01,0x01,0x01,0x00,0x02,0x0c,
0x0c,0x0c,0x0c,0x0c,0x0c,0x0c,0x0c,0x0e,0x0c,0x0c,0x0c,0x0c,0x0c,0x0c,0x0c,0x0c,
0x0c,0x07,0x08,0x08,0x08,0x0e,0x0c,0x0c,0x0c,0x01,0x00,0x00,0x00,0x01,0x0c,0x0c,
0x04,0x00,0x04,0x0e,0x0c,0x0c,0x0c,0x0c,0x09,0x00,0x01,0x0c,0x0c,0x0c,0x0c,0x0c,
0x02,0x00,0x02,0x0c,0x0c,0x07,0x08,0x08,0x02,0x00,0x02,0x0c,0x0c,0x02,0x00,0x00,
0x0c,0x0c,0x0c,0x0e,0x04,0x00,0x0c,0x0c,0x0c,0x0c,0x0c,0x0c,0x01,0x00,0x0c,0x0c,
0x08,0x07,0x0c,0x0c,0x02,0x00,0x0c,0x0c,0x00,0x02,0x0c,0x0c,0x02,0x00,0x0c,0x0c,
0x0c,0x00,0x00,0x00,0x00,0x00,0x00,0x00,0x0c,0x00,0x00,0x00,0x00,0x00,0x00,0x00,
0x0c,0x00,0x00,0x00,0x00,0x00,0x00,0x00,0x0c,0x00,0x00,0x0b,0x01,0x01,0x0a,0x00,
0x00,0x00,0x03,0x0f,0x0c,0x0c,0x0f,0x09,0x00,0x00,0x06,0x02,0x08,0x08,0x07,0x0c,
0x00,0x00,0x00,0x00,0x00,0x00,0x00,0x08,0x00,0x00,0x00,0x03,0x01,0x01,0x01,0x01,
0x02,0x07,0x04,0x00,0x0c,0x0c,0x0c,0x02,0x0c,0x05,0x00,0x00,0x0c,0x0c,0x0c,0x0f,
0x08,0x00,0x00,0x00,0x0c,0x0c,0x0c,0x0c,0x09,0x06,0x00,0x00,0x0c,0x0c,0x0c,0x0c,
0x00,0x00,0x00,0x00,0x00,0x00,0x00,0x00,0x02,0x02,0x02,0x02,0x05,0x08,0x00,0x00,
0x0c,0x0c,0x0c,0x0c,0x0c,0x0c,0x01,0x00,0x0c,0x0c,0x0c,0x0c,0x0c,0x0c,0x0c,0x04,
0x00,0x0b,0x0c,0x0c,0x0c,0x0c,0x0c,0x0c,0x00,0x0e,0x0c,0x0c,0x02,0x01,0x0d,0x0c,
0x00,0x0c,0x0c,0x0c,0x08,0x00,0x00,0x0c,0x00,0x0c,0x0c,0x0c,0x08,0x08,0x01,0x0c,
0x0c,0x0a,0x00,0x00,0x00,0x00,0x00,0x0a,0x0c,0x07,0x00,0x00,0x00,0x00,0x00,0x0a,
0x0c,0x0c,0x00,0x00,0x00,0x00,0x00,0x00,0x0c,0x01,0x00,0x00,0x00,0x00,0x03,0x01,
0x0c,0x02,0x08,0x00,0x00,0x00,0x00,0x00,0x0e,0x0c,0x0c,0x01,0x00,0x00,0x00,0x00,
0x00,0x06,0x09,0x0b,0x00,0x00,0x00,0x00,0x01,0x01,0x01,0x01,0x06,0x00,0x00,0x00,
0x00,0x00,0x00,0x08,0x0e,0x0c,0x0a,0x00,0x00,0x00,0x01,0x0c,0x0c,0x0e,0x0a,0x00,
0x00,0x00,0x08,0x09,0x06,0x00,0x00,0x00,0x00,0x03,0x01,0x01,0x01,0x01,0x01,0x06,
0x00,0x00,0x00,0x00,0x00,0x09,0x0f,0x0c,0x00,0x00,0x00,0x00,0x05,0x0c,0x05,0x0a,
0x00,0x00,0x00,0x00,0x06,0x04,0x00,0x00,0x00,0x00,0x00,0x00,0x03,0x01,0x01,0x01,
0x0f,0x0a,0x00,0x00,0x00,0x00,0x00,0x00,0x0d,0x0c,0x01,0x00,0x00,0x00,0x00,0x00,
0x00,0x04,0x06,0x00,0x00,0x00,0x00,0x00,0x01,0x01,0x06,0x00,0x00,0x00,0x00,0x00,
0x00,0x08,0x0c,0x0c,0x0c,0x08,0x00,0x00,0x00,0x08,0x0c,0x0c,0x0c,0x08,0x00,0x00,
0x00,0x08,0x0c,0x0c,0x0c,0x08,0x00,0x00,0x00,0x08,0x0c,0x0c,0x0c,0x08,0x00,0x00,
0x00,0x00,0x01,0x0c,0x0c,0x0c,0x00,0x00,0x00,0x00,0x01,0x0c,0x0c,0x0c,0x0c,0x0c,
0x00,0x00,0x01,0x0c,0x0c,0x0c,0x0c,0x0c,0x00,0x00,0x01,0x0c,0x0c,0x0c,0x01,0x01,
0x00,0x00,0x00,0x00,0x00,0x00,0x0c,0x0c,0x0c,0x0c,0x0c,0x02,0x00,0x00,0x0c,0x0c,
0x0c,0x0c,0x0c,0x02,0x00,0x00,0x0c,0x0c,0x01,0x01,0x01,0x0a,0x00,0x00,0x0c,0x0c,
0x0c,0x01,0x0c,0x0c,0x0c,0x0c,0x01,0x00,0x0c,0x0c,0x0e,0x0f,0x0c,0x0c,0x0c,0x00,
0x0c,0x09,0x00,0x06,0x0c,0x0c,0x0c,0x00,0x0c,0x08,0x00,0x00,0x0c,0x0c,0x0c,0x00,
0x0c,0x0c,0x0c,0x01,0x0c,0x0c,0x0c,0x0c,0x0c,0x0c,0x0c,0x0c,0x0e,0x0f,0x0c,0x0c,
0x0c,0x0c,0x0c,0x09,0x00,0x06,0x0c,0x0c,0x0c,0x0c,0x0c,0x08,0x00,0x00,0x0c,0x0c,
0x01,0x00,0x00,0x02,0x0c,0x0c,0x0f,0x08,0x0c,0x00,0x03,0x07,0x0c,0x0c,0x01,0x00,
0x0c,0x00,0x0f,0x0c,0x0c,0x0c,0x01,0x00,0x0c,0x00,0x01,0x02,0x0c,0x0c,0x01,0x00,
0x00,0x06,0x08,0x0c,0x0c,0x0c,0x05,0x08,0x00,0x01,0x0c,0x0c,0x0c,0x0c,0x0c,0x0c,
0x00,0x01,0x0c,0x0c,0x0c,0x0c,0x0c,0x0c,0x00,0x06,0x08,0x0c,0x0c,0x0c,0x05,0x08,
0x08,0x00,0x00,0x01,0x0c,0x0c,0x0c,0x08,0x0c,0x00,0x00,0x01,0x0c,0x0c,0x0c,0x08,
0x0c,0x00,0x00,0x01,0x0c,0x0c,0x0c,0x08,0x08,0x00,0x00,0x01,0x0c,0x0c,0x0c,0x08,
0x00,0x00,0x02,0x0c,0x0c,0x0c,0x09,0x00,0x00,0x0a,0x0c,0x0c,0x0c,0x02,0x00,0x00,
0x00,0x0c,0x0c,0x0c,0x0c,0x02,0x00,0x00,0x00,0x0f,0x07,0x0c,0x0c,0x02,0x00,0x00,
0x00,0x00,0x00,0x00,0x00,0x01,0x0c,0x0c,0x00,0x00,0x00,0x00,0x00,0x09,0x0c,0x0c,
0x00,0x00,0x00,0x00,0x00,0x08,0x0c,0x0c,0x00,0x00,0x00,0x00,0x00,0x00,0x07,0x0c,
0x0f,0x02,0x02,0x02,0x02,0x02,0x01,0x00,0x02,0x00,0x00,0x04,0x08,0x08,0x03,0x00,
0x07,0x06,0x00,0x01,0x0c,0x0c,0x02,0x00,0x0c,0x0c,0x0c,0x0c,0x0c,0x0c,0x09,0x00,
0x00,0x0a,0x0c,0x0c,0x0c,0x0c,0x0c,0x0c,0x06,0x0c,0x0c,0x0c,0x07,0x0e,0x0c,0x0c,
0x08,0x0c,0x0c,0x07,0x00,0x00,0x01,0x0c,0x01,0x0c,0x0c,0x02,0x00,0x00,0x00,0x00,
0x0e,0x04,0x00,0x00,0x07,0x0c,0x0c,0x0c,0x0c,0x09,0x00,0x08,0x0c,0x0c,0x0f,0x03,
0x0c,0x05,0x00,0x08,0x0c,0x0c,0x07,0x04,0x00,0x00,0x00,0x04,0x0c,0x0c,0x0c,0x0c,
0x0c,0x0c,0x0c,0x0c,0x0c,0x00,0x01,0x0c,0x04,0x09,0x0c,0x0c,0x0c,0x00,0x01,0x0c,
0x00,0x0b,0x0c,0x0c,0x0c,0x00,0x01,0x0c,0x0c,0x07,0x0c,0x0c,0x0c,0x00,0x0a,0x02,
0x0c,0x02,0x00,0x0c,0x0c,0x0c,0x00,0x00,0x0c,0x02,0x00,0x0c,0x0c,0x0c,0x00,0x00,
0x0c,0x02,0x00,0x0c,0x0c,0x0c,0x00,0x00,0x02,0x01,0x00,0x0c,0x0c,0x0c,0x00,0x00,
0x00,0x0c,0x0c,0x0c,0x00,0x0c,0x0c,0x0c,0x00,0x0c,0x0c,0x0c,0x00,0x0c,0x0c,0x0c,
0x00,0x0c,0x0c,0x0c,0x00,0x0c,0x0c,0x0c,0x00,0x0c,0x0c,0x0c,0x00,0x0c,0x0c,0x0c,
0x08,0x00,0x0c,0x0c,0x0c,0x00,0x00,0x00,0x08,0x00,0x0c,0x0c,0x0c,0x00,0x00,0x00,
0x08,0x00,0x0c,0x0c,0x0c,0x00,0x00,0x00,0x08,0x00,0x0c,0x0c,0x0c,0x00,0x00,0x00,
0x0c,0x0c,0x0c,0x00,0x0c,0x0c,0x0c,0x00,0x0c,0x0c,0x0c,0x00,0x0c,0x0c,0x0c,0x00,
0x0c,0x0c,0x0c,0x00,0x0c,0x0c,0x0c,0x00,0x0c,0x0c,0x0c,0x00,0x0c,0x0c,0x0c,0x00,
0x00,0x00,0x0c,0x0c,0x0c,0x00,0x02,0x0c,0x00,0x00,0x0c,0x0c,0x0c,0x00,0x0d,0x0c,
0x00,0x00,0x0c,0x0c,0x0c,0x00,0x08,0x0c,0x00,0x00,0x0c,0x0c,0x0c,0x00,0x00,0x06,
0x0c,0x02,0x08,0x08,0x08,0x02,0x0c,0x0c,0x0c,0x0c,0x0c,0x0c,0x0c,0x0c,0x0c,0x0c,
0x0c,0x0c,0x0c,0x0c,0x0c,0x0e,0x0c,0x0c,0x01,0x0d,0x02,0x02,0x09,0x01,0x0c,0x0c,
0x02,0x00,0x01,0x0c,0x0c,0x07,0x08,0x08,0x02,0x00,0x04,0x05,0x0c,0x0c,0x0c,0x0c,
0x02,0x00,0x04,0x05,0x07,0x0c,0x0c,0x0c,0x02,0x00,0x05,0x0c,0x0c,0x07,0x01,0x01,
0x08,0x07,0x0c,0x0c,0x05,0x00,0x0c,0x0c,0x0c,0x0c,0x0c,0x02,0x04,0x00,0x0c,0x0c,
0x0c,0x0c,0x0f,0x05,0x04,0x00,0x0c,0x0c,0x01,0x0e,0x0c,0x0c,0x05,0x00,0x0c,0x0c,
0x0c,0x00,0x04,0x0f,0x0c,0x0c,0x0a,0x00,0x0c,0x00,0x01,0x0c,0x0c,0x02,0x00,0x00,
0x0c,0x06,0x0f,0x0c,0x0c,0x03,0x00,0x00,0x0c,0x0c,0x0c,0x0c,0x01,0x00,0x00,0x00,
0x00,0x00,0x01,0x0c,0x0c,0x0c,0x0c,0x0c,0x00,0x06,0x0c,0x0c,0x0c,0x0f,0x02,0x0c,
0x00,0x08,0x0c,0x0c,0x07,0x00,0x00,0x08,0x00,0x0a,0x0c,0x0c,0x02,0x00,0x00,0x00,
0x0c,0x0c,0x0b,0x00,0x0c,0x0c,0x0c,0x0e,0x0c,0x0c,0x0e,0x00,0x0c,0x0c,0x0c,0x02,
0x0c,0x0c,0x0c,0x00,0x0c,0x0c,0x0c,0x02,0x0c,0x0c,0x0c,0x00,0x0c,0x0c,0x0c,0x02,
0x08,0x08,0x0a,0x0e,0x0c,0x0c,0x0c,0x08,0x00,0x00,0x00,0x08,0x0c,0x0c,0x0c,0x01,
0x00,0x00,0x00,0x08,0x0c,0x0c,0x0c,0x01,0x00,0x00,0x00,0x0a,0x0c,0x0c,0x0c,0x09,
0x00,0x0c,0x0c,0x0c,0x08,0x01,0x0c,0x0f,0x00,0x0c,0x0c,0x0c,0x08,0x0a,0x0e,0x0c,
0x00,0x0c,0x0c,0x0c,0x08,0x00,0x00,0x0e,0x00,0x0c,0x0c,0x0c,0x08,0x00,0x00,0x0d,
0x01,0x00,0x00,0x00,0x00,0x0a,0x0c,0x0c,0x0c,0x02,0x00,0x00,0x00,0x02,0x0c,0x0c,
0x0c,0x0c,0x08,0x00,0x00,0x08,0x08,0x08,0x0c,0x0c,0x01,0x00,0x00,0x06,0x05,0x02,
0x0c,0x0c,0x0c,0x0c,0x0c,0x0b,0x00,0x00,0x0d,0x08,0x0d,0x0c,0x0c,0x0e,0x00,0x00,
0x04,0x00,0x08,0x0c,0x0c,0x0c,0x00,0x00,0x02,0x0d,0x09,0x0c,0x0c,0x0c,0x00,0x00,
0x0a,0x0c,0x0c,0x0c,0x0c,0x0c,0x0c,0x0c,0x02,0x0c,0x0c,0x0d,0x08,0x0d,0x0c,0x0c,
0x08,0x08,0x08,0x04,0x00,0x08,0x0c,0x0c,0x06,0x05,0x02,0x02,0x0d,0x09,0x0c,0x0c,
0x0b,0x00,0x00,0x0a,0x0c,0x0c,0x0c,0x0c,0x0e,0x00,0x00,0x02,0x0c,0x0c,0x0d,0x08,
0x0c,0x00,0x00,0x08,0x08,0x08,0x04,0x00,0x0c,0x00,0x00,0x06,0x05,0x02,0x02,0x0d,
0x0c,0x0c,0x0c,0x0b,0x00,0x00,0x00,0x00,0x0d,0x0c,0x0c,0x0e,0x00,0x00,0x00,0x00,
0x08,0x0c,0x0c,0x0c,0x00,0x00,0x00,0x00,0x09,0x0c,0x0c,0x0c,0x00,0x00,0x00,0x00,
0x00,0x08,0x0c,0x0c,0x0c,0x0a,0x00,0x00,0x00,0x03,0x0c,0x0c,0x0c,0x0d,0x00,0x00,
0x00,0x00,0x0f,0x0c,0x0c,0x0c,0x0c,0x02,0x00,0x00,0x09,0x0c,0x0c,0x0c,0x0c,0x0c,
0x00,0x00,0x01,0x0c,0x0c,0x0c,0x00,0x00,0x00,0x06,0x07,0x0c,0x0c,0x0c,0x00,0x00,
0x07,0x0c,0x0c,0x0c,0x0c,0x0c,0x0c,0x0c,0x0c,0x0c,0x07,0x0c,0x0c,0x0c,0x0c,0x0c,
0x00,0x00,0x00,0x00,0x00,0x00,0x0c,0x0c,0x00,0x00,0x00,0x00,0x00,0x00,0x0c,0x0c,
0x0c,0x0c,0x0c,0x0c,0x08,0x00,0x0c,0x0c,0x0c,0x0c,0x0c,0x0c,0x08,0x00,0x0c,0x0c,
0x0c,0x08,0x00,0x00,0x0c,0x0c,0x0c,0x00,0x0c,0x08,0x00,0x00,0x0c,0x0c,0x0c,0x00,
0x0c,0x08,0x00,0x00,0x0c,0x0c,0x0c,0x00,0x0c,0x08,0x00,0x00,0x0c,0x0c,0x0c,0x00,
0x0c,0x0c,0x0c,0x08,0x00,0x00,0x0c,0x0c,0x0c,0x0c,0x0c,0x08,0x00,0x00,0x0c,0x0c,
0x0c,0x0c,0x0c,0x08,0x00,0x00,0x0c,0x0c,0x0c,0x0c,0x0c,0x08,0x00,0x00,0x0c,0x0c,
0x0c,0x00,0x00,0x02,0x0c,0x0c,0x01,0x00,0x0c,0x00,0x00,0x02,0x0c,0x0c,0x01,0x00,
0x0c,0x00,0x00,0x02,0x0c,0x0c,0x01,0x00,0x0c,0x00,0x00,0x02,0x0c,0x0c,0x01,0x00,
0x00,0x00,0x00,0x0c,0x0c,0x0c,0x01,0x00,0x00,0x00,0x00,0x0c,0x0c,0x0c,0x05,0x08,
0x00,0x00,0x00,0x0c,0x0c,0x0c,0x0c,0x0c,0x00,0x00,0x00,0x0c,0x0c,0x0c,0x0c,0x0c,
0x00,0x00,0x00,0x05,0x0c,0x0c,0x0c,0x08,0x08,0x08,0x0b,0x0f,0x0c,0x0c,0x0c,0x04,
0x0c,0x0c,0x0c,0x0c,0x0c,0x0c,0x0e,0x00,0x0c,0x0c,0x0c,0x0c,0x0c,0x0c,0x08,0x00,
0x00,0x03,0x02,0x0c,0x0c,0x02,0x00,0x00,0x00,0x00,0x02,0x0c,0x0c,0x0e,0x08,0x08,
0x00,0x00,0x02,0x0c,0x0c,0x0c,0x0c,0x0c,0x00,0x00,0x02,0x0c,0x0c,0x0c,0x0c,0x0c,
0x00,0x00,0x00,0x00,0x00,0x00,0x03,0x0d,0x08,0x08,0x08,0x06,0x00,0x00,0x00,0x00,
0x0c,0x0c,0x0c,0x01,0x00,0x00,0x00,0x00,0x0c,0x0c,0x0c,0x01,0x00,0x00,0x00,0x00,
0x0c,0x0c,0x0c,0x0c,0x0c,0x0e,0x00,0x00,0x00,0x00,0x00,0x08,0x0c,0x03,0x00,0x00,
0x00,0x00,0x00,0x0d,0x02,0x00,0x00,0x00,0x00,0x00,0x00,0x01,0x0c,0x0c,0x08,0x00,
0x01,0x0c,0x0c,0x02,0x00,0x00,0x00,0x00,0x09,0x0c,0x0c,0x02,0x00,0x00,0x0a,0x02,
0x08,0x0c,0x0c,0x0f,0x0b,0x08,0x0e,0x0c,0x00,0x0f,0x0c,0x0c,0x0c,0x0c,0x0c,0x0c,
0x00,0x00,0x00,0x00,0x0a,0x0f,0x0c,0x0c,0x02,0x01,0x00,0x00,0x00,0x00,0x00,0x00,
0x0c,0x01,0x00,0x00,0x00,0x00,0x00,0x00,0x0c,0x0a,0x00,0x00,0x00,0x00,0x00,0x00,
0x0f,0x0a,0x0c,0x0c,0x0c,0x00,0x00,0x00,0x00,0x00,0x0a,0x0f,0x08,0x00,0x04,0x08,
0x00,0x00,0x0f,0x01,0x00,0x00,0x08,0x0c,0x00,0x00,0x02,0x0c,0x0c,0x00,0x08,0x0c,
0x00,0x00,0x00,0x0c,0x0c,0x0c,0x00,0x00,0x08,0x06,0x00,0x0c,0x0c,0x0c,0x00,0x00,
0x0c,0x01,0x00,0x0c,0x0c,0x0c,0x09,0x0b,0x0c,0x01,0x00,0x07,0x0c,0x0c,0x0c,0x0c,
0x00,0x0c,0x0c,0x0c,0x00,0x0c,0x0c,0x0c,0x06,0x0c,0x0c,0x0c,0x00,0x0c,0x0c,0x0c,
0x02,0x0c,0x0c,0x0c,0x00,0x0c,0x0c,0x0c,0x07,0x0c,0x0c,0x0c,0x00,0x0c,0x0c,0x0c,
0x08,0x00,0x0c,0x0c,0x0c,0x00,0x00,0x00,0x08,0x00,0x0c,0x0c,0x0c,0x00,0x00,0x06,
0x08,0x00,0x0c,0x0c,0x0c,0x09,0x0b,0x02,0x08,0x00,0x07,0x0c,0x0c,0x0c,0x0c,0x07,
0x0c,0x0c,0x0c,0x00,0x0c,0x0c,0x0c,0x00,0x0c,0x0c,0x0c,0x00,0x0c,0x0c,0x0c,0x00,
0x0c,0x0c,0x0c,0x00,0x0c,0x0c,0x0c,0x09,0x0c,0x0c,0x0c,0x00,0x07,0x0c,0x0c,0x0c,
0x00,0x00,0x0c,0x0c,0x0c,0x00,0x08,0x08,0x00,0x06,0x0c,0x0c,0x0c,0x00,0x0c,0x0c,
0x0b,0x02,0x0c,0x0c,0x0c,0x00,0x07,0x0c,0x0c,0x07,0x0c,0x0c,0x0c,0x00,0x01,0x0c,
0x08,0x06,0x00,0x00,0x00,0x01,0x0c,0x0c,0x0c,0x01,0x00,0x00,0x00,0x0d,0x0c,0x0c,
0x0c,0x0c,0x02,0x02,0x02,0x0c,0x0c,0x0c,0x0c,0x0c,0x0c,0x0c,0x0c,0x0c,0x0c,0x0c,
0x02,0x00,0x0f,0x0c,0x0c,0x01,0x00,0x00,0x02,0x00,0x0c,0x0c,0x0c,0x01,0x00,0x00,
0x05,0x00,0x07,0x0c,0x0c,0x0c,0x02,0x02,0x03,0x00,0x01,0x0c,0x0c,0x0c,0x0c,0x0c,
0x00,0x01,0x0c,0x0c,0x0f,0x00,0x0c,0x0c,0x00,0x01,0x0c,0x0c,0x0c,0x00,0x0c,0x0c,
0x02,0x0c,0x0c,0x0c,0x07,0x00,0x0c,0x0c,0x0c,0x0c,0x0c,0x0c,0x01,0x00,0x0c,0x0c,
0x0c,0x0c,0x0c,0x0c,0x01,0x00,0x00,0x00,0x0c,0x0b,0x0c,0x0c,0x0c,0x03,0x00,0x00,
0x0c,0x00,0x01,0x0c,0x0c,0x0e,0x00,0x00,0x0c,0x00,0x04,0x0f,0x0c,0x0c,0x01,0x00,
0x00,0x01,0x0c,0x0c,0x02,0x00,0x00,0x00,0x00,0x08,0x0c,0x0c,0x02,0x00,0x00,0x04,
0x00,0x08,0x0c,0x0c,0x0c,0x0a,0x08,0x01,0x00,0x00,0x07,0x0c,0x0c,0x0c,0x0c,0x0c,
0x0c,0x0c,0x0c,0x00,0x0c,0x0c,0x0c,0x0f,0x0c,0x0c,0x0c,0x00,0x0c,0x0c,0x0c,0x0c,
0x0c,0x0c,0x0f,0x00,0x0c,0x0c,0x0c,0x0c,0x0c,0x0c,0x05,0x00,0x0c,0x0c,0x0c,0x0e,
0x02,0x02,0x07,0x0c,0x0c,0x0c,0x0c,0x08,0x0c,0x0c,0x0c,0x0c,0x0c,0x0c,0x0f,0x00,
0x0c,0x0c,0x0c,0x0c,0x0c,0x07,0x03,0x00,0x08,0x08,0x08,0x08,0x03,0x00,0x00,0x00,
0x00,0x0c,0x0c,0x0c,0x08,0x00,0x00,0x01,0x00,0x0c,0x0c,0x0c,0x08,0x00,0x00,0x0d,
0x00,0x0c,0x0c,0x0c,0x08,0x04,0x06,0x07,0x00,0x0c,0x0c,0x0c,0x08,0x0c,0x0c,0x0c,
0x0c,0x0c,0x01,0x00,0x00,0x07,0x0c,0x0c,0x0c,0x0c,0x01,0x00,0x08,0x0c,0x0c,0x0f,
0x0c,0x0c,0x0b,0x00,0x08,0x0c,0x0c,0x07,0x0c,0x0f,0x04,0x00,0x04,0x0c,0x0c,0x0c,
0x0c,0x0c,0x0c,0x0c,0x0c,0x0c,0x00,0x00,0x03,0x04,0x09,0x0c,0x0c,0x0c,0x00,0x08,
0x04,0x00,0x0b,0x0c,0x0c,0x0c,0x00,0x08,0x0c,0x0c,0x07,0x0c,0x0c,0x0c,0x00,0x04,
0x07,0x0c,0x0c,0x0c,0x0c,0x0c,0x0c,0x0c,0x0c,0x0c,0x0f,0x03,0x04,0x09,0x0c,0x0c,
0x0c,0x0c,0x07,0x04,0x00,0x0b,0x0c,0x0c,0x0c,0x0c,0x0c,0x0c,0x0c,0x07,0x0c,0x0c,
0x0c,0x00,0x00,0x07,0x0c,0x0c,0x0c,0x0c,0x0c,0x00,0x08,0x0c,0x0c,0x0f,0x03,0x04,
0x0c,0x00,0x08,0x0c,0x0c,0x07,0x04,0x00,0x0c,0x00,0x04,0x0c,0x0c,0x0c,0x0c,0x0c,
0x0c,0x0c,0x0c,0x0c,0x00,0x00,0x00,0x00,0x09,0x0c,0x0c,0x0c,0x00,0x00,0x00,0x00,
0x0b,0x0c,0x0c,0x0c,0x00,0x00,0x00,0x00,0x07,0x0c,0x0c,0x0c,0x00,0x00,0x00,0x00,
0x00,0x00,0x00,0x0b,0x0e,0x0c,0x0c,0x0c,0x00,0x00,0x00,0x00,0x00,0x00,0x00,0x00,
0x00,0x00,0x00,0x06,0x01,0x01,0x06,0x00,0x00,0x00,0x04,0x0f,0x0c,0x0c,0x0f,0x01,
0x0c,0x05,0x0b,0x0c,0x0c,0x0c,0x0c,0x0c,0x00,0x00,0x00,0x00,0x00,0x00,0x00,0x00,
0x00,0x00,0x00,0x00,0x01,0x01,0x01,0x06,0x05,0x07,0x06,0x00,0x0c,0x0c,0x0c,0x08,
0x0c,0x0c,0x0c,0x0c,0x08,0x00,0x0c,0x0c,0x00,0x00,0x00,0x00,0x00,0x00,0x00,0x00,
0x00,0x00,0x00,0x00,0x00,0x00,0x00,0x00,0x00,0x00,0x00,0x00,0x00,0x00,0x00,0x00,
0x0c,0x08,0x00,0x00,0x0c,0x0c,0x0c,0x00,0x00,0x00,0x00,0x00,0x00,0x00,0x00,0x00,
0x00,0x00,0x0b,0x02,0x0b,0x00,0x00,0x00,0x00,0x03,0x07,0x08,0x07,0x06,0x00,0x00,
0x0c,0x0c,0x0c,0x08,0x00,0x00,0x0c,0x0c,0x00,0x00,0x00,0x00,0x00,0x00,0x00,0x00,
0x00,0x01,0x01,0x01,0x01,0x01,0x01,0x01,0x00,0x0c,0x0c,0x0c,0x0c,0x0c,0x0c,0x0c,
0x0c,0x00,0x00,0x02,0x0c,0x0c,0x01,0x00,0x00,0x00,0x00,0x00,0x00,0x00,0x00,0x00,
0x01,0x01,0x01,0x06,0x00,0x00,0x00,0x06,0x0c,0x0c,0x0c,0x08,0x00,0x00,0x0a,0x0c,
0x00,0x00,0x00,0x0c,0x0c,0x0c,0x0c,0x0c,0x00,0x00,0x00,0x00,0x00,0x00,0x00,0x00,
0x09,0x01,0x01,0x01,0x0a,0x04,0x00,0x00,0x0c,0x0c,0x0c,0x0c,0x0c,0x0e,0x04,0x00,
0x0c,0x0c,0x0c,0x0f,0x0d,0x08,0x00,0x00,0x00,0x00,0x00,0x00,0x00,0x00,0x00,0x00,
0x00,0x00,0x00,0x03,0x03,0x00,0x00,0x00,0x00,0x00,0x00,0x02,0x0c,0x05,0x04,0x00,
0x00,0x00,0x02,0x0c,0x0c,0x0c,0x0c,0x0c,0x00,0x00,0x00,0x00,0x00,0x00,0x00,0x00,
0x00,0x00,0x00,0x00,0x00,0x00,0x00,0x00,0x00,0x00,0x00,0x00,0x00,0x00,0x00,0x09,
0x0c,0x0c,0x0c,0x01,0x00,0x00,0x00,0x00,0x00,0x00,0x00,0x00,0x00,0x00,0x00,0x00,
0x04,0x0b,0x00,0x00,0x00,0x00,0x00,0x00,0x0f,0x0c,0x04,0x00,0x00,0x00,0x00,0x00,
0x00,0x00,0x00,0x00,0x0b,0x09,0x04,0x00,0x00,0x00,0x00,0x00,0x00,0x00,0x00,0x00,
0x00,0x00,0x08,0x0a,0x00,0x00,0x00,0x00,0x04,0x05,0x0c,0x0c,0x02,0x03,0x00,0x00,
0x00,0x03,0x02,0x0c,0x0c,0x0c,0x0c,0x0f,0x00,0x00,0x00,0x00,0x00,0x00,0x00,0x00,
0x00,0x00,0x00,0x00,0x08,0x01,0x01,0x01,0x00,0x00,0x04,0x0e,0x0c,0x0c,0x0c,0x0c,
0x01,0x00,0x00,0x00,0x00,0x00,0x00,0x00,0x00,0x00,0x00,0x00,0x00,0x00,0x00,0x00,
0x01,0x01,0x01,0x03,0x00,0x00,0x00,0x06,0x0c,0x0c,0x0c,0x0c,0x01,0x00,0x00,0x01,
0x00,0x00,0x04,0x0a,0x0a,0x00,0x08,0x0c,0x00,0x00,0x00,0x00,0x00,0x00,0x00,0x00,
0x08,0x00,0x00,0x00,0x00,0x00,0x00,0x00,0x0c,0x0d,0x06,0x00,0x00,0x00,0x0b,0x07,
0x0c,0x01,0x00,0x03,0x07,0x0c,0x0c,0x07,0x00,0x00,0x00,0x00,0x00,0x00,0x00,0x00,
0x0a,0x00,0x00,0x00,0x00,0x06,0x09,0x00,0x0c,0x08,0x00,0x04,0x01,0x0c,0x0c,0x07,
0x03,0x0c,0x0c,0x0c,0x00,0x0c,0x0c,0x0c,0x00,0x00,0x00,0x00,0x00,0x00,0x00,0x00,
0x00,0x00,0x00,0x06,0x01,0x01,0x01,0x00,0x08,0x00,0x00,0x08,0x0c,0x0c,0x0c,0x00,
0x08,0x00,0x03,0x07,0x0c,0x0c,0x07,0x03,0x00,0x00,0x00,0x00,0x00,0x00,0x00,0x00,
0x00,0x00,0x00,0x00,0x0b,0x01,0x04,0x00,0x00,0x00,0x00,0x0a,0x0f,0x0c,0x0f,0x0e,
0x0c,0x0c,0x0c,0x00,0x03,0x07,0x0c,0x0c,0x00,0x00,0x00,0x00,0x00,0x00,0x00,0x00,
0x06,0x04,0x00,0x00,0x04,0x01,0x01,0x06,0x0c,0x0e,0x00,0x04,0x0e,0x0c,0x0c,0x0f,
0x07,0x03,0x0c,0x0c,0x0c,0x00,0x00,0x01,0x00,0x00,0x00,0x00,0x00,0x00,0x00,0x00,
0x00,0x00,0x04,0x00,0x00,0x00,0x00,0x00,0x01,0x01,0x0f,0x08,0x00,0x00,0x00,0x00,
0x0f,0x0c,0x0c,0x0c,0x0c,0x0c,0x0e,0x08,0x00,0x00,0x00,0x00,0x00,0x00,0x00,0x00,
0x06,0x08,0x00,0x00,0x00,0x00,0x00,0x00,0x01,0x0c,0x02,0x06,0x00,0x00,0x00,0x00,
0x00,0x00,0x00,0x0a,0x0e,0x0c,0x0c,0x0c,0x00,0x00,0x00,0x00,0x00,0x00,0x00,0x00,
0x00,0x00,0x00,0x00,0x00,0x00,0x0a,0x00,0x00,0x00,0x00,0x00,0x08,0x07,0x0c,0x08,
0x0c,0x0c,0x07,0x09,0x00,0x00,0x0c,0x0c,0x00,0x00,0x00,0x00,0x00,0x00,0x00,0x00,
0x00,0x00,0x00,0x00,0x00,0x00,0x00,0x06,0x00,0x00,0x00,0x00,0x00,0x00,0x01,0x0c,
0x0c,0x00,0x00,0x09,0x0c,0x0c,0x0c,0x03,0x00,0x00,0x00,0x00,0x00,0x00,0x00,0x00,
0x09,0x00,0x00,0x00,0x00,0x00,0x00,0x00,0x0c,0x07,0x0b,0x00,0x00,0x00,0x00,0x01,
0x00,0x00,0x03,0x0d,0x0c,0x0c,0x0c,0x0c,0x00,0x00,0x00,0x00,0x00,0x00,0x00,0x00,
0x0b,0x01,0x01,0x0a,0x00,0x01,0x01,0x01,0x0c,0x0c,0x0c,0x0c,0x05,0x0c,0x0c,0x0c,
0x0f,0x05,0x04,0x00,0x0c,0x0c,0x0c,0x02,0x00,0x00,0x00,0x00,0x00,0x00,0x00,0x00,
0x00,0x00,0x00,0x00,0x00,0x08,0x01,0x01,0x00,0x00,0x00,0x00,0x00,0x01,0x0c,0x0c,
0x00,0x00,0x00,0x00,0x00,0x00,0x00,0x00,0x00,0x00,0x00,0x00,0x00,0x00,0x00,0x00,
0x08,0x00,0x00,0x00,0x00,0x00,0x00,0x00,0x01,0x00,0x00,0x00,0x00,0x00,0x04,0x0e,
0x00,0x0c,0x0c,0x0c,0x08,0x0c,0x0c,0x0c,0x00,0x00,0x00,0x00,0x00,0x00,0x00,0x00,
0x03,0x01,0x01,0x01,0x01,0x01,0x01,0x03,0x0c,0x0c,0x0c,0x0c,0x0c,0x0c,0x0c,0x0c,
0x07,0x03,0x00,0x00,0x00,0x0a,0x0f,0x0c,0x00,0x00,0x00,0x00,0x00,0x00,0x00,0x00,
0x00,0x04,0x01,0x00,0x00,0x01,0x01,0x01,0x0d,0x0e,0x02,0x00,0x00,0x07,0x0c,0x0c,
0x0c,0x0f,0x0a,0x0c,0x0c,0x0c,0x00,0x00,0x00,0x00,0x00,0x00,0x00,0x00,0x00,0x00,
0x06,0x00,0x00,0x08,0x01,0x01,0x0a,0x00,0x0b,0x00,0x00,0x05,0x0c,0x0c,0x01,0x00,
0x0a,0x0f,0x0c,0x0c,0x0f,0x0a,0x0c,0x0c,0x00,0x00,0x00,0x00,0x00,0x00,0x00,0x00,
0x06,0x01,0x01,0x04,0x00,0x00,0x00,0x00,0x00,0x07,0x0c,0x01,0x00,0x00,0x00,0x00,
0x0c,0x00,0x00,0x0a,0x0f,0x0c,0x0c,0x0f,0x00,0x00,0x00,0x00,0x00,0x00,0x00,0x00,
0x00,0x00,0x00,0x00,0x00,0x00,0x00,0x00,0x00,0x00,0x00,0x00,0x00,0x00,0x00,0x00,
0x0a,0x0c,0x0c,0x0c,0x00,0x00,0x00,0x00,0x00,0x00,0x00,0x00,0x00,0x00,0x00,0x00,
0x00,0x00,0x00,0x00,0x0b,0x01,0x0a,0x00,0x00,0x00,0x00,0x04,0x0f,0x0c,0x0a,0x00,
0x00,0x00,0x06,0x05,0x09,0x08,0x02,0x0c,0x00,0x00,0x00,0x00,0x00,0x00,0x00,0x03,
0x00,0x00,0x00,0x03,0x01,0x01,0x01,0x01,0x00,0x00,0x0a,0x0c,0x0c,0x0c,0x0c,0x0c,
0x0c,0x0e,0x00,0x00,0x0c,0x0c,0x0c,0x08,0x08,0x00,0x00,0x00,0x0c,0x0c,0x0c,0x08,
0x01,0x06,0x00,0x00,0x0c,0x0c,0x0c,0x08,0x0c,0x0c,0x0b,0x00,0x0c,0x0c,0x0c,0x01,
0x00,0x00,0x00,0x00,0x00,0x00,0x00,0x00,0x00,0x00,0x00,0x00,0x00,0x00,0x00,0x00,
0x08,0x01,0x01,0x0a,0x00,0x00,0x00,0x00,0x0c,0x0c,0x0c,0x0c,0x01,0x00,0x00,0x0a,
0x00,0x03,0x07,0x08,0x07,0x03,0x00,0x00,0x00,0x00,0x01,0x02,0x01,0x00,0x00,0x00,
0x03,0x01,0x01,0x01,0x01,0x01,0x06,0x00,0x0c,0x0c,0x0c,0x0c,0x0c,0x0c,0x0c,0x0b,
0x00,0x0c,0x0c,0x0c,0x0c,0x0c,0x0c,0x0c,0x00,0x01,0x01,0x01,0x01,0x01,0x01,0x02,
0x00,0x00,0x00,0x00,0x00,0x00,0x00,0x07,0x00,0x00,0x00,0x00,0x00,0x00,0x0b,0x0c,
0x0c,0x0c,0x0c,0x08,0x00,0x06,0x0c,0x0c,0x0c,0x0c,0x0c,0x03,0x00,0x08,0x0c,0x0c,
0x0c,0x0c,0x0e,0x00,0x00,0x01,0x0c,0x0c,0x0c,0x0c,0x0a,0x00,0x00,0x01,0x0c,0x0c,
0x0c,0x07,0x0e,0x0c,0x0c,0x0c,0x09,0x00,0x07,0x00,0x00,0x01,0x0c,0x0c,0x05,0x00,
0x02,0x00,0x00,0x00,0x00,0x00,0x00,0x00,0x02,0x00,0x00,0x00,0x00,0x00,0x00,0x00,
0x00,0x00,0x00,0x05,0x07,0x0c,0x0f,0x08,0x00,0x00,0x00,0x00,0x00,0x03,0x01,0x04,
0x00,0x00,0x03,0x01,0x01,0x01,0x01,0x0b,0x00,0x01,0x0c,0x0c,0x0c,0x0c,0x0c,0x0c,
0x00,0x00,0x00,0x00,0x00,0x00,0x0e,0x0c,0x00,0x00,0x00,0x00,0x00,0x00,0x09,0x0b,
0x00,0x00,0x00,0x00,0x00,0x03,0x01,0x01,0x0e,0x04,0x00,0x00,0x01,0x0c,0x0c,0x0c,
0x0c,0x0d,0x03,0x00,0x00,0x00,0x00,0x00,0x00,0x00,0x00,0x00,0x00,0x00,0x00,0x00,
0x01,0x01,0x0b,0x00,0x00,0x00,0x00,0x00,0x0c,0x0c,0x0c,0x0e,0x04,0x00,0x00,0x01,
0x07,0x07,0x01,0x0a,0x0e,0x0c,0x08,0x00,0x03,0x00,0x00,0x00,0x00,0x03,0x00,0x00,
0x03,0x01,0x01,0x01,0x01,0x0b,0x00,0x00,0x0c,0x0c,0x0c,0x0c,0x0c,0x0c,0x0e,0x04,
0x00,0x00,0x02,0x0c,0x0c,0x0c,0x0c,0x0c,0x00,0x03,0x0c,0x0c,0x0c,0x0c,0x05,0x01,
0x00,0x08,0x0c,0x0c,0x0c,0x01,0x00,0x00,0x00,0x0a,0x0c,0x0c,0x0c,0x0b,0x00,0x00,
0x0c,0x0c,0x0c,0x0c,0x0c,0x06,0x00,0x01,0x01,0x0f,0x0c,0x0c,0x0c,0x0a,0x00,0x00,
0x00,0x0b,0x0c,0x0c,0x0c,0x01,0x00,0x06,0x00,0x04,0x08,0x08,0x08,0x06,0x00,0x08,
0x07,0x0c,0x0c,0x0b,0x00,0x0d,0x0c,0x0c,0x00,0x03,0x09,0x03,0x00,0x0a,0x0a,0x04,
0x01,0x01,0x01,0x00,0x00,0x06,0x01,0x01,0x0c,0x0c,0x0c,0x00,0x00,0x08,0x0c,0x0c,
0x0d,0x08,0x00,0x02,0x0f,0x05,0x0a,0x02,0x00,0x00,0x00,0x06,0x04,0x00,0x00,0x00,
0x01,0x00,0x00,0x00,0x06,0x01,0x01,0x01,0x0c,0x00,0x00,0x00,0x08,0x0c,0x0c,0x0c,
0x0c,0x0a,0x00,0x08,0x0c,0x0c,0x0c,0x00,0x06,0x06,0x00,0x00,0x00,0x00,0x00,0x00,
0x00,0x00,0x00,0x06,0x01,0x01,0x01,0x00,0x00,0x00,0x00,0x08,0x0c,0x0c,0x0c,0x00,
0x00,0x00,0x03,0x01,0x07,0x0c,0x0c,0x0c,0x00,0x00,0x03,0x07,0x05,0x01,0x0c,0x0c,
0x00,0x00,0x03,0x01,0x01,0x0b,0x02,0x0c,0x00,0x01,0x0c,0x0c,0x0c,0x0c,0x0f,0x0c,
0x01,0x04,0x00,0x04,0x01,0x01,0x06,0x02,0x02,0x00,0x00,0x00,0x00,0x00,0x00,0x00,
0x0c,0x08,0x00,0x01,0x01,0x01,0x06,0x08,0x0c,0x05,0x00,0x0c,0x0c,0x0c,0x01,0x0c,
0x0c,0x0c,0x0e,0x04,0x00,0x00,0x00,0x00,0x03,0x08,0x00,0x00,0x00,0x00,0x00,0x00,
0x01,0x01,0x0a,0x00,0x00,0x00,0x00,0x03,0x0c,0x0c,0x0c,0x01,0x00,0x00,0x01,0x0c,
0x01,0x07,0x0c,0x0c,0x0b,0x00,0x00,0x00,0x00,0x00,0x06,0x09,0x03,0x00,0x00,0x00,
0x01,0x01,0x01,0x01,0x09,0x06,0x00,0x00,0x0c,0x0c,0x0c,0x0c,0x0c,0x0c,0x0b,0x00,
0x00,0x00,0x00,0x0d,0x0c,0x0c,0x02,0x08,0x00,0x00,0x00,0x0a,0x0a,0x04,0x00,0x00,
0x00,0x00,0x03,0x01,0x01,0x01,0x01,0x09,0x00,0x01,0x0c,0x0c,0x0c,0x0c,0x0c,0x0c,
0x00,0x00,0x00,0x00,0x00,0x02,0x0f,0x05,0x00,0x00,0x00,0x00,0x00,0x06,0x04,0x00,
0x06,0x00,0x00,0x00,0x00,0x03,0x01,0x01,0x0c,0x0b,0x00,0x00,0x01,0x0c,0x0c,0x0c,
0x0a,0x02,0x0c,0x09,0x00,0x00,0x06,0x0c,0x00,0x00,0x06,0x04,0x00,0x00,0x08,0x0c,
0x01,0x01,0x09,0x06,0x00,0x00,0x08,0x0c,0x0c,0x0c,0x0c,0x0c,0x0b,0x00,0x08,0x0c,
0x0c,0x0c,0x07,0x02,0x0c,0x0c,0x0c,0x0c,0x0c,0x07,0x00,0x00,0x0b,0x0c,0x0c,0x0c,
0x0c,0x02,0x00,0x00,0x00,0x0c,0x0c,0x0c,0x0c,0x02,0x00,0x00,0x00,0x0c,0x0c,0x0c,
0x00,0x00,0x00,0x00,0x00,0x01,0x0c,0x0c,0x00,0x00,0x00,0x00,0x00,0x0a,0x02,0x02,
0x00,0x00,0x00,0x00,0x00,0x00,0x00,0x00,0x00,0x00,0x00,0x00,0x00,0x0a,0x02,0x02,
0x01,0x00,0x00,0x00,0x00,0x00,0x02,0x0c,0x0a,0x00,0x00,0x00,0x00,0x06,0x0c,0x0c,
0x00,0x00,0x00,0x00,0x00,0x08,0x0c,0x0c,0x0a,0x00,0x00,0x00,0x00,0x09,0x0c,0x0c,
0x0c,0x0c,0x0c,0x0c,0x0c,0x0c,0x0c,0x0c,0x0c,0x0c,0x05,0x01,0x01,0x02,0x0c,0x0c,
0x0c,0x01,0x00,0x00,0x00,0x0a,0x0c,0x0c,0x0c,0x08,0x00,0x00,0x05,0x0c,0x0c,0x0c,
0x0c,0x0c,0x0d,0x00,0x00,0x01,0x0c,0x0c,0x0c,0x0f,0x00,0x00,0x00,0x08,0x0c,0x0c,
0x0c,0x0c,0x00,0x00,0x00,0x00,0x0f,0x0c,0x0c,0x0c,0x04,0x00,0x00,0x00,0x05,0x0c,
0x01,0x00,0x00,0x0e,0x0c,0x0c,0x08,0x00,0x0e,0x00,0x00,0x0c,0x0c,0x0c,0x00,0x00,
0x0c,0x04,0x08,0x0c,0x0c,0x0e,0x00,0x00,0x0c,0x0b,0x09,0x0c,0x0c,0x01,0x00,0x00,
0x00,0x0a,0x0c,0x0f,0x04,0x00,0x00,0x00,0x00,0x00,0x07,0x0c,0x01,0x00,0x00,0x00,
0x00,0x00,0x0a,0x0c,0x0c,0x06,0x00,0x00,0x00,0x00,0x00,0x07,0x0c,0x05,0x00,0x00,
0x00,0x00,0x00,0x00,0x00,0x00,0x00,0x00,0x00,0x00,0x00,0x00,0x00,0x00,0x00,0x00,
0x00,0x00,0x00,0x00,0x00,0x00,0x00,0x00,0x00,0x00,0x00,0x00,0x00,0x00,0x00,0x00,
0x00,0x00,0x00,0x01,0x0c,0x07,0x00,0x00,0x00,0x00,0x04,0x0f,0x0c,0x0a,0x00,0x00,
0x00,0x00,0x01,0x0c,0x07,0x00,0x00,0x00,0x00,0x06,0x0c,0x0c,0x0a,0x00,0x00,0x00,
0x00,0x00,0x02,0x0c,0x0c,0x0d,0x08,0x0d,0x00,0x00,0x08,0x08,0x08,0x04,0x00,0x08,
0x00,0x00,0x06,0x05,0x02,0x02,0x0d,0x09,0x00,0x00,0x07,0x0c,0x0c,0x0c,0x0c,0x0c,
0x0c,0x0c,0x0e,0x00,0x0c,0x0c,0x0c,0x0c,0x0c,0x0c,0x0c,0x00,0x0c,0x0c,0x0c,0x09,
0x0c,0x0c,0x0c,0x00,0x0c,0x0c,0x0c,0x08,0x0c,0x0c,0x0c,0x00,0x0c,0x0c,0x0c,0x08,
0x0e,0x0f,0x0c,0x0c,0x0c,0x00,0x00,0x02,0x00,0x06,0x0c,0x0c,0x0c,0x00,0x00,0x08,
0x00,0x00,0x0c,0x0c,0x0c,0x00,0x00,0x06,0x00,0x00,0x0c,0x0c,0x0c,0x00,0x00,0x07,
0x0c,0x0c,0x0d,0x08,0x0d,0x0c,0x0c,0x0e,0x08,0x08,0x04,0x00,0x08,0x0c,0x0c,0x0c,
0x05,0x02,0x02,0x0d,0x09,0x0c,0x0c,0x0c,0x0c,0x0c,0x0c,0x0c,0x0c,0x0c,0x0c,0x0c,
0x00,0x00,0x00,0x00,0x00,0x00,0x02,0x0c,0x00,0x00,0x00,0x00,0x00,0x03,0x0c,0x0c,
0x00,0x00,0x00,0x00,0x00,0x05,0x0c,0x0c,0x00,0x00,0x00,0x00,0x04,0x0c,0x0c,0x0c,
0x0c,0x0f,0x00,0x00,0x00,0x09,0x0c,0x0c,0x0c,0x01,0x00,0x00,0x00,0x08,0x0c,0x0c,
0x0c,0x06,0x00,0x00,0x00,0x00,0x0f,0x0c,0x05,0x00,0x00,0x00,0x00,0x00,0x03,0x02,
0x02,0x00,0x00,0x0a,0x02,0x02,0x01,0x00,0x0f,0x0b,0x08,0x0e,0x0c,0x0c,0x01,0x00,
0x0c,0x0c,0x0c,0x0c,0x0c,0x0c,0x0a,0x00,0x0c,0x0c,0x0c,0x0c,0x0f,0x01,0x00,0x00,
0x06,0x0c,0x0c,0x0c,0x0d,0x05,0x0f,0x0c,0x0b,0x0c,0x0c,0x02,0x00,0x00,0x0a,0x0c,
0x01,0x0c,0x0c,0x0c,0x0c,0x0c,0x0c,0x0c,0x01,0x0c,0x0c,0x0f,0x02,0x02,0x02,0x02,
0x0c,0x09,0x00,0x06,0x0c,0x0c,0x0c,0x0d,0x0c,0x0d,0x00,0x0b,0x0c,0x0c,0x02,0x00,
0x0c,0x02,0x00,0x01,0x0c,0x0c,0x0c,0x0c,0x02,0x01,0x00,0x01,0x0c,0x0c,0x0f,0x02,
0x05,0x0f,0x0c,0x0c,0x09,0x00,0x06,0x0c,0x00,0x0a,0x0c,0x0c,0x0d,0x00,0x0b,0x0c,
0x0c,0x0c,0x0c,0x0c,0x02,0x00,0x01,0x0c,0x02,0x02,0x02,0x02,0x01,0x00,0x01,0x0c,
0x0c,0x0c,0x0d,0x05,0x0f,0x0c,0x0c,0x09,0x0c,0x02,0x00,0x00,0x0a,0x0c,0x0c,0x0d,
0x0c,0x0c,0x0c,0x0c,0x0c,0x0c,0x0c,0x02,0x0c,0x0f,0x02,0x02,0x02,0x02,0x02,0x01,
0x00,0x01,0x0c,0x0c,0x0c,0x08,0x00,0x00,0x00,0x01,0x0c,0x0c,0x0c,0x08,0x00,0x00,
0x00,0x01,0x0c,0x0c,0x0c,0x08,0x00,0x00,0x00,0x08,0x0c,0x0c,0x0c,0x09,0x00,0x00,
0x00,0x00,0x00,0x00,0x00,0x00,0x00,0x08,0x00,0x00,0x00,0x00,0x00,0x00,0x00,0x08,
0x00,0x00,0x00,0x00,0x00,0x00,0x00,0x08,0x00,0x08,0x0c,0x0c,0x0c,0x01,0x00,0x08,
0x0c,0x0c,0x0c,0x00,0x00,0x08,0x0c,0x0c,0x0c,0x0c,0x0c,0x00,0x00,0x08,0x0c,0x0c,
0x0c,0x0c,0x0c,0x00,0x00,0x08,0x0c,0x0c,0x0c,0x0c,0x0c,0x00,0x00,0x08,0x0c,0x0c,
0x0c,0x00,0x00,0x00,0x08,0x0c,0x0c,0x0c,0x0c,0x00,0x00,0x00,0x08,0x0c,0x0c,0x0c,
0x0c,0x00,0x00,0x00,0x08,0x0c,0x0c,0x0c,0x0c,0x00,0x00,0x00,0x08,0x0c,0x0c,0x0c,
0x00,0x00,0x00,0x08,0x0c,0x0c,0x0c,0x00,0x00,0x00,0x00,0x08,0x0c,0x0c,0x0c,0x00,
0x00,0x00,0x00,0x08,0x0c,0x0c,0x0c,0x00,0x00,0x00,0x00,0x08,0x0c,0x0c,0x0c,0x00,
0x04,0x0c,0x0c,0x0c,0x0f,0x02,0x0c,0x0c,0x08,0x0c,0x0c,0x07,0x00,0x00,0x08,0x0c,
0x0a,0x0c,0x0c,0x02,0x00,0x00,0x00,0x0c,0x01,0x0c,0x0c,0x02,0x00,0x00,0x00,0x0c,
0x0c,0x0e,0x00,0x0c,0x0c,0x0c,0x0c,0x0e,0x0c,0x0c,0x00,0x0c,0x0c,0x0c,0x09,0x00,
0x0c,0x0c,0x00,0x0c,0x0c,0x0c,0x08,0x00,0x0c,0x0c,0x00,0x0c,0x0c,0x0c,0x08,0x00,
0x0f,0x0c,0x0c,0x0c,0x00,0x06,0x0c,0x0c,0x06,0x0c,0x0c,0x0c,0x00,0x08,0x0c,0x0c,
0x00,0x0c,0x0c,0x0c,0x00,0x0a,0x0c,0x0c,0x00,0x0c,0x0c,0x0c,0x00,0x01,0x0c,0x0c,
0x0c,0x0f,0x02,0x0c,0x0c,0x0c,0x0e,0x00,0x07,0x00,0x00,0x08,0x0c,0x0c,0x0c,0x00,
0x02,0x00,0x00,0x00,0x0c,0x0c,0x0c,0x00,0x02,0x00,0x00,0x00,0x0c,0x0c,0x0c,0x00,
0x06,0x0c,0x0c,0x0c,0x0f,0x02,0x0c,0x0c,0x08,0x0c,0x0c,0x07,0x00,0x00,0x08,0x0c,
0x0a,0x0c,0x0c,0x02,0x00,0x00,0x00,0x0c,0x01,0x0c,0x0c,0x02,0x00,0x00,0x00,0x0c,
0x0c,0x0e,0x00,0x06,0x0c,0x0c,0x0c,0x0f,0x0c,0x0c,0x00,0x08,0x0c,0x0c,0x07,0x00,
0x0c,0x0c,0x00,0x0a,0x0c,0x0c,0x02,0x00,0x0c,0x0c,0x00,0x01,0x0c,0x0c,0x02,0x00,
0x02,0x0c,0x0c,0x0c,0x0e,0x00,0x08,0x0c,0x00,0x08,0x0c,0x0c,0x0c,0x00,0x08,0x0c,
0x00,0x00,0x0c,0x0c,0x0c,0x00,0x00,0x07,0x00,0x00,0x0c,0x0c,0x0c,0x00,0x00,0x03,
0x0c,0x0e,0x00,0x00,0x06,0x0c,0x0c,0x0c,0x0c,0x0c,0x01,0x01,0x0d,0x0c,0x0c,0x0c,
0x0c,0x0c,0x0c,0x0c,0x07,0x0c,0x0c,0x0c,0x0d,0x0c,0x0c,0x0e,0x03,0x0c,0x0c,0x0c,
0x00,0x00,0x00,0x00,0x04,0x0e,0x0c,0x0c,0x00,0x00,0x04,0x01,0x0f,0x0c,0x0c,0x0c,
0x00,0x00,0x02,0x0c,0x0c,0x0c,0x0f,0x0a,0x00,0x04,0x0c,0x0c,0x0c,0x01,0x04,0x00,
0x01,0x00,0x00,0x00,0x00,0x01,0x0c,0x0c,0x08,0x00,0x00,0x00,0x00,0x01,0x0c,0x0c,
0x00,0x00,0x00,0x00,0x00,0x01,0x0c,0x0c,0x00,0x00,0x00,0x00,0x00,0x01,0x0c,0x0c,
0x0c,0x08,0x04,0x0d,0x0c,0x0f,0x02,0x0c,0x0c,0x0b,0x0e,0x0c,0x0f,0x03,0x01,0x0c,
0x0c,0x0f,0x0c,0x0e,0x04,0x00,0x01,0x0c,0x0c,0x0c,0x0d,0x04,0x00,0x00,0x01,0x0c,
0x0c,0x0c,0x08,0x00,0x00,0x00,0x0a,0x0c,0x0c,0x0c,0x08,0x00,0x00,0x00,0x04,0x0c,
0x0c,0x0c,0x00,0x00,0x00,0x00,0x00,0x02,0x0c,0x0c,0x00,0x00,0x00,0x00,0x00,0x09,
0x0c,0x01,0x05,0x0c,0x0c,0x0b,0x00,0x00,0x0c,0x0e,0x0e,0x0c,0x0c,0x06,0x00,0x00,
0x0c,0x0c,0x0c,0x0c,0x07,0x00,0x00,0x00,0x0c,0x0c,0x0c,0x0c,0x05,0x00,0x00,0x00,
0x00,0x00,0x00,0x0a,0x0c,0x0c,0x06,0x00,0x00,0x00,0x00,0x00,0x07,0x0c,0x05,0x00,
0x00,0x00,0x00,0x00,0x0a,0x0c,0x0c,0x06,0x00,0x00,0x00,0x00,0x00,0x07,0x0c,0x05,
0x00,0x00,0x00,0x00,0x00,0x00,0x00,0x00,0x00,0x00,0x00,0x00,0x00,0x00,0x00,0x00,
0x00,0x00,0x00,0x00,0x00,0x00,0x00,0x00,0x00,0x00,0x00,0x00,0x00,0x00,0x00,0x06,
0x00,0x05,0x0c,0x07,0x00,0x00,0x00,0x00,0x06,0x0c,0x0c,0x0a,0x00,0x00,0x00,0x00,
0x05,0x0c,0x07,0x00,0x00,0x00,0x00,0x00,0x0c,0x0c,0x0a,0x00,0x00,0x00,0x00,0x00,
0x00,0x08,0x0c,0x0c,0x0f,0x03,0x04,0x09,0x00,0x08,0x0c,0x0c,0x07,0x04,0x00,0x0b,
0x00,0x04,0x0c,0x0c,0x0c,0x0c,0x0c,0x07,0x00,0x00,0x0a,0x0f,0x0c,0x0c,0x0f,0x0a,
0x0c,0x0c,0x0c,0x00,0x0c,0x0c,0x0c,0x08,0x0c,0x0c,0x0c,0x00,0x0c,0x0c,0x0c,0x08,
0x0c,0x0c,0x0c,0x00,0x0c,0x0c,0x0c,0x08,0x0c,0x0c,0x0c,0x00,0x0c,0x0c,0x0c,0x08,
0x00,0x00,0x0c,0x0c,0x0c,0x00,0x08,0x0c,0x00,0x00,0x0c,0x0c,0x0c,0x00,0x08,0x0c,
0x00,0x00,0x0c,0x0c,0x0c,0x00,0x04,0x0c,0x00,0x00,0x0c,0x0c,0x0c,0x00,0x00,0x0a,
0x0c,0x0f,0x03,0x04,0x09,0x0c,0x0c,0x0c,0x0c,0x07,0x04,0x00,0x0b,0x0c,0x0c,0x0c,
0x0c,0x0c,0x0c,0x0c,0x07,0x0c,0x0c,0x0c,0x0f,0x0c,0x0c,0x0f,0x0a,0x0c,0x0c,0x0c,
0x00,0x00,0x00,0x00,0x01,0x0c,0x0c,0x0c,0x00,0x00,0x00,0x00,0x0f,0x0c,0x0c,0x0e,
0x00,0x00,0x00,0x0a,0x0c,0x0c,0x0c,0x0a,0x00,0x00,0x00,0x0e,0x0c,0x0c,0x0f,0x00,
0x08,0x00,0x00,0x00,0x00,0x00,0x00,0x00,0x00,0x00,0x00,0x00,0x00,0x00,0x00,0x00,
0x00,0x00,0x00,0x00,0x00,0x00,0x00,0x00,0x00,0x00,0x00,0x00,0x00,0x00,0x00,0x00,
0x00,0x00,0x04,0x00,0x00,0x00,0x00,0x00,0x00,0x09,0x0f,0x03,0x00,0x00,0x00,0x00,
0x0a,0x0f,0x05,0x03,0x00,0x00,0x00,0x00,0x00,0x00,0x00,0x00,0x00,0x00,0x00,0x00,
0x09,0x0c,0x0c,0x02,0x00,0x00,0x04,0x08,0x08,0x0c,0x0c,0x07,0x06,0x00,0x01,0x0c,
0x00,0x07,0x0c,0x0c,0x0c,0x0c,0x0c,0x0c,0x00,0x03,0x0d,0x0c,0x0c,0x0c,0x0c,0x0f,
0x08,0x03,0x00,0x09,0x0c,0x0c,0x02,0x00,0x0c,0x02,0x00,0x08,0x0c,0x0c,0x07,0x06,
0x0c,0x09,0x00,0x00,0x07,0x0c,0x0c,0x0c,0x01,0x00,0x00,0x00,0x03,0x0d,0x0c,0x0c,
0x00,0x04,0x08,0x08,0x03,0x00,0x09,0x0c,0x00,0x01,0x0c,0x0c,0x02,0x00,0x08,0x0c,
0x0c,0x0c,0x0c,0x0c,0x09,0x00,0x00,0x07,0x0c,0x0c,0x0f,0x01,0x00,0x00,0x00,0x03,
0x0c,0x02,0x00,0x00,0x04,0x08,0x08,0x03,0x0c,0x07,0x06,0x00,0x01,0x0c,0x0c,0x02,
0x0c,0x0c,0x0c,0x0c,0x0c,0x0c,0x0c,0x09,0x0d,0x0c,0x0c,0x0c,0x0c,0x0f,0x01,0x00,
0x00,0x08,0x0c,0x0c,0x0c,0x0e,0x06,0x00,0x00,0x04,0x0c,0x0c,0x0c,0x0c,0x0c,0x0c,
0x00,0x00,0x01,0x0c,0x0c,0x0c,0x0c,0x0c,0x00,0x00,0x00,0x0a,0x0e,0x0c,0x0c,0x0c,
0x00,0x01,0x0c,0x0c,0x0c,0x01,0x00,0x08,0x0c,0x0c,0x0c,0x0c,0x0c,0x0b,0x00,0x08,
0x0c,0x0c,0x0c,0x0c,0x0e,0x00,0x00,0x08,0x0c,0x0c,0x0f,0x05,0x04,0x00,0x00,0x08,
0x0c,0x0c,0x0c,0x00,0x00,0x08,0x0c,0x0c,0x0c,0x0c,0x0c,0x00,0x00,0x08,0x0c,0x0c,
0x0c,0x0c,0x0c,0x00,0x00,0x08,0x0c,0x0c,0x0c,0x0c,0x0c,0x00,0x00,0x08,0x0c,0x0c,
0x0c,0x00,0x00,0x00,0x08,0x0c,0x0c,0x0c,0x0c,0x00,0x00,0x00,0x08,0x0c,0x0c,0x0c,
0x0c,0x00,0x00,0x00,0x08,0x0c,0x0c,0x0c,0x0c,0x00,0x00,0x00,0x08,0x0c,0x0c,0x0c,
0x00,0x00,0x00,0x08,0x0c,0x0c,0x0c,0x00,0x00,0x00,0x00,0x08,0x0c,0x0c,0x0c,0x00,
0x00,0x00,0x00,0x08,0x0c,0x0c,0x0c,0x00,0x00,0x00,0x00,0x08,0x0c,0x0c,0x0c,0x00,
0x08,0x0c,0x0c,0x02,0x00,0x00,0x04,0x0c,0x08,0x0c,0x0c,0x0c,0x0a,0x08,0x01,0x0c,
0x00,0x07,0x0c,0x0c,0x0c,0x0c,0x0c,0x0c,0x00,0x03,0x0d,0x0c,0x0c,0x0c,0x0c,0x0f,
0x0c,0x0c,0x00,0x0c,0x0c,0x0c,0x08,0x00,0x0c,0x07,0x00,0x0c,0x0c,0x0c,0x08,0x00,
0x0c,0x01,0x00,0x0c,0x0c,0x0c,0x08,0x00,0x05,0x04,0x00,0x0c,0x0c,0x0c,0x08,0x00,
0x00,0x0c,0x0c,0x0c,0x00,0x08,0x0c,0x0c,0x00,0x0c,0x0c,0x0c,0x00,0x08,0x0c,0x0c,
0x00,0x0c,0x0c,0x0c,0x00,0x00,0x07,0x0c,0x00,0x0c,0x0c,0x0c,0x00,0x00,0x03,0x0d,
0x02,0x00,0x00,0x04,0x0c,0x0c,0x0c,0x00,0x0c,0x0a,0x08,0x01,0x0c,0x0c,0x0f,0x00,
0x0c,0x0c,0x0c,0x0c,0x0c,0x0c,0x05,0x00,0x0c,0x0c,0x0c,0x0c,0x0f,0x05,0x04,0x00,
0x08,0x0c,0x0c,0x02,0x00,0x00,0x04,0x0c,0x08,0x0c,0x0c,0x0c,0x0a,0x08,0x01,0x0c,
0x00,0x07,0x0c,0x0c,0x0c,0x0c,0x0c,0x0c,0x00,0x03,0x0d,0x0c,0x0c,0x0c,0x0c,0x0f,
0x0c,0x0c,0x00,0x08,0x0c,0x0c,0x02,0x00,0x0c,0x0f,0x00,0x08,0x0c,0x0c,0x0c,0x0a,
0x0c,0x05,0x00,0x00,0x07,0x0c,0x0c,0x0c,0x05,0x04,0x00,0x00,0x03,0x0d,0x0c,0x0c,
0x00,0x04,0x0c,0x0c,0x0c,0x00,0x00,0x08,0x08,0x01,0x0c,0x0c,0x0f,0x00,0x00,0x0c,
0x0c,0x0c,0x0c,0x0c,0x05,0x00,0x00,0x02,0x0c,0x0c,0x0f,0x05,0x04,0x00,0x00,0x03,
0x08,0x08,0x00,0x00,0x00,0x0c,0x0c,0x0c,0x0c,0x0c,0x03,0x00,0x0b,0x0c,0x0c,0x0f,
0x0c,0x0c,0x0c,0x0c,0x0c,0x0c,0x0c,0x05,0x07,0x0c,0x0c,0x0c,0x0c,0x0c,0x05,0x04,
0x00,0x08,0x0c,0x0c,0x0c,0x00,0x00,0x00,0x00,0x06,0x0c,0x0c,0x0c,0x0b,0x08,0x09,
0x00,0x00,0x07,0x0c,0x0c,0x0c,0x0c,0x0c,0x00,0x00,0x03,0x07,0x0c,0x0c,0x0c,0x0c,
0x02,0x02,0x02,0x00,0x00,0x0a,0x0c,0x0c,0x0c,0x0c,0x0c,0x00,0x00,0x01,0x0c,0x0c,
0x0c,0x0c,0x02,0x00,0x08,0x0c,0x0f,0x0c,0x0c,0x02,0x04,0x00,0x08,0x0f,0x03,0x0b,
0x0c,0x07,0x03,0x00,0x00,0x0b,0x0f,0x0c,0x0c,0x0c,0x0c,0x0c,0x0c,0x0c,0x0c,0x0c,
0x0c,0x0c,0x0c,0x0c,0x0c,0x0c,0x0c,0x0c,0x0d,0x0c,0x0c,0x0c,0x0c,0x0c,0x0f,0x05,
0x0c,0x0f,0x00,0x00,0x00,0x00,0x00,0x00,0x0c,0x05,0x00,0x00,0x00,0x00,0x00,0x00,
0x0f,0x06,0x00,0x00,0x00,0x00,0x00,0x02,0x06,0x00,0x00,0x00,0x00,0x00,0x00,0x02,
0x00,0x02,0x0c,0x0c,0x09,0x00,0x00,0x00,0x06,0x0f,0x0c,0x0c,0x03,0x00,0x00,0x00,
0x0c,0x0c,0x0c,0x02,0x00,0x00,0x00,0x00,0x0c,0x0c,0x02,0x03,0x00,0x00,0x00,0x00,
0x00,0x00,0x00,0x00,0x00,0x0a,0x0c,0x0c,0x00,0x00,0x00,0x00,0x00,0x00,0x0e,0x0c,
0x00,0x00,0x00,0x00,0x00,0x00,0x08,0x0c,0x00,0x00,0x00,0x00,0x00,0x00,0x00,0x02,
0x06,0x00,0x00,0x00,0x00,0x00,0x00,0x05,0x05,0x00,0x00,0x00,0x00,0x00,0x06,0x0c,
0x0c,0x06,0x00,0x00,0x00,0x00,0x05,0x0c,0x0c,0x05,0x00,0x00,0x00,0x06,0x0c,0x0c,
0x0c,0x07,0x00,0x00,0x00,0x00,0x00,0x00,0x0c,0x0b,0x00,0x00,0x00,0x00,0x00,0x00,
0x02,0x00,0x00,0x00,0x00,0x00,0x00,0x00,0x08,0x00,0x00,0x00,0x00,0x00,0x00,0x00,
0x00,0x00,0x00,0x00,0x00,0x00,0x00,0x00,0x00,0x00,0x00,0x00,0x00,0x00,0x00,0x00,
0x00,0x00,0x00,0x00,0x00,0x00,0x00,0x00,0x00,0x00,0x00,0x00,0x02,0x02,0x00,0x03,
0x00,0x00,0x00,0x00,0x00,0x00,0x00,0x00,0x00,0x00,0x00,0x00,0x00,0x00,0x00,0x00,
0x00,0x00,0x00,0x00,0x00,0x00,0x00,0x00,0x02,0x01,0x00,0x00,0x00,0x00,0x01,0x01,
0x00,0x00,0x00,0x00,0x00,0x00,0x00,0x00,0x00,0x00,0x00,0x00,0x00,0x00,0x00,0x00,
0x00,0x00,0x00,0x00,0x00,0x00,0x00,0x00,0x01,0x01,0x01,0x00,0x08,0x01,0x01,0x09,
0x00,0x00,0x00,0x00,0x00,0x00,0x00,0x00,0x00,0x00,0x00,0x00,0x00,0x00,0x00,0x00,
0x00,0x00,0x00,0x00,0x00,0x00,0x00,0x00,0x04,0x00,0x00,0x00,0x03,0x08,0x06,0x00,
0x00,0x00,0x00,0x00,0x00,0x00,0x00,0x00,0x00,0x00,0x00,0x00,0x00,0x00,0x00,0x00,
0x00,0x00,0x00,0x00,0x00,0x00,0x00,0x00,0x00,0x00,0x00,0x00,0x02,0x02,0x00,0x03,
0x00,0x00,0x00,0x00,0x00,0x00,0x00,0x00,0x00,0x00,0x00,0x00,0x00,0x00,0x00,0x00,
0x00,0x00,0x00,0x00,0x00,0x00,0x00,0x00,0x02,0x01,0x00,0x00,0x00,0x00,0x00,0x08,
0x00,0x00,0x00,0x00,0x00,0x00,0x00,0x00,0x00,0x00,0x00,0x00,0x00,0x00,0x00,0x00,
0x00,0x00,0x00,0x00,0x00,0x00,0x00,0x00,0x01,0x01,0x0a,0x00,0x00,0x00,0x04,0x09,
0x00,0x00,0x00,0x00,0x00,0x00,0x00,0x00,0x00,0x00,0x00,0x00,0x00,0x00,0x00,0x00,
0x00,0x00,0x00,0x00,0x00,0x00,0x00,0x00,0x01,0x01,0x08,0x00,0x00,0x00,0x00,0x00,
0x00,0x00,0x00,0x00,0x00,0x00,0x00,0x00,0x00,0x00,0x00,0x00,0x00,0x00,0x00,0x00,
0x00,0x00,0x00,0x00,0x00,0x00,0x00,0x00,0x00,0x01,0x0c,0x08,0x00,0x00,0x00,0x00,
0x00,0x00,0x00,0x00,0x00,0x00,0x00,0x00,0x00,0x00,0x00,0x00,0x00,0x00,0x00,0x00,
0x00,0x00,0x00,0x00,0x00,0x00,0x00,0x00,0x00,0x00,0x01,0x01,0x01,0x01,0x01,0x00,
0x00,0x00,0x00,0x00,0x00,0x00,0x00,0x00,0x00,0x00,0x00,0x00,0x00,0x00,0x00,0x00,
0x00,0x00,0x00,0x00,0x00,0x00,0x00,0x00,0x00,0x04,0x0a,0x01,0x01,0x00,0x01,0x01,
0x00,0x00,0x00,0x00,0x00,0x00,0x00,0x00,0x00,0x00,0x00,0x00,0x00,0x00,0x00,0x00,
0x00,0x00,0x00,0x00,0x00,0x00,0x00,0x00,0x0a,0x00,0x00,0x00,0x00,0x00,0x00,0x00,
0x00,0x00,0x00,0x00,0x00,0x00,0x00,0x00,0x00,0x00,0x00,0x00,0x00,0x00,0x00,0x00,
0x00,0x00,0x00,0x00,0x00,0x00,0x00,0x00,0x03,0x02,0x01,0x00,0x0a,0x02,0x0a,0x00,
0x00,0x00,0x00,0x00,0x00,0x00,0x00,0x00,0x00,0x00,0x00,0x00,0x00,0x00,0x00,0x00,
0x00,0x00,0x00,0x00,0x00,0x00,0x00,0x00,0x00,0x00,0x00,0x00,0x02,0x02,0x00,0x03,
0x00,0x00,0x00,0x00,0x00,0x00,0x00,0x00,0x00,0x00,0x00,0x00,0x00,0x00,0x00,0x00,
0x00,0x00,0x00,0x00,0x00,0x00,0x00,0x00,0x02,0x01,0x00,0x00,0x00,0x00,0x00,0x00,
0x00,0x00,0x00,0x00,0x00,0x00,0x00,0x00,0x00,0x00,0x00,0x00,0x00,0x00,0x00,0x00,
0x00,0x00,0x00,0x00,0x00,0x00,0x00,0x00,0x01,0x02,0x03,0x00,0x00,0x00,0x00,0x00,
0x00,0x00,0x00,0x00,0x00,0x00,0x00,0x00,0x00,0x00,0x00,0x00,0x00,0x00,0x00,0x00,
0x00,0x00,0x00,0x00,0x00,0x00,0x00,0x00,0x00,0x00,0x00,0x00,0x0a,0x02,0x0a,0x00,
0x00,0x00,0x00,0x00,0x00,0x00,0x00,0x00,0x00,0x00,0x00,0x00,0x00,0x00,0x00,0x00,
0x00,0x00,0x00,0x00,0x00,0x00,0x00,0x00,0x01,0x02,0x03,0x00,0x00,0x00,0x00,0x00,
0x00,0x00,0x00,0x00,0x00,0x00,0x00,0x00,0x00,0x00,0x00,0x00,0x00,0x00,0x00,0x00,
0x00,0x00,0x00,0x00,0x00,0x00,0x00,0x00,0x00,0x01,0x02,0x03,0x00,0x02,0x02,0x00,
0x00,0x00,0x00,0x00,0x00,0x00,0x00,0x00,0x00,0x00,0x00,0x00,0x00,0x00,0x00,0x00,
0x00,0x00,0x00,0x00,0x00,0x00,0x00,0x00,0x00,0x00,0x00,0x00,0x00,0x03,0x08,0x00,
0x00,0x00,0x00,0x00,0x00,0x00,0x00,0x00,0x00,0x00,0x00,0x00,0x00,0x00,0x00,0x00,
0x00,0x00,0x00,0x00,0x00,0x00,0x00,0x00,0x00,0x00,0x0b,0x06,0x00,0x00,0x00,0x00,
0x00,0x00,0x00,0x00,0x00,0x00,0x00,0x00,0x00,0x00,0x00,0x00,0x00,0x00,0x00,0x00,
0x00,0x00,0x00,0x00,0x00,0x00,0x00,0x00,0x00,0x00,0x00,0x00,0x01,0x06,0x00,0x00,
0x00,0x00,0x00,0x00,0x00,0x00,0x00,0x00,0x00,0x00,0x00,0x00,0x00,0x00,0x00,0x00,
0x00,0x00,0x00,0x00,0x00,0x00,0x00,0x00,0x03,0x01,0x00,0x00,0x00,0x00,0x00,0x00,
0x00,0x04,0x08,0x08,0x03,0x00,0x00,0x00,0x00,0x00,0x00,0x00,0x00,0x00,0x00,0x00,
0x00,0x00,0x00,0x00,0x00,0x00,0x00,0x00,0x00,0x00,0x00,0x00,0x00,0x00,0x0a,0x04,
0x00,0x00,0x00,0x00,0x04,0x08,0x08,0x08,0x00,0x00,0x00,0x00,0x00,0x00,0x00,0x00,
0x00,0x00,0x00,0x00,0x00,0x00,0x00,0x00,0x00,0x00,0x00,0x00,0x00,0x00,0x00,0x00,
0x00,0x00,0x00,0x00,0x06,0x04,0x00,0x00,0x00,0x00,0x00,0x00,0x00,0x00,0x00,0x00,
0x00,0x00,0x00,0x00,0x00,0x00,0x00,0x00,0x00,0x0b,0x0a,0x00,0x00,0x00,0x00,0x00,
0x00,0x00,0x00,0x00,0x00,0x00,0x00,0x00,0x00,0x00,0x00,0x00,0x00,0x00,0x00,0x00,
0x00,0x00,0x00,0x00,0x00,0x00,0x00,0x00,0x00,0x00,0x00,0x09,0x08,0x00,0x00,0x00,
0x00,0x00,0x00,0x00,0x00,0x00,0x00,0x03,0x00,0x00,0x00,0x00,0x00,0x00,0x00,0x00,
0x00,0x00,0x00,0x00,0x00,0x00,0x00,0x00,0x00,0x00,0x00,0x00,0x00,0x00,0x06,0x0b,
0x08,0x04,0x00,0x00,0x00,0x00,0x00,0x00,0x00,0x00,0x00,0x00,0x00,0x00,0x00,0x00,
0x00,0x00,0x00,0x00,0x00,0x00,0x00,0x00,0x00,0x00,0x00,0x00,0x00,0x00,0x00,0x00,
0x00,0x00,0x00,0x00,0x00,0x00,0x00,0x08,0x00,0x00,0x00,0x00,0x00,0x00,0x00,0x00,
0x00,0x00,0x00,0x00,0x00,0x00,0x00,0x00,0x00,0x00,0x00,0x04,0x09,0x00,0x00,0x00,
0x0c,0x0c,0x03,0x00,0x00,0x05,0x0c,0x02,0x02,0x0c,0x02,0x00,0x06,0x0c,0x0c,0x08,
0x00,0x00,0x00,0x00,0x00,0x00,0x00,0x00,0x00,0x00,0x00,0x00,0x00,0x00,0x00,0x00,
0x00,0x00,0x00,0x00,0x00,0x00,0x00,0x00,0x00,0x00,0x00,0x00,0x00,0x00,0x00,0x00,
0x00,0x00,0x00,0x00,0x00,0x00,0x00,0x00,0x00,0x00,0x0a,0x04,0x00,0x00,0x00,0x00,
0x00,0x00,0x00,0x00,0x0c,0x0c,0x00,0x08,0x00,0x00,0x00,0x00,0x00,0x00,0x00,0x00,
0x00,0x0a,0x01,0x01,0x0a,0x00,0x00,0x00,0x00,0x02,0x0c,0x0c,0x02,0x00,0x00,0x00,
0x0c,0x02,0x00,0x00,0x00,0x00,0x0c,0x0c,0x00,0x00,0x00,0x00,0x00,0x00,0x0c,0x0c,
0x00,0x0a,0x01,0x01,0x0a,0x00,0x0c,0x0c,0x00,0x02,0x0c,0x0c,0x02,0x00,0x0c,0x0c,
0x0c,0x0c,0x0c,0x00,0x01,0x0c,0x0c,0x0c,0x0c,0x0c,0x0c,0x00,0x0a,0x07,0x0c,0x0c,
0x0c,0x05,0x08,0x00,0x00,0x04,0x0c,0x0c,0x0c,0x01,0x00,0x00,0x00,0x00,0x0c,0x0c,
0x05,0x00,0x00,0x00,0x02,0x0c,0x01,0x00,0x0c,0x00,0x00,0x00,0x02,0x0c,0x01,0x00,
0x0c,0x00,0x00,0x00,0x02,0x0c,0x01,0x00,0x0c,0x00,0x00,0x00,0x02,0x0c,0x01,0x00,
0x00,0x00,0x00,0x00,0x0c,0x0c,0x00,0x08,0x00,0x00,0x00,0x00,0x00,0x00,0x00,0x00,
0x00,0x00,0x00,0x03,0x01,0x01,0x01,0x01,0x00,0x04,0x02,0x0c,0x0c,0x0c,0x0c,0x0c,
0x0c,0x02,0x00,0x00,0x00,0x00,0x00,0x01,0x00,0x00,0x00,0x00,0x00,0x00,0x00,0x01,
0x01,0x0a,0x06,0x00,0x00,0x00,0x00,0x00,0x0c,0x0c,0x0c,0x01,0x00,0x00,0x00,0x08,
0x0c,0x0c,0x02,0x00,0x00,0x00,0x02,0x0c,0x0c,0x0c,0x02,0x00,0x00,0x00,0x0c,0x0c,
0x00,0x00,0x00,0x00,0x00,0x00,0x0c,0x0c,0x01,0x01,0x0a,0x00,0x00,0x00,0x0c,0x0c,
0x0c,0x0c,0x01,0x00,0x00,0x00,0x08,0x01,0x0c,0x0e,0x0a,0x00,0x00,0x05,0x0c,0x0c,
0x0c,0x00,0x00,0x00,0x03,0x0c,0x0c,0x0c,0x0c,0x00,0x00,0x00,0x0b,0x0c,0x0c,0x0c,
0x01,0x02,0x0c,0x05,0x01,0x0a,0x04,0x00,0x0c,0x0c,0x0c,0x0c,0x0c,0x0c,0x0f,0x03,
0x0c,0x0c,0x0c,0x0c,0x0c,0x0c,0x0c,0x0e,0x0b,0x08,0x08,0x08,0x09,0x0c,0x0c,0x0c,
0x00,0x00,0x0c,0x0c,0x0c,0x0c,0x0c,0x00,0x00,0x00,0x0c,0x0c,0x0c,0x0c,0x0c,0x00,
0x00,0x00,0x08,0x05,0x0c,0x0c,0x0c,0x00,0x00,0x00,0x00,0x01,0x0c,0x0c,0x0c,0x00,
0x06,0x0f,0x0c,0x0c,0x0c,0x00,0x0c,0x0c,0x05,0x0c,0x0c,0x0c,0x0c,0x00,0x0c,0x0c,
0x07,0x0c,0x0c,0x0f,0x0a,0x00,0x0a,0x0f,0x0c,0x0c,0x0c,0x01,0x00,0x00,0x00,0x01,
0x0c,0x07,0x04,0x00,0x00,0x00,0x00,0x00,0x0c,0x0c,0x01,0x00,0x00,0x00,0x00,0x00,
0x0c,0x0c,0x02,0x00,0x00,0x00,0x00,0x00,0x0c,0x0c,0x0e,0x00,0x00,0x00,0x00,0x00,
0x08,0x0c,0x02,0x00,0x01,0x0c,0x01,0x00,0x00,0x00,0x00,0x00,0x00,0x00,0x00,0x00,
0x06,0x01,0x01,0x01,0x01,0x01,0x03,0x00,0x09,0x0c,0x0c,0x0c,0x0c,0x0c,0x05,0x00,
0x00,0x00,0x00,0x00,0x0c,0x0c,0x00,0x08,0x00,0x00,0x00,0x00,0x00,0x00,0x00,0x00,
0x00,0x00,0x00,0x00,0x00,0x01,0x01,0x01,0x00,0x00,0x00,0x00,0x00,0x0c,0x0c,0x0c,
0x0c,0x02,0x00,0x00,0x00,0x00,0x00,0x00,0x00,0x00,0x00,0x00,0x00,0x00,0x00,0x00,
0x0a,0x00,0x00,0x06,0x01,0x01,0x01,0x01,0x02,0x00,0x00,0x08,0x0c,0x0c,0x0c,0x0c,
0x02,0x0c,0x08,0x00,0x00,0x00,0x00,0x00,0x00,0x00,0x00,0x00,0x00,0x00,0x00,0x00,
0x01,0x01,0x01,0x01,0x01,0x01,0x08,0x00,0x0c,0x0c,0x0c,0x0c,0x0c,0x0c,0x01,0x00,
0x00,0x00,0x00,0x00,0x01,0x0c,0x01,0x00,0x00,0x00,0x00,0x00,0x00,0x00,0x00,0x00,
0x04,0x01,0x01,0x01,0x01,0x00,0x00,0x00,0x00,0x02,0x0c,0x0c,0x0c,0x08,0x00,0x00,
0x02,0x0c,0x08,0x00,0x00,0x00,0x00,0x00,0x00,0x00,0x00,0x00,0x00,0x00,0x00,0x00,
0x00,0x06,0x01,0x01,0x01,0x09,0x00,0x0a,0x00,0x05,0x0c,0x0c,0x0c,0x01,0x00,0x02,
0x00,0x02,0x0c,0x08,0x00,0x0c,0x0c,0x00,0x00,0x00,0x00,0x00,0x00,0x00,0x00,0x00,
0x01,0x01,0x01,0x01,0x01,0x01,0x01,0x01,0x0c,0x0c,0x0c,0x0c,0x0c,0x0c,0x0c,0x0c,
0x00,0x00,0x00,0x04,0x05,0x0c,0x07,0x00,0x00,0x00,0x03,0x0f,0x0c,0x07,0x01,0x00,
0x01,0x00,0x00,0x01,0x03,0x00,0x00,0x00,0x0c,0x00,0x00,0x01,0x01,0x01,0x0a,0x00,
0x00,0x04,0x0f,0x0f,0x01,0x04,0x00,0x00,0x00,0x06,0x05,0x0f,0x0c,0x07,0x04,0x00,
0x00,0x00,0x00,0x00,0x08,0x09,0x00,0x00,0x00,0x00,0x01,0x01,0x01,0x0a,0x00,0x00,
0x00,0x00,0x00,0x06,0x07,0x0c,0x0d,0x0e,0x00,0x00,0x00,0x00,0x00,0x01,0x0c,0x07,
0x00,0x00,0x00,0x00,0x00,0x00,0x06,0x04,0x01,0x01,0x01,0x01,0x01,0x01,0x06,0x00,
0x0c,0x02,0x04,0x00,0x00,0x00,0x00,0x00,0x0a,0x00,0x00,0x00,0x00,0x00,0x00,0x00,
0x00,0x00,0x00,0x00,0x00,0x00,0x00,0x00,0x00,0x00,0x01,0x01,0x01,0x08,0x00,0x00,
0x00,0x00,0x00,0x00,0x08,0x02,0x0c,0x01,0x00,0x00,0x00,0x09,0x0c,0x0c,0x0e,0x0a,
0x00,0x00,0x00,0x03,0x0a,0x06,0x00,0x00,0x00,0x06,0x09,0x01,0x01,0x01,0x01,0x01,
0x00,0x00,0x00,0x00,0x00,0x00,0x00,0x06,0x00,0x00,0x00,0x00,0x00,0x00,0x00,0x0f,
0x00,0x00,0x00,0x00,0x00,0x00,0x00,0x06,0x0a,0x04,0x00,0x00,0x00,0x0a,0x01,0x01,
0x02,0x0c,0x0c,0x0e,0x08,0x00,0x00,0x00,0x07,0x09,0x0a,0x0e,0x0c,0x06,0x00,0x00,
0x00,0x00,0x00,0x00,0x06,0x00,0x00,0x00,0x01,0x01,0x01,0x01,0x01,0x01,0x01,0x00,
0x00,0x08,0x0e,0x0c,0x0c,0x0d,0x06,0x00,0x06,0x0c,0x02,0x0a,0x09,0x07,0x0c,0x04,
0x00,0x03,0x00,0x00,0x00,0x00,0x06,0x00,0x00,0x00,0x01,0x01,0x01,0x0a,0x00,0x00,
0x00,0x00,0x00,0x00,0x00,0x01,0x0f,0x0f,0x00,0x00,0x00,0x04,0x07,0x0c,0x0f,0x05,
0x00,0x00,0x00,0x00,0x09,0x08,0x00,0x00,0x00,0x0a,0x01,0x01,0x01,0x01,0x01,0x01,
0x04,0x00,0x00,0x00,0x00,0x00,0x00,0x00,0x06,0x00,0x00,0x00,0x00,0x00,0x00,0x00,
0x00,0x00,0x00,0x00,0x00,0x00,0x00,0x00,0x01,0x01,0x01,0x00,0x04,0x01,0x01,0x01,
0x00,0x00,0x0b,0x07,0x0c,0x08,0x00,0x00,0x00,0x05,0x0c,0x0c,0x0d,0x08,0x00,0x00,
0x00,0x0b,0x0a,0x04,0x00,0x00,0x00,0x00,0x01,0x00,0x00,0x00,0x00,0x06,0x01,0x01,
0x00,0x00,0x00,0x00,0x00,0x00,0x00,0x00,0x00,0x00,0x00,0x00,0x00,0x00,0x00,0x09,
0x00,0x00,0x00,0x00,0x00,0x00,0x00,0x03,0x01,0x09,0x00,0x06,0x01,0x01,0x01,0x01,
0x08,0x02,0x0c,0x01,0x00,0x00,0x00,0x00,0x0c,0x0c,0x0e,0x0a,0x00,0x00,0x00,0x00,
0x0a,0x06,0x00,0x00,0x00,0x00,0x00,0x00,0x01,0x01,0x01,0x01,0x01,0x01,0x08,0x00,
0x00,0x02,0x0c,0x0c,0x02,0x00,0x00,0x00,0x00,0x02,0x0c,0x0c,0x02,0x00,0x00,0x00,
0x00,0x02,0x0c,0x0c,0x02,0x00,0x00,0x00,0x00,0x02,0x0c,0x0c,0x02,0x00,0x00,0x00,
0x00,0x02,0x0c,0x0c,0x02,0x00,0x0c,0x0c,0x00,0x02,0x0c,0x0c,0x02,0x00,0x0c,0x0c,
0x00,0x02,0x0c,0x0c,0x02,0x00,0x0c,0x0c,0x00,0x02,0x0c,0x0c,0x02,0x00,0x0c,0x0c,
0x0c,0x01,0x00,0x00,0x00,0x00,0x0c,0x0c,0x0c,0x01,0x00,0x00,0x00,0x00,0x0c,0x0c,
0x0c,0x01,0x00,0x00,0x00,0x00,0x07,0x0c,0x0c,0x01,0x00,0x00,0x00,0x00,0x03,0x0f,
0x0c,0x00,0x00,0x00,0x02,0x0c,0x01,0x00,0x0c,0x04,0x00,0x00,0x02,0x0c,0x01,0x00,
0x0c,0x07,0x0a,0x00,0x03,0x08,0x06,0x00,0x0c,0x0c,0x01,0x00,0x00,0x00,0x00,0x00,
0x00,0x02,0x0c,0x0c,0x0c,0x0c,0x0c,0x0c,0x03,0x0c,0x0c,0x0c,0x0c,0x05,0x01,0x01,
0x0a,0x0c,0x0c,0x0c,0x01,0x00,0x00,0x00,0x01,0x0c,0x0c,0x0c,0x08,0x00,0x00,0x00,
0x0c,0x0c,0x0c,0x0c,0x01,0x00,0x00,0x01,0x02,0x0c,0x0c,0x0c,0x07,0x00,0x00,0x01,
0x00,0x0e,0x0c,0x0c,0x0c,0x00,0x00,0x01,0x00,0x02,0x0c,0x0c,0x0c,0x00,0x00,0x01,
0x0c,0x0c,0x02,0x00,0x00,0x00,0x0c,0x0c,0x0c,0x0c,0x02,0x00,0x00,0x04,0x0c,0x0c,
0x0c,0x0c,0x02,0x00,0x0a,0x07,0x0c,0x0c,0x0c,0x0c,0x02,0x00,0x01,0x0c,0x0c,0x0f,
0x0c,0x00,0x00,0x00,0x01,0x0c,0x0c,0x02,0x0c,0x00,0x00,0x00,0x0b,0x0c,0x0c,0x0c,
0x0e,0x00,0x00,0x00,0x03,0x0c,0x0c,0x0c,0x03,0x00,0x00,0x00,0x00,0x0a,0x0f,0x0c,
0x00,0x00,0x00,0x00,0x00,0x01,0x01,0x01,0x09,0x08,0x08,0x03,0x00,0x00,0x00,0x00,
0x0c,0x0c,0x0c,0x0c,0x0c,0x0f,0x0d,0x03,0x0c,0x0c,0x0c,0x0c,0x0c,0x0c,0x0c,0x0f,
0x00,0x00,0x00,0x01,0x0c,0x0c,0x0c,0x00,0x00,0x00,0x00,0x01,0x0c,0x0c,0x0c,0x00,
0x00,0x00,0x00,0x01,0x0c,0x0c,0x0c,0x00,0x06,0x00,0x00,0x01,0x0c,0x0c,0x0c,0x00,
0x0c,0x0c,0x0c,0x01,0x00,0x00,0x00,0x01,0x0c,0x0c,0x0c,0x01,0x00,0x00,0x00,0x01,
0x0c,0x0c,0x0c,0x01,0x00,0x00,0x00,0x01,0x0c,0x0c,0x0c,0x01,0x00,0x00,0x00,0x01,
0x0c,0x0c,0x0c,0x00,0x00,0x00,0x00,0x00,0x0c,0x0c,0x0c,0x00,0x00,0x00,0x00,0x04,
0x0c,0x0c,0x0c,0x00,0x00,0x00,0x00,0x0a,0x0c,0x0c,0x0c,0x00,0x00,0x00,0x00,0x0d,
0x0e,0x0c,0x0c,0x0c,0x0c,0x0c,0x0f,0x00,0x0c,0x0c,0x0c,0x0e,0x0c,0x0c,0x0c,0x03,
0x0c,0x0c,0x0c,0x08,0x0c,0x0c,0x0c,0x01,0x0c,0x0c,0x0f,0x00,0x0d,0x0c,0x0c,0x0e,
0x00,0x00,0x00,0x00,0x00,0x0c,0x0c,0x0c,0x00,0x00,0x00,0x00,0x00,0x0c,0x0c,0x0c,
0x00,0x00,0x00,0x00,0x00,0x0c,0x0c,0x0c,0x00,0x00,0x00,0x00,0x00,0x0c,0x0c,0x0c,
0x02,0x00,0x00,0x08,0x0c,0x0c,0x0c,0x0c,0x02,0x00,0x00,0x03,0x02,0x02,0x02,0x02,
0x02,0x00,0x00,0x00,0x00,0x00,0x00,0x00,0x02,0x00,0x00,0x00,0x00,0x00,0x00,0x00,
0x0c,0x0c,0x0c,0x0c,0x0c,0x0c,0x01,0x00,0x02,0x0e,0x0c,0x0c,0x0c,0x0c,0x0a,0x00,
0x04,0x0e,0x0c,0x0c,0x0c,0x05,0x00,0x00,0x0e,0x0c,0x0c,0x0c,0x05,0x00,0x00,0x00,
0x00,0x03,0x0c,0x0c,0x0c,0x02,0x00,0x00,0x00,0x00,0x05,0x0c,0x0c,0x0c,0x08,0x00,
0x00,0x00,0x06,0x0c,0x0c,0x0c,0x0d,0x04,0x00,0x00,0x00,0x01,0x0c,0x0c,0x0c,0x05,
0x06,0x0c,0x0c,0x0c,0x07,0x00,0x00,0x02,0x05,0x0c,0x0c,0x0c,0x0a,0x00,0x00,0x02,
0x0f,0x0c,0x0c,0x02,0x00,0x00,0x00,0x02,0x0c,0x0c,0x0c,0x08,0x00,0x00,0x00,0x02,
0x0c,0x0c,0x0c,0x0c,0x0c,0x0c,0x0c,0x0c,0x0c,0x0c,0x07,0x01,0x01,0x01,0x01,0x01,
0x0c,0x0c,0x02,0x00,0x00,0x00,0x00,0x00,0x0c,0x0c,0x02,0x00,0x00,0x00,0x00,0x00,
0x0c,0x00,0x00,0x0c,0x0c,0x0c,0x02,0x00,0x01,0x00,0x00,0x0c,0x0c,0x0c,0x02,0x00,
0x00,0x00,0x00,0x0c,0x0c,0x0c,0x02,0x00,0x00,0x00,0x00,0x0c,0x0c,0x0c,0x02,0x00,
0x00,0x00,0x0c,0x0c,0x0c,0x02,0x00,0x00,0x00,0x00,0x0c,0x0c,0x0c,0x02,0x00,0x00,
0x00,0x00,0x0c,0x0c,0x0c,0x02,0x00,0x00,0x00,0x00,0x0c,0x0c,0x0c,0x02,0x00,0x00,
0x0c,0x0c,0x0c,0x0c,0x0c,0x0c,0x01,0x00,0x0c,0x0c,0x0c,0x0c,0x0c,0x0c,0x0f,0x00,
0x0c,0x0c,0x0c,0x0f,0x0c,0x0c,0x0c,0x0b,0x0c,0x0c,0x0c,0x01,0x0c,0x0c,0x0c,0x0d,
0x00,0x00,0x0c,0x0c,0x0c,0x01,0x00,0x00,0x00,0x00,0x0c,0x0c,0x0c,0x01,0x00,0x04,
0x00,0x00,0x0c,0x0c,0x0c,0x01,0x00,0x08,0x00,0x00,0x0c,0x0c,0x0c,0x01,0x00,0x08,
0x0a,0x0c,0x0c,0x0c,0x0c,0x0c,0x0c,0x0c,0x0f,0x0c,0x0c,0x0c,0x0c,0x0c,0x0c,0x0c,
0x0c,0x0c,0x0c,0x02,0x0a,0x08,0x0a,0x0f,0x0c,0x0c,0x0c,0x08,0x00,0x00,0x00,0x09,
0x0c,0x0f,0x06,0x00,0x00,0x02,0x0c,0x0c,0x0c,0x0c,0x05,0x00,0x00,0x02,0x0c,0x0c,
0x0c,0x0c,0x02,0x00,0x00,0x02,0x0c,0x0c,0x02,0x02,0x01,0x00,0x00,0x02,0x0c,0x0c,
0x0c,0x0c,0x0c,0x0c,0x0c,0x0c,0x0c,0x00,0x0c,0x0c,0x0c,0x0c,0x0c,0x0c,0x0c,0x00,
0x07,0x01,0x01,0x01,0x01,0x01,0x01,0x00,0x02,0x00,0x00,0x00,0x00,0x00,0x00,0x00,
0x00,0x00,0x0c,0x0c,0x0c,0x02,0x00,0x00,0x00,0x00,0x0c,0x0c,0x0c,0x02,0x00,0x00,
0x00,0x00,0x0c,0x0c,0x0c,0x02,0x00,0x00,0x00,0x00,0x0c,0x0c,0x0c,0x02,0x00,0x00,
0x00,0x02,0x0c,0x0c,0x0c,0x0c,0x0c,0x0c,0x00,0x02,0x0c,0x0c,0x0c,0x0c,0x0c,0x0c,
0x00,0x02,0x0c,0x0c,0x07,0x01,0x01,0x01,0x00,0x02,0x0c,0x0c,0x02,0x00,0x00,0x00,
0x0c,0x0c,0x0c,0x00,0x00,0x02,0x0c,0x0c,0x0c,0x0c,0x0c,0x00,0x00,0x03,0x0c,0x0c,
0x01,0x01,0x01,0x00,0x00,0x00,0x05,0x0c,0x00,0x00,0x00,0x00,0x00,0x00,0x06,0x0c,
0x0c,0x08,0x00,0x00,0x00,0x05,0x0c,0x0c,0x0c,0x02,0x00,0x00,0x06,0x0c,0x0c,0x0c,
0x0c,0x0c,0x08,0x00,0x05,0x0c,0x0c,0x0c,0x0c,0x0c,0x0d,0x04,0x0f,0x0c,0x0c,0x02,
0x0c,0x01,0x00,0x08,0x0c,0x0c,0x0c,0x0c,0x07,0x00,0x00,0x08,0x0c,0x0c,0x0c,0x0c,
0x0a,0x00,0x00,0x03,0x02,0x02,0x02,0x02,0x00,0x00,0x00,0x00,0x00,0x00,0x00,0x00,
0x0c,0x0c,0x0c,0x0c,0x0c,0x0c,0x01,0x00,0x0c,0x0c,0x0c,0x0c,0x0c,0x0c,0x01,0x00,
0x02,0x0e,0x0c,0x0c,0x0c,0x0c,0x0a,0x00,0x04,0x0e,0x0c,0x0c,0x0c,0x05,0x00,0x00,
0x00,0x02,0x0c,0x0c,0x02,0x00,0x00,0x00,0x00,0x02,0x0c,0x0c,0x02,0x00,0x00,0x00,
0x00,0x02,0x0c,0x0c,0x02,0x00,0x00,0x00,0x00,0x02,0x0c,0x0c,0x02,0x00,0x00,0x00,
0x00,0x02,0x0c,0x0c,0x02,0x00,0x0c,0x0c,0x00,0x02,0x0c,0x0c,0x02,0x00,0x0c,0x0c,
0x00,0x02,0x0c,0x0c,0x02,0x00,0x0c,0x0c,0x00,0x0e,0x0c,0x0c,0x02,0x00,0x0c,0x0c,
0x0c,0x01,0x00,0x00,0x00,0x00,0x0f,0x0c,0x0c,0x01,0x00,0x00,0x00,0x00,0x0c,0x0c,
0x0c,0x01,0x00,0x00,0x00,0x00,0x0c,0x0c,0x0c,0x01,0x00,0x00,0x00,0x00,0x0c,0x0c,
0x0c,0x07,0x0a,0x00,0x03,0x08,0x06,0x00,0x0c,0x04,0x00,0x00,0x02,0x0c,0x01,0x00,
0x0c,0x00,0x00,0x00,0x02,0x0c,0x01,0x00,0x0c,0x00,0x00,0x00,0x02,0x0c,0x01,0x00,
0x01,0x0c,0x0c,0x0c,0x08,0x00,0x00,0x00,0x01,0x0c,0x0c,0x0c,0x08,0x00,0x00,0x00,
0x01,0x0c,0x0c,0x0c,0x08,0x00,0x00,0x00,0x01,0x0c,0x0c,0x0c,0x0b,0x00,0x00,0x00,
0x00,0x02,0x0c,0x0c,0x0c,0x00,0x00,0x01,0x00,0x02,0x0c,0x0c,0x0c,0x00,0x00,0x01,
0x00,0x02,0x0c,0x0c,0x0c,0x00,0x00,0x01,0x00,0x02,0x0c,0x0c,0x0c,0x00,0x00,0x01,
0x0c,0x0c,0x02,0x00,0x0a,0x07,0x0c,0x0c,0x0c,0x0c,0x02,0x00,0x00,0x04,0x0c,0x0c,
0x0c,0x0c,0x02,0x00,0x00,0x00,0x0c,0x0c,0x0c,0x0c,0x02,0x00,0x00,0x00,0x0c,0x0c,
0x07,0x00,0x00,0x00,0x00,0x00,0x00,0x08,0x0c,0x00,0x00,0x00,0x08,0x01,0x01,0x0a,
0x0c,0x00,0x00,0x00,0x01,0x0c,0x0c,0x0e,0x0c,0x00,0x00,0x00,0x0a,0x0c,0x0c,0x0c,
0x0b,0x01,0x01,0x01,0x0e,0x0c,0x0c,0x0c,0x00,0x00,0x00,0x00,0x00,0x02,0x0c,0x0c,
0x00,0x00,0x00,0x00,0x00,0x0e,0x0c,0x0c,0x0e,0x02,0x02,0x02,0x0e,0x0c,0x0c,0x0c,
0x09,0x00,0x00,0x01,0x0c,0x0c,0x0c,0x00,0x01,0x00,0x00,0x01,0x0c,0x0c,0x0c,0x00,
0x01,0x00,0x00,0x01,0x0c,0x0c,0x0c,0x00,0x0a,0x00,0x00,0x01,0x0c,0x0c,0x0c,0x00,
0x0c,0x0c,0x0c,0x01,0x00,0x00,0x00,0x01,0x0c,0x0c,0x0c,0x01,0x00,0x00,0x00,0x01,
0x0c,0x0c,0x0c,0x01,0x00,0x00,0x00,0x01,0x0c,0x0c,0x0c,0x01,0x00,0x00,0x00,0x01,
0x0c,0x0c,0x0c,0x00,0x00,0x00,0x00,0x0f,0x0c,0x0c,0x0c,0x00,0x00,0x00,0x0b,0x0c,
0x0c,0x0c,0x0c,0x00,0x00,0x00,0x01,0x0c,0x0c,0x0c,0x07,0x00,0x00,0x00,0x07,0x0c,
0x0c,0x0c,0x0d,0x00,0x09,0x0c,0x0c,0x0c,0x0c,0x0c,0x0a,0x00,0x06,0x0c,0x0c,0x0c,
0x0c,0x0c,0x06,0x00,0x00,0x07,0x0c,0x0c,0x0c,0x0c,0x0c,0x0c,0x0c,0x0c,0x0c,0x0c,
0x06,0x00,0x00,0x00,0x00,0x0c,0x0c,0x0c,0x09,0x00,0x00,0x00,0x00,0x0c,0x0c,0x0c,
0x0d,0x00,0x00,0x00,0x00,0x0c,0x0c,0x0c,0x0c,0x04,0x00,0x00,0x00,0x0c,0x0c,0x0c,
0x02,0x00,0x00,0x00,0x00,0x00,0x00,0x05,0x02,0x00,0x00,0x00,0x00,0x00,0x05,0x0c,
0x02,0x00,0x00,0x00,0x00,0x0a,0x0c,0x0c,0x02,0x00,0x00,0x00,0x0a,0x0c,0x0c,0x0c,
0x0c,0x0c,0x0c,0x0e,0x04,0x00,0x00,0x00,0x0c,0x0c,0x0e,0x04,0x00,0x00,0x00,0x00,
0x0c,0x0f,0x04,0x00,0x00,0x00,0x00,0x00,0x0f,0x03,0x00,0x00,0x00,0x00,0x00,0x00,
0x00,0x00,0x00,0x04,0x0f,0x0c,0x0c,0x0c,0x00,0x00,0x00,0x00,0x01,0x0c,0x0c,0x0c,
0x00,0x00,0x00,0x00,0x00,0x07,0x0c,0x0c,0x00,0x00,0x00,0x00,0x00,0x01,0x0c,0x0c,
0x0c,0x0c,0x05,0x00,0x00,0x00,0x00,0x02,0x0c,0x0c,0x06,0x00,0x00,0x00,0x00,0x02,
0x0c,0x01,0x00,0x00,0x00,0x00,0x00,0x02,0x0c,0x04,0x00,0x00,0x00,0x00,0x00,0x02,
0x0c,0x0c,0x0c,0x0c,0x0c,0x0c,0x0c,0x0c,0x0c,0x0c,0x0c,0x0c,0x0c,0x0c,0x0c,0x0c,
0x0c,0x0c,0x07,0x01,0x01,0x01,0x01,0x01,0x0c,0x0c,0x02,0x00,0x00,0x00,0x00,0x00,
0x01,0x00,0x00,0x0c,0x0c,0x0c,0x02,0x00,0x01,0x00,0x00,0x0c,0x0c,0x0c,0x02,0x00,
0x08,0x00,0x00,0x0c,0x0c,0x0c,0x02,0x00,0x00,0x00,0x00,0x0c,0x0c,0x0c,0x02,0x00,
0x00,0x00,0x0c,0x0c,0x0c,0x02,0x00,0x00,0x00,0x00,0x0c,0x0c,0x0c,0x02,0x00,0x00,
0x00,0x00,0x0c,0x0c,0x0c,0x02,0x00,0x00,0x00,0x00,0x0c,0x0c,0x0c,0x02,0x00,0x00,
0x0c,0x0c,0x0c,0x01,0x0d,0x0c,0x0c,0x0c,0x0c,0x0c,0x0c,0x01,0x0b,0x0c,0x0c,0x0c,
0x0c,0x0c,0x0c,0x01,0x00,0x0f,0x0c,0x0c,0x0c,0x0c,0x0c,0x01,0x00,0x05,0x0c,0x0c,
0x04,0x00,0x0c,0x0c,0x0c,0x01,0x00,0x08,0x0a,0x00,0x0c,0x0c,0x0c,0x01,0x00,0x04,
0x0e,0x00,0x0e,0x0c,0x0c,0x01,0x00,0x00,0x0c,0x06,0x02,0x0c,0x0c,0x01,0x00,0x00,
0x0c,0x0c,0x0c,0x02,0x0b,0x08,0x08,0x04,0x0c,0x0c,0x0c,0x0c,0x0c,0x0c,0x0c,0x0c,
0x0a,0x0c,0x0c,0x0c,0x0c,0x0c,0x0c,0x0c,0x00,0x06,0x0a,0x01,0x01,0x0d,0x02,0x0f,
0x00,0x00,0x00,0x00,0x00,0x02,0x0c,0x0c,0x0f,0x0d,0x03,0x00,0x00,0x02,0x0c,0x0c,
0x0c,0x0c,0x07,0x00,0x00,0x02,0x0c,0x0c,0x0c,0x0c,0x0c,0x03,0x00,0x02,0x0c,0x0c,
0x02,0x00,0x00,0x00,0x00,0x00,0x00,0x00,0x0c,0x0c,0x0c,0x0c,0x0c,0x0c,0x01,0x00,
0x0c,0x0c,0x0c,0x0c,0x0c,0x0c,0x01,0x00,0x07,0x01,0x01,0x01,0x01,0x01,0x08,0x00,
0x00,0x00,0x0c,0x0c,0x0c,0x02,0x00,0x00,0x00,0x00,0x0c,0x0c,0x0c,0x02,0x00,0x00,
0x00,0x00,0x0c,0x0c,0x0c,0x02,0x00,0x00,0x00,0x00,0x0c,0x0c,0x0c,0x02,0x00,0x00,
0x00,0x02,0x0c,0x0c,0x02,0x00,0x00,0x00,0x00,0x02,0x0c,0x0c,0x0c,0x0c,0x0c,0x0c,
0x00,0x02,0x0c,0x0c,0x0c,0x0c,0x0c,0x0c,0x00,0x02,0x0c,0x0c,0x07,0x01,0x01,0x01,
0x00,0x00,0x00,0x00,0x00,0x00,0x00,0x01,0x0c,0x0c,0x01,0x00,0x00,0x00,0x00,0x04,
0x0c,0x0c,0x01,0x00,0x00,0x00,0x00,0x00,0x01,0x01,0x08,0x00,0x00,0x00,0x00,0x00,
0x0c,0x0c,0x0c,0x05,0x0c,0x0c,0x0c,0x08,0x0f,0x0c,0x0c,0x0c,0x0c,0x0c,0x05,0x00,
0x01,0x0c,0x0c,0x0c,0x0c,0x0c,0x06,0x00,0x00,0x07,0x0c,0x0c,0x0c,0x01,0x00,0x00,
0x00,0x00,0x00,0x00,0x00,0x00,0x00,0x00,0x00,0x00,0x00,0x00,0x00,0x00,0x00,0x05,
0x00,0x00,0x00,0x00,0x00,0x00,0x05,0x0c,0x00,0x00,0x00,0x00,0x00,0x0a,0x0c,0x0c,
0x0e,0x0c,0x0c,0x0c,0x05,0x00,0x00,0x00,0x0c,0x0c,0x0c,0x0e,0x04,0x00,0x00,0x00,
0x0c,0x0c,0x0e,0x04,0x00,0x00,0x00,0x00,0x0c,0x0f,0x04,0x00,0x00,0x00,0x00,0x00,
0x00,0x02,0x0c,0x0c,0x0f,0x03,0x00,0x00,0x00,0x02,0x0c,0x0c,0x0c,0x0c,0x0c,0x0c,
0x00,0x0b,0x0c,0x0c,0x0c,0x0c,0x0c,0x0c,0x00,0x00,0x0b,0x02,0x0c,0x0c,0x0c,0x0c,
0x08,0x0c,0x0c,0x0c,0x02,0x00,0x0c,0x0c,0x0c,0x0c,0x0c,0x0c,0x01,0x00,0x0c,0x0c,
0x0c,0x0c,0x0c,0x0f,0x06,0x00,0x0c,0x0c,0x0c,0x0f,0x05,0x06,0x00,0x00,0x02,0x02,
0x0c,0x05,0x08,0x00,0x00,0x00,0x0c,0x0c,0x0c,0x0c,0x0c,0x00,0x0a,0x0e,0x0c,0x0c,
0x0c,0x0c,0x0c,0x00,0x01,0x0c,0x0c,0x0c,0x02,0x02,0x02,0x00,0x0a,0x02,0x02,0x05,
0x0c,0x00,0x00,0x00,0x02,0x0c,0x01,0x00,0x0c,0x00,0x00,0x00,0x02,0x0c,0x01,0x00,
0x02,0x00,0x00,0x00,0x02,0x0c,0x01,0x00,0x04,0x00,0x00,0x00,0x03,0x08,0x06,0x00,
0x08,0x0c,0x0c,0x0c,0x0e,0x06,0x00,0x00,0x04,0x0f,0x0c,0x0c,0x0c,0x0c,0x0c,0x0c,
0x00,0x0a,0x0c,0x0c,0x0c,0x0c,0x0c,0x0c,0x00,0x00,0x08,0x0d,0x0c,0x0c,0x0c,0x0c,
0x08,0x0f,0x0c,0x0c,0x0c,0x00,0x00,0x01,0x0c,0x0c,0x0c,0x0c,0x0d,0x00,0x04,0x0d,
0x0c,0x0c,0x0c,0x0f,0x03,0x00,0x08,0x0c,0x0c,0x07,0x05,0x06,0x00,0x00,0x08,0x0c,
0x0c,0x0c,0x02,0x00,0x00,0x00,0x0c,0x0c,0x0c,0x0c,0x05,0x00,0x00,0x00,0x0c,0x0c,
0x0c,0x0c,0x09,0x00,0x00,0x00,0x02,0x0c,0x07,0x01,0x00,0x00,0x00,0x00,0x04,0x05,
0x0c,0x00,0x00,0x00,0x04,0x0f,0x0c,0x0c,0x0c,0x0e,0x0a,0x00,0x00,0x03,0x0d,0x0c,
0x0c,0x0c,0x01,0x00,0x00,0x00,0x00,0x00,0x02,0x02,0x0a,0x00,0x00,0x00,0x00,0x00,
0x0c,0x0c,0x0c,0x0c,0x0c,0x0c,0x0c,0x07,0x0c,0x0c,0x0c,0x0c,0x0c,0x0f,0x05,0x06,
0x00,0x01,0x0c,0x08,0x00,0x00,0x00,0x00,0x00,0x0a,0x02,0x03,0x00,0x00,0x00,0x00,
0x04,0x00,0x08,0x05,0x0c,0x0c,0x0c,0x00,0x00,0x00,0x0c,0x0c,0x0c,0x0c,0x0c,0x00,
0x00,0x00,0x0c,0x0c,0x0c,0x0c,0x0c,0x00,0x00,0x00,0x02,0x02,0x02,0x02,0x02,0x00,
0x07,0x0c,0x0c,0x07,0x0b,0x00,0x0b,0x0f,0x0d,0x0c,0x0c,0x0c,0x0c,0x00,0x0c,0x0c,
0x03,0x0f,0x0c,0x0c,0x0c,0x00,0x0c,0x0c,0x00,0x06,0x01,0x0d,0x02,0x00,0x02,0x05,
0x0c,0x0c,0x02,0x00,0x00,0x03,0x0c,0x0c,0x0c,0x0c,0x05,0x00,0x00,0x09,0x0c,0x0c,
0x0c,0x0f,0x03,0x00,0x00,0x0e,0x0c,0x0c,0x09,0x06,0x00,0x00,0x04,0x0c,0x0c,0x0c,
0x0c,0x0c,0x0c,0x0c,0x0c,0x0c,0x0c,0x0c,0x0c,0x0e,0x02,0x02,0x02,0x02,0x0c,0x0c,
0x0f,0x00,0x00,0x00,0x00,0x00,0x0d,0x0c,0x0d,0x00,0x00,0x00,0x00,0x00,0x09,0x0c,
0x0c,0x0a,0x00,0x00,0x00,0x0c,0x0c,0x0c,0x0c,0x05,0x00,0x00,0x00,0x0c,0x0c,0x0c,
0x0c,0x0f,0x00,0x00,0x00,0x0c,0x0c,0x0c,0x0c,0x0c,0x08,0x00,0x00,0x0c,0x0c,0x0c,
0x02,0x00,0x00,0x03,0x0f,0x0c,0x0c,0x0c,0x02,0x00,0x00,0x01,0x0c,0x0c,0x0c,0x0c,
0x02,0x00,0x00,0x01,0x0c,0x0c,0x0c,0x0c,0x02,0x00,0x00,0x01,0x0c,0x0c,0x0c,0x0c,
0x09,0x08,0x08,0x08,0x08,0x08,0x06,0x00,0x0c,0x0c,0x0c,0x0c,0x0c,0x0c,0x01,0x00,
0x0c,0x0c,0x0c,0x0c,0x0c,0x0c,0x01,0x00,0x0c,0x0c,0x0c,0x0c,0x0c,0x0c,0x01,0x00,
0x00,0x00,0x00,0x00,0x00,0x01,0x0c,0x0c,0x00,0x00,0x00,0x00,0x00,0x01,0x0c,0x0c,
0x00,0x00,0x00,0x00,0x00,0x01,0x0c,0x0c,0x00,0x00,0x00,0x00,0x00,0x01,0x0c,0x0c,
0x0c,0x00,0x00,0x00,0x00,0x00,0x00,0x02,0x0c,0x00,0x00,0x00,0x00,0x00,0x00,0x02,
0x0c,0x00,0x00,0x00,0x00,0x00,0x00,0x02,0x0c,0x00,0x00,0x00,0x00,0x00,0x00,0x02,
0x0c,0x0c,0x02,0x00,0x00,0x00,0x00,0x00,0x0c,0x0c,0x0c,0x0c,0x0c,0x0c,0x0c,0x0c,
0x0c,0x0c,0x0c,0x0c,0x0c,0x0c,0x0c,0x0c,0x0c,0x0c,0x0c,0x0c,0x0c,0x0c,0x0c,0x0c,
0x00,0x00,0x00,0x0c,0x0c,0x0c,0x02,0x00,0x0c,0x00,0x00,0x0c,0x0c,0x0c,0x02,0x00,
0x0c,0x00,0x00,0x0c,0x0c,0x0c,0x02,0x00,0x0c,0x00,0x00,0x0c,0x0c,0x0c,0x02,0x00,
0x00,0x00,0x0c,0x0c,0x0c,0x02,0x00,0x00,0x00,0x00,0x0c,0x0c,0x0c,0x02,0x00,0x00,
0x00,0x00,0x0c,0x0c,0x0c,0x02,0x00,0x00,0x00,0x00,0x0c,0x0c,0x0c,0x02,0x00,0x00,
0x0c,0x0c,0x0c,0x01,0x00,0x03,0x0c,0x0c,0x0c,0x0c,0x0c,0x0d,0x00,0x00,0x07,0x0c,
0x0c,0x0c,0x0c,0x02,0x00,0x00,0x09,0x0c,0x0c,0x0c,0x0c,0x02,0x00,0x00,0x06,0x0c,
0x0c,0x01,0x02,0x0c,0x0c,0x01,0x00,0x06,0x0c,0x07,0x0e,0x0c,0x0c,0x01,0x00,0x08,
0x0c,0x0c,0x0c,0x0c,0x0c,0x01,0x00,0x06,0x0c,0x0c,0x0c,0x0c,0x0c,0x01,0x00,0x00,
0x01,0x01,0x01,0x06,0x00,0x00,0x00,0x0a,0x0c,0x0c,0x0c,0x0b,0x00,0x00,0x00,0x01,
0x0c,0x0c,0x0c,0x0c,0x07,0x02,0x0f,0x0c,0x02,0x0c,0x0c,0x0c,0x0c,0x0c,0x0c,0x0c,
0x0c,0x0c,0x0c,0x08,0x00,0x02,0x0c,0x0c,0x0c,0x0c,0x0c,0x08,0x00,0x02,0x0c,0x0c,
0x0c,0x0c,0x0c,0x06,0x00,0x02,0x0c,0x0c,0x0c,0x0c,0x0d,0x00,0x00,0x02,0x0c,0x0c,
0x02,0x00,0x00,0x00,0x00,0x00,0x00,0x00,0x02,0x00,0x00,0x00,0x00,0x00,0x00,0x00,
0x0c,0x0c,0x0c,0x0c,0x0c,0x0c,0x0c,0x00,0x0c,0x0c,0x0c,0x0c,0x0c,0x0c,0x0c,0x00,
0x00,0x00,0x0c,0x0c,0x0c,0x02,0x00,0x00,0x00,0x00,0x0c,0x0c,0x0c,0x02,0x00,0x00,
0x00,0x00,0x0c,0x0c,0x0c,0x02,0x00,0x00,0x00,0x00,0x0c,0x0c,0x0c,0x02,0x00,0x00,
0x00,0x02,0x0c,0x0c,0x02,0x00,0x00,0x00,0x00,0x02,0x0c,0x0c,0x02,0x00,0x00,0x00,
0x00,0x02,0x0c,0x0c,0x0c,0x0c,0x0c,0x0c,0x00,0x02,0x0c,0x0c,0x0c,0x0c,0x0c,0x0c,
0x00,0x00,0x00,0x00,0x00,0x00,0x00,0x00,0x00,0x00,0x00,0x00,0x00,0x00,0x00,0x00,
0x0c,0x0c,0x0c,0x00,0x00,0x00,0x00,0x00,0x0c,0x0c,0x0c,0x00,0x00,0x00,0x00,0x00,
0x00,0x01,0x0c,0x0c,0x0c,0x04,0x00,0x00,0x00,0x01,0x0c,0x0c,0x0c,0x00,0x00,0x00,
0x00,0x01,0x0c,0x0c,0x0c,0x00,0x00,0x00,0x00,0x01,0x0c,0x0c,0x0c,0x00,0x00,0x00,
0x00,0x00,0x00,0x00,0x0a,0x0c,0x0c,0x0c,0x00,0x00,0x00,0x03,0x0f,0x0c,0x0c,0x0c,
0x00,0x00,0x00,0x01,0x0c,0x0c,0x0c,0x0c,0x00,0x00,0x00,0x01,0x0c,0x0c,0x0c,0x0c,
0x0f,0x03,0x00,0x00,0x00,0x00,0x00,0x00,0x09,0x08,0x08,0x08,0x08,0x08,0x06,0x00,
0x0c,0x0c,0x0c,0x0c,0x0c,0x0c,0x01,0x00,0x0c,0x0c,0x0c,0x0c,0x0c,0x0c,0x01,0x00,
0x00,0x00,0x00,0x00,0x00,0x00,0x00,0x00,0x00,0x00,0x00,0x00,0x00,0x00,0x00,0x00,
0x00,0x00,0x00,0x00,0x08,0x03,0x00,0x00,0x00,0x00,0x00,0x00,0x0e,0x0c,0x05,0x04,
0x00,0x00,0x00,0x00,0x00,0x00,0x00,0x00,0x00,0x00,0x00,0x00,0x00,0x00,0x00,0x00,
0x00,0x00,0x00,0x00,0x00,0x00,0x00,0x00,0x00,0x00,0x00,0x00,0x00,0x00,0x00,0x00,
0x00,0x00,0x00,0x00,0x00,0x00,0x00,0x00,0x00,0x00,0x00,0x00,0x00,0x00,0x00,0x00,
0x00,0x00,0x00,0x06,0x0a,0x00,0x00,0x00,0x00,0x00,0x01,0x0f,0x0f,0x04,0x00,0x00,
0x00,0x00,0x00,0x00,0x00,0x00,0x00,0x00,0x00,0x00,0x00,0x00,0x00,0x00,0x00,0x00,
0x00,0x00,0x00,0x00,0x00,0x00,0x08,0x01,0x00,0x00,0x00,0x00,0x04,0x0e,0x0c,0x0c,
0x00,0x00,0x00,0x00,0x00,0x00,0x00,0x00,0x00,0x00,0x00,0x00,0x00,0x00,0x00,0x00,
0x01,0x01,0x01,0x01,0x01,0x03,0x00,0x00,0x0c,0x0c,0x0c,0x0c,0x0c,0x0c,0x01,0x00,
0x00,0x00,0x00,0x00,0x00,0x00,0x00,0x00,0x00,0x00,0x00,0x00,0x00,0x00,0x00,0x00,
0x00,0x00,0x00,0x00,0x09,0x06,0x00,0x00,0x00,0x00,0x00,0x06,0x07,0x0c,0x0d,0x0e,
0x00,0x00,0x00,0x00,0x00,0x00,0x00,0x00,0x00,0x00,0x00,0x00,0x00,0x00,0x00,0x00,
0x06,0x09,0x00,0x00,0x00,0x00,0x00,0x00,0x0c,0x02,0x04,0x00,0x00,0x00,0x00,0x00,
0x00,0x00,0x00,0x00,0x00,0x00,0x00,0x00,0x00,0x00,0x00,0x00,0x00,0x00,0x00,0x00,
0x00,0x00,0x00,0x00,0x0b,0x02,0x01,0x00,0x00,0x00,0x00,0x04,0x07,0x08,0x0e,0x08,
0x00,0x00,0x00,0x00,0x00,0x00,0x00,0x00,0x00,0x00,0x00,0x00,0x00,0x00,0x00,0x00,
0x00,0x00,0x00,0x00,0x00,0x00,0x00,0x00,0x00,0x00,0x00,0x00,0x00,0x00,0x00,0x00,
0x00,0x00,0x00,0x00,0x00,0x00,0x00,0x00,0x00,0x00,0x00,0x00,0x00,0x00,0x00,0x00,
0x00,0x04,0x09,0x0d,0x08,0x00,0x00,0x04,0x00,0x0d,0x0c,0x0c,0x0c,0x02,0x01,0x0c,
0x00,0x00,0x00,0x00,0x00,0x00,0x00,0x00,0x00,0x00,0x00,0x00,0x00,0x00,0x00,0x00,
0x00,0x00,0x00,0x00,0x00,0x00,0x00,0x00,0x09,0x00,0x00,0x00,0x00,0x00,0x00,0x00,
0x00,0x00,0x00,0x00,0x00,0x00,0x00,0x00,0x00,0x00,0x00,0x00,0x00,0x00,0x00,0x00,
0x00,0x00,0x00,0x04,0x01,0x06,0x00,0x00,0x00,0x00,0x09,0x0f,0x0c,0x0c,0x01,0x04,
0x00,0x00,0x00,0x00,0x00,0x00,0x00,0x00,0x00,0x00,0x00,0x00,0x00,0x00,0x00,0x00,
0x00,0x00,0x00,0x00,0x00,0x00,0x00,0x00,0x00,0x00,0x00,0x00,0x00,0x00,0x00,0x00,
0x00,0x00,0x00,0x00,0x00,0x00,0x00,0x00,0x00,0x00,0x00,0x00,0x00,0x00,0x00,0x00,
0x00,0x00,0x0a,0x04,0x00,0x00,0x00,0x00,0x00,0x06,0x0c,0x0f,0x01,0x00,0x00,0x00,
0x00,0x00,0x00,0x00,0x00,0x00,0x00,0x00,0x00,0x00,0x00,0x00,0x00,0x00,0x00,0x00,
0x00,0x00,0x00,0x0a,0x01,0x01,0x01,0x01,0x00,0x00,0x00,0x02,0x0c,0x0c,0x0c,0x0c,
0x00,0x00,0x00,0x00,0x00,0x00,0x00,0x00,0x00,0x00,0x00,0x00,0x00,0x00,0x00,0x00,
0x01,0x01,0x01,0x01,0x01,0x00,0x00,0x00,0x0c,0x0c,0x0c,0x0c,0x0c,0x00,0x00,0x00,
0x00,0x00,0x00,0x00,0x00,0x00,0x00,0x00,0x00,0x00,0x00,0x00,0x00,0x00,0x00,0x00,
0x00,0x00,0x00,0x00,0x00,0x00,0x0a,0x04,0x00,0x00,0x00,0x00,0x03,0x02,0x0c,0x01,
0x00,0x00,0x00,0x00,0x00,0x00,0x00,0x00,0x00,0x00,0x00,0x00,0x00,0x00,0x00,0x00,
0x00,0x00,0x00,0x00,0x00,0x00,0x00,0x00,0x00,0x00,0x00,0x00,0x00,0x00,0x00,0x00,
0x00,0x00,0x00,0x00,0x00,0x00,0x00,0x00,0x00,0x00,0x00,0x00,0x00,0x00,0x00,0x00,
0x00,0x00,0x00,0x00,0x09,0x00,0x00,0x00,0x00,0x00,0x00,0x0b,0x0c,0x07,0x0b,0x00,
0x00,0x00,0x00,0x0c,0x0c,0x0c,0x02,0x00,0x00,0x00,0x00,0x00,0x00,0x00,0x00,0x00,
0x00,0x00,0x00,0x00,0x00,0x00,0x00,0x00,0x00,0x00,0x00,0x00,0x00,0x00,0x00,0x00,
0x00,0x00,0x0c,0x0c,0x0c,0x02,0x00,0x00,0x00,0x00,0x00,0x00,0x00,0x00,0x00,0x00,
0x00,0x00,0x00,0x00,0x00,0x08,0x03,0x00,0x00,0x00,0x00,0x06,0x05,0x0c,0x02,0x00,
0x0c,0x0c,0x0c,0x02,0x00,0x00,0x00,0x02,0x00,0x00,0x00,0x00,0x00,0x00,0x00,0x00,
0x00,0x00,0x00,0x00,0x00,0x00,0x00,0x00,0x00,0x00,0x00,0x00,0x00,0x00,0x00,0x00,
0x0c,0x0c,0x0c,0x0c,0x0c,0x01,0x00,0x00,0x00,0x00,0x00,0x00,0x00,0x00,0x00,0x00,
0x00,0x00,0x00,0x08,0x08,0x00,0x00,0x00,0x00,0x06,0x0d,0x0c,0x05,0x00,0x00,0x00,
0x04,0x05,0x0c,0x0c,0x0c,0x0c,0x0c,0x0c,0x00,0x00,0x00,0x00,0x00,0x00,0x00,0x00,
0x00,0x00,0x00,0x00,0x00,0x00,0x00,0x00,0x00,0x00,0x00,0x00,0x00,0x00,0x08,0x07,
0x0e,0x01,0x04,0x00,0x00,0x02,0x0c,0x0c,0x00,0x00,0x00,0x00,0x00,0x00,0x00,0x00,
0x09,0x08,0x00,0x00,0x00,0x00,0x00,0x00,0x0c,0x0c,0x05,0x06,0x00,0x00,0x00,0x00,
0x0c,0x0c,0x0c,0x0c,0x0c,0x0c,0x0c,0x00,0x00,0x00,0x00,0x00,0x00,0x00,0x00,0x00,
0x00,0x00,0x03,0x01,0x01,0x01,0x01,0x01,0x00,0x02,0x0c,0x0c,0x0c,0x0c,0x0c,0x0c,
0x00,0x00,0x0c,0x0c,0x0c,0x02,0x00,0x00,0x00,0x00,0x00,0x00,0x00,0x00,0x00,0x00,
0x01,0x01,0x01,0x01,0x0a,0x00,0x00,0x00,0x0c,0x0c,0x0c,0x0c,0x02,0x00,0x00,0x00,
0x00,0x02,0x0c,0x0c,0x0c,0x0c,0x0c,0x0c,0x00,0x00,0x00,0x00,0x00,0x00,0x00,0x00,
0x00,0x00,0x06,0x01,0x01,0x01,0x01,0x01,0x00,0x00,0x09,0x0c,0x0c,0x0c,0x0c,0x0c,
0x0c,0x0c,0x0c,0x00,0x00,0x00,0x00,0x00,0x00,0x00,0x00,0x00,0x00,0x00,0x00,0x00,
0x03,0x00,0x00,0x00,0x00,0x00,0x00,0x00,0x05,0x00,0x00,0x00,0x00,0x00,0x00,0x00,
0x00,0x01,0x0c,0x0c,0x0c,0x00,0x00,0x00,0x00,0x00,0x00,0x00,0x00,0x00,0x00,0x00,
0x00,0x02,0x02,0x00,0x03,0x02,0x01,0x00,0x00,0x0c,0x0c,0x00,0x08,0x0c,0x02,0x00,
0x00,0x00,0x00,0x01,0x0c,0x0c,0x0c,0x0c,0x00,0x00,0x00,0x00,0x00,0x00,0x00,0x00,
0x00,0x00,0x01,0x01,0x01,0x00,0x00,0x00,0x00,0x00,0x0c,0x0c,0x0c,0x00,0x00,0x00,
0x0c,0x0c,0x0c,0x0c,0x0c,0x0c,0x01,0x00,0x00,0x00,0x00,0x00,0x00,0x00,0x00,0x00,
0x00,0x00,0x00,0x00,0x00,0x00,0x00,0x00,0x00,0x00,0x00,0x00,0x00,0x00,0x00,0x00,
0x00,0x00,0x00,0x00,0x01,0x07,0x0c,0x0f,0x00,0x00,0x00,0x00,0x00,0x00,0x03,0x01,
0x00,0x0a,0x01,0x01,0x01,0x01,0x01,0x01,0x00,0x02,0x0c,0x0c,0x0c,0x0c,0x0c,0x0c,
0x03,0x00,0x00,0x00,0x00,0x00,0x00,0x00,0x00,0x00,0x00,0x00,0x00,0x00,0x00,0x00,
0x01,0x01,0x01,0x00,0x01,0x01,0x01,0x01,0x0c,0x0c,0x0c,0x00,0x0c,0x0c,0x0c,0x0c,
0x00,0x07,0x0c,0x0f,0x05,0x06,0x00,0x00,0x00,0x0a,0x0b,0x00,0x00,0x00,0x00,0x00,
0x01,0x01,0x06,0x00,0x00,0x00,0x01,0x01,0x0c,0x0c,0x01,0x00,0x00,0x00,0x0c,0x0c,
0x00,0x00,0x00,0x00,0x02,0x0c,0x0c,0x0c,0x00,0x00,0x00,0x03,0x0c,0x0c,0x0c,0x0c,
0x01,0x08,0x00,0x08,0x0c,0x0c,0x0c,0x01,0x0c,0x01,0x00,0x0a,0x0c,0x0c,0x0c,0x0b,
0x0c,0x0c,0x0c,0x0c,0x0c,0x0c,0x0c,0x06,0x05,0x01,0x01,0x0f,0x0c,0x0c,0x0c,0x0a,
0x00,0x00,0x00,0x0b,0x0c,0x0c,0x0c,0x01,0x00,0x00,0x00,0x04,0x08,0x08,0x08,0x06,
0x00,0x00,0x00,0x00,0x00,0x01,0x0f,0x0f,0x00,0x00,0x00,0x00,0x00,0x00,0x06,0x04,
0x00,0x06,0x01,0x01,0x01,0x01,0x01,0x01,0x00,0x08,0x0c,0x0c,0x0c,0x0c,0x0c,0x0c,
0x0a,0x00,0x00,0x00,0x00,0x00,0x00,0x00,0x00,0x00,0x00,0x00,0x00,0x00,0x00,0x00,
0x01,0x01,0x01,0x01,0x08,0x00,0x00,0x00,0x0c,0x0c,0x0c,0x0c,0x01,0x00,0x00,0x00,
0x00,0x00,0x00,0x04,0x07,0x08,0x0e,0x03,0x00,0x00,0x00,0x00,0x0b,0x02,0x01,0x00,
0x00,0x00,0x06,0x01,0x01,0x01,0x01,0x01,0x00,0x00,0x09,0x0c,0x0c,0x0c,0x0c,0x0c,
0x00,0x00,0x00,0x00,0x00,0x00,0x00,0x00,0x00,0x00,0x00,0x00,0x00,0x00,0x00,0x00,
0x03,0x00,0x00,0x00,0x00,0x00,0x01,0x01,0x05,0x00,0x00,0x00,0x00,0x00,0x0c,0x0c,
0x00,0x0a,0x01,0x04,0x01,0x0f,0x0c,0x0f,0x00,0x00,0x00,0x00,0x00,0x04,0x08,0x04,
0x01,0x01,0x01,0x01,0x06,0x00,0x00,0x00,0x0c,0x0c,0x0c,0x0c,0x01,0x00,0x00,0x00,
0x03,0x00,0x00,0x00,0x00,0x00,0x00,0x00,0x00,0x00,0x00,0x00,0x00,0x00,0x00,0x00,
0x01,0x01,0x01,0x08,0x00,0x00,0x00,0x00,0x0c,0x0c,0x0c,0x01,0x00,0x00,0x00,0x00,
0x00,0x09,0x0c,0x05,0x0b,0x05,0x0f,0x05,0x00,0x04,0x04,0x00,0x00,0x00,0x00,0x06,
0x00,0x06,0x01,0x01,0x01,0x01,0x01,0x03,0x00,0x09,0x0c,0x0c,0x0c,0x0c,0x0c,0x05,
0x00,0x00,0x00,0x00,0x00,0x00,0x00,0x00,0x00,0x00,0x00,0x00,0x00,0x00,0x00,0x00,
0x00,0x00,0x00,0x00,0x00,0x00,0x00,0x00,0x00,0x00,0x00,0x00,0x00,0x00,0x04,0x02,
0x00,0x06,0x05,0x0f,0x0c,0x07,0x00,0x00,0x00,0x00,0x00,0x00,0x0b,0x09,0x00,0x00,
0x03,0x01,0x01,0x01,0x01,0x01,0x0a,0x06,0x0c,0x0c,0x0c,0x0c,0x0c,0x0c,0x0c,0x0c,
0x00,0x00,0x00,0x02,0x0c,0x0c,0x0c,0x0c,0x00,0x00,0x00,0x02,0x0c,0x0c,0x07,0x01,
0x00,0x00,0x00,0x02,0x0c,0x0c,0x02,0x00,0x01,0x00,0x00,0x02,0x0c,0x0c,0x02,0x00,
0x0c,0x0c,0x0c,0x0c,0x0c,0x00,0x00,0x00,0x01,0x01,0x01,0x01,0x01,0x00,0x00,0x00,
0x00,0x00,0x00,0x00,0x00,0x00,0x00,0x00,0x00,0x00,0x00,0x00,0x00,0x00,0x00,0x00,
0x00,0x00,0x00,0x09,0x0c,0x0c,0x0e,0x0a,0x00,0x00,0x00,0x03,0x0a,0x06,0x00,0x00,
0x00,0x00,0x06,0x01,0x01,0x01,0x01,0x01,0x00,0x00,0x09,0x0c,0x0c,0x0c,0x0c,0x0c,
0x00,0x00,0x00,0x00,0x00,0x00,0x00,0x00,0x00,0x00,0x00,0x00,0x00,0x00,0x00,0x00,
0x03,0x00,0x00,0x00,0x00,0x00,0x00,0x00,0x05,0x00,0x00,0x00,0x00,0x00,0x00,0x00,
0x00,0x00,0x00,0x08,0x0d,0x0c,0x0c,0x05,0x00,0x00,0x00,0x00,0x00,0x04,0x0a,0x08,
0x00,0x00,0x06,0x01,0x01,0x01,0x01,0x01,0x00,0x00,0x09,0x0c,0x0c,0x0c,0x0c,0x0c,
0x00,0x00,0x00,0x00,0x00,0x00,0x00,0x00,0x00,0x00,0x00,0x00,0x00,0x00,0x00,0x00,
0x03,0x00,0x00,0x00,0x00,0x00,0x00,0x00,0x05,0x00,0x00,0x00,0x00,0x00,0x00,0x04,
0x00,0x00,0x08,0x0f,0x0c,0x07,0x01,0x00,0x00,0x00,0x04,0x09,0x03,0x00,0x00,0x00,
0x00,0x03,0x01,0x01,0x01,0x01,0x01,0x0a,0x02,0x0c,0x0c,0x0c,0x0c,0x0c,0x0c,0x0c,
0x00,0x00,0x00,0x00,0x00,0x00,0x00,0x00,0x00,0x00,0x00,0x00,0x00,0x00,0x00,0x00,
0x06,0x00,0x00,0x00,0x00,0x00,0x00,0x08,0x0c,0x01,0x00,0x00,0x00,0x04,0x0e,0x0c,
0x08,0x0c,0x0c,0x0e,0x01,0x00,0x00,0x00,0x06,0x09,0x06,0x00,0x00,0x00,0x00,0x00,
0x01,0x01,0x01,0x01,0x01,0x01,0x03,0x00,0x0c,0x0c,0x0c,0x0c,0x0c,0x0c,0x0c,0x01,
0x00,0x00,0x00,0x00,0x00,0x0b,0x0c,0x02,0x00,0x00,0x00,0x00,0x00,0x00,0x06,0x00,
0x00,0x00,0x00,0x00,0x00,0x03,0x01,0x01,0x00,0x00,0x00,0x04,0x02,0x0c,0x0c,0x0c,
0x0a,0x01,0x07,0x07,0x00,0x00,0x00,0x00,0x00,0x00,0x00,0x03,0x00,0x00,0x00,0x00,
0x01,0x01,0x01,0x0a,0x06,0x00,0x00,0x00,0x0c,0x0c,0x0c,0x0c,0x0c,0x01,0x00,0x00,
0x01,0x0c,0x0c,0x0c,0x0c,0x0c,0x0c,0x0c,0x0e,0x0c,0x0c,0x0d,0x03,0x00,0x00,0x0c,
0x0c,0x0c,0x0c,0x0b,0x00,0x00,0x00,0x0c,0x0c,0x0c,0x0c,0x08,0x00,0x00,0x00,0x0c,
0x0c,0x0c,0x0c,0x0c,0x02,0x00,0x00,0x00,0x0c,0x08,0x08,0x0c,0x02,0x00,0x00,0x00,
0x0c,0x08,0x08,0x0c,0x02,0x00,0x00,0x00,0x0c,0x08,0x08,0x0c,0x02,0x00,0x00,0x00,
0x00,0x00,0x0e,0x0c,0x0c,0x0c,0x0c,0x0c,0x00,0x04,0x0c,0x0c,0x0c,0x0e,0x0c,0x0c,
0x00,0x0a,0x0c,0x0c,0x0c,0x08,0x0c,0x0c,0x00,0x0d,0x0c,0x0c,0x0f,0x00,0x0d,0x0c,
0x0f,0x00,0x00,0x00,0x00,0x00,0x00,0x00,0x0c,0x03,0x00,0x00,0x00,0x00,0x00,0x01,
0x0c,0x01,0x00,0x00,0x00,0x00,0x00,0x07,0x0c,0x0e,0x00,0x00,0x00,0x00,0x00,0x01,
0x00,0x00,0x00,0x00,0x00,0x00,0x00,0x00,0x01,0x01,0x06,0x00,0x00,0x08,0x01,0x01,
0x0c,0x0c,0x0b,0x00,0x00,0x05,0x0c,0x0c,0x0c,0x0c,0x01,0x00,0x00,0x0e,0x0c,0x0c,
0x00,0x00,0x0c,0x0c,0x0c,0x00,0x00,0x00,0x0a,0x00,0x0c,0x0c,0x0c,0x00,0x00,0x00,
0x01,0x00,0x0c,0x0c,0x0c,0x04,0x0a,0x01,0x08,0x00,0x0c,0x0c,0x0c,0x05,0x0c,0x0c,
0x00,0x00,0x00,0x00,0x00,0x00,0x00,0x00,0x00,0x00,0x00,0x00,0x00,0x00,0x00,0x00,
0x01,0x0b,0x00,0x00,0x00,0x00,0x00,0x00,0x0c,0x0c,0x05,0x00,0x00,0x00,0x00,0x00,
0x00,0x02,0x0c,0x0c,0x0c,0x0c,0x0c,0x0c,0x00,0x02,0x0c,0x0c,0x07,0x01,0x01,0x01,
0x00,0x02,0x0c,0x0c,0x02,0x00,0x00,0x00,0x00,0x02,0x0c,0x0c,0x02,0x00,0x00,0x00,
0x0c,0x0c,0x0c,0x00,0x0c,0x0c,0x0c,0x0c,0x01,0x01,0x01,0x00,0x0c,0x0c,0x0c,0x0f,
0x00,0x00,0x00,0x00,0x0c,0x0c,0x0c,0x01,0x00,0x00,0x00,0x00,0x0c,0x0c,0x0c,0x01,
0x0c,0x0c,0x0f,0x00,0x00,0x00,0x0c,0x0c,0x0c,0x0c,0x0c,0x0b,0x00,0x00,0x0c,0x0c,
0x0c,0x0c,0x0c,0x0d,0x00,0x00,0x0c,0x0c,0x0d,0x0c,0x0c,0x0c,0x04,0x00,0x0c,0x0c,
0x0c,0x01,0x00,0x01,0x0c,0x0c,0x0c,0x08,0x0c,0x01,0x00,0x01,0x0c,0x0c,0x0c,0x08,
0x0c,0x01,0x00,0x01,0x0c,0x0c,0x0c,0x08,0x0c,0x01,0x00,0x08,0x0c,0x0c,0x0c,0x09,
0x00,0x00,0x00,0x00,0x00,0x00,0x00,0x00,0x00,0x00,0x00,0x00,0x00,0x00,0x00,0x00,
0x00,0x00,0x00,0x00,0x00,0x00,0x00,0x00,0x00,0x00,0x00,0x08,0x0c,0x0c,0x0c,0x01,
0x00,0x08,0x0c,0x0c,0x0c,0x0c,0x0c,0x0c,0x00,0x03,0x02,0x02,0x02,0x02,0x02,0x0e,
0x00,0x00,0x00,0x00,0x00,0x00,0x04,0x0e,0x00,0x00,0x00,0x00,0x00,0x00,0x0e,0x0c,
0x0c,0x0c,0x0c,0x0c,0x01,0x00,0x00,0x00,0x0c,0x0c,0x0c,0x0c,0x0a,0x00,0x00,0x00,
0x0c,0x0c,0x0c,0x05,0x00,0x00,0x00,0x00,0x0c,0x0c,0x05,0x00,0x00,0x00,0x00,0x00,
0x00,0x00,0x0e,0x0c,0x0c,0x0c,0x0c,0x0c,0x00,0x04,0x0c,0x0c,0x0c,0x0e,0x0c,0x0c,
0x00,0x0a,0x0c,0x0c,0x0c,0x08,0x0c,0x0c,0x00,0x0d,0x0c,0x0c,0x0f,0x00,0x0d,0x0c,
0x0f,0x00,0x00,0x00,0x00,0x00,0x0c,0x0c,0x0c,0x03,0x00,0x00,0x00,0x00,0x0c,0x0c,
0x0c,0x01,0x00,0x00,0x00,0x00,0x0c,0x0c,0x0c,0x0e,0x00,0x00,0x00,0x00,0x0c,0x0c,
0x0c,0x0c,0x0c,0x0c,0x0f,0x00,0x00,0x00,0x0c,0x0f,0x0c,0x0c,0x0c,0x0b,0x00,0x00,
0x0c,0x01,0x0c,0x0c,0x0c,0x0d,0x00,0x00,0x0c,0x01,0x0d,0x0c,0x0c,0x0c,0x04,0x00,
0x0c,0x0c,0x0c,0x01,0x00,0x00,0x00,0x00,0x0c,0x0c,0x0c,0x01,0x00,0x00,0x00,0x00,
0x0c,0x0c,0x0c,0x01,0x00,0x00,0x00,0x00,0x0c,0x0c,0x0c,0x01,0x00,0x00,0x00,0x00,
0x00,0x0e,0x0c,0x0c,0x0c,0x0c,0x0c,0x0f,0x04,0x0c,0x0c,0x0c,0x0e,0x0c,0x0c,0x0c,
0x0a,0x0c,0x0c,0x0c,0x08,0x0c,0x0c,0x0c,0x0d,0x0c,0x0c,0x0f,0x00,0x0d,0x0c,0x0c,
0x00,0x00,0x00,0x00,0x00,0x00,0x02,0x0c,0x03,0x00,0x00,0x00,0x00,0x03,0x0c,0x0c,
0x01,0x00,0x00,0x00,0x00,0x0a,0x0c,0x0c,0x0e,0x00,0x00,0x00,0x00,0x01,0x0c,0x0c,
0x0c,0x0c,0x0c,0x0c,0x0c,0x0c,0x0c,0x0c,0x0c,0x0c,0x05,0x01,0x01,0x02,0x0c,0x0c,
0x0c,0x01,0x00,0x00,0x00,0x00,0x0e,0x0c,0x0c,0x08,0x00,0x00,0x00,0x00,0x02,0x0c,
0x0c,0x01,0x00,0x02,0x0c,0x0c,0x0c,0x0c,0x0c,0x07,0x00,0x02,0x0c,0x0c,0x0c,0x0c,
0x0c,0x0c,0x00,0x02,0x0c,0x0c,0x07,0x01,0x0c,0x0c,0x00,0x02,0x0c,0x0c,0x02,0x00,
0x0c,0x0c,0x0c,0x0c,0x01,0x00,0x00,0x00,0x0c,0x0c,0x0c,0x0c,0x01,0x00,0x00,0x00,
0x01,0x01,0x01,0x01,0x08,0x00,0x00,0x00,0x00,0x00,0x00,0x00,0x00,0x00,0x00,0x00,
0x00,0x00,0x0e,0x0c,0x0c,0x0c,0x0c,0x0c,0x00,0x04,0x0c,0x0c,0x0c,0x0e,0x0c,0x0c,
0x00,0x0a,0x0c,0x0c,0x0c,0x08,0x0c,0x0c,0x00,0x0d,0x0c,0x0c,0x0f,0x00,0x0d,0x0c,
0x0f,0x00,0x00,0x00,0x00,0x00,0x00,0x00,0x0c,0x03,0x00,0x00,0x00,0x00,0x00,0x00,
0x0c,0x01,0x00,0x00,0x00,0x00,0x00,0x00,0x0c,0x0e,0x00,0x00,0x00,0x00,0x00,0x00,
0x00,0x00,0x0e,0x0c,0x0c,0x0c,0x0c,0x0c,0x00,0x04,0x0c,0x0c,0x0c,0x0e,0x0c,0x0c,
0x00,0x0a,0x0c,0x0c,0x0c,0x08,0x0c,0x0c,0x00,0x0d,0x0c,0x0c,0x0f,0x00,0x0d,0x0c,
0x0f,0x00,0x00,0x00,0x00,0x00,0x00,0x02,0x0c,0x03,0x00,0x00,0x00,0x00,0x03,0x0c,
0x0c,0x01,0x00,0x00,0x00,0x00,0x0a,0x0c,0x0c,0x0e,0x00,0x00,0x00,0x00,0x01,0x0c,
0x0c,0x0c,0x0c,0x0c,0x0c,0x0c,0x0c,0x0c,0x0c,0x0c,0x0c,0x05,0x01,0x01,0x02,0x0c,
0x0c,0x0c,0x01,0x00,0x00,0x00,0x00,0x0e,0x0c,0x0c,0x08,0x00,0x00,0x00,0x00,0x02,
0x0c,0x0c,0x01,0x00,0x00,0x02,0x0c,0x0c,0x0c,0x0c,0x07,0x00,0x03,0x0c,0x0c,0x0c,
0x0c,0x0c,0x0c,0x00,0x08,0x0c,0x0c,0x0c,0x0c,0x0c,0x0c,0x00,0x0a,0x0c,0x0c,0x0c,
0x0c,0x0c,0x0c,0x0c,0x0c,0x0c,0x0c,0x0c,0x0c,0x05,0x01,0x01,0x0f,0x0c,0x0c,0x0c,
0x01,0x00,0x00,0x00,0x0b,0x0c,0x0c,0x0c,0x0b,0x00,0x00,0x00,0x04,0x08,0x08,0x08,
0x06,0x00,0x00,0x02,0x0c,0x0c,0x0c,0x0c,0x0a,0x00,0x03,0x0c,0x0c,0x0c,0x0c,0x05,
0x01,0x00,0x0a,0x0c,0x0c,0x0c,0x01,0x00,0x06,0x00,0x01,0x0c,0x0c,0x0c,0x08,0x00,
0x0c,0x0c,0x0c,0x0c,0x0c,0x0c,0x01,0x00,0x01,0x01,0x02,0x0c,0x0c,0x0c,0x07,0x00,
0x00,0x00,0x00,0x0e,0x0c,0x0c,0x0c,0x00,0x00,0x00,0x00,0x02,0x0c,0x0c,0x0c,0x00,
0x0c,0x0c,0x0c,0x0b,0x00,0x00,0x00,0x0c,0x07,0x0c,0x0c,0x0d,0x08,0x08,0x08,0x0c,
0x05,0x0c,0x0c,0x0c,0x0c,0x0c,0x0c,0x0c,0x06,0x07,0x0c,0x0c,0x0c,0x0c,0x0c,0x0c,
0x0c,0x08,0x08,0x0c,0x02,0x00,0x00,0x00,0x0c,0x08,0x08,0x0c,0x02,0x00,0x00,0x00,
0x0c,0x08,0x08,0x0c,0x02,0x00,0x00,0x00,0x0c,0x08,0x08,0x0c,0x02,0x00,0x00,0x00,
0x00,0x0f,0x0c,0x0c,0x0d,0x00,0x09,0x0c,0x0b,0x0c,0x0c,0x0c,0x0a,0x00,0x06,0x0c,
0x01,0x0c,0x0c,0x0c,0x06,0x00,0x00,0x07,0x07,0x0c,0x0c,0x0c,0x0c,0x0c,0x0c,0x0c,
0x0c,0x0c,0x06,0x00,0x00,0x00,0x00,0x08,0x0c,0x0c,0x09,0x00,0x00,0x00,0x00,0x00,
0x0c,0x0c,0x0d,0x00,0x00,0x00,0x00,0x00,0x0c,0x0c,0x0c,0x04,0x00,0x00,0x00,0x00,
0x0c,0x0c,0x0e,0x00,0x00,0x0c,0x0c,0x0c,0x0f,0x0c,0x0c,0x04,0x08,0x0c,0x0c,0x0e,
0x05,0x0c,0x0c,0x0b,0x09,0x0c,0x0c,0x01,0x0a,0x0c,0x0c,0x01,0x05,0x0c,0x0c,0x0b,
0x00,0x00,0x0c,0x0c,0x0c,0x0c,0x02,0x0f,0x00,0x00,0x0c,0x0c,0x0c,0x08,0x00,0x04,
0x00,0x00,0x0c,0x0c,0x0c,0x00,0x00,0x00,0x00,0x00,0x0c,0x0c,0x0c,0x00,0x00,0x00,
0x0c,0x0c,0x0c,0x03,0x00,0x00,0x00,0x00,0x07,0x0c,0x0c,0x08,0x00,0x00,0x00,0x00,
0x02,0x0c,0x0c,0x01,0x00,0x00,0x00,0x00,0x02,0x0c,0x0c,0x01,0x00,0x00,0x00,0x00,
0x00,0x02,0x0c,0x0c,0x0c,0x0c,0x0c,0x0c,0x00,0x02,0x0c,0x0c,0x0c,0x0c,0x0c,0x0c,
0x00,0x02,0x0c,0x0c,0x07,0x01,0x01,0x01,0x00,0x02,0x0c,0x0c,0x02,0x00,0x00,0x00,
0x0c,0x0c,0x01,0x00,0x0c,0x0c,0x0c,0x01,0x0c,0x0c,0x01,0x00,0x0c,0x0c,0x0c,0x01,
0x01,0x01,0x08,0x00,0x0c,0x0c,0x0c,0x01,0x00,0x00,0x00,0x00,0x0c,0x0c,0x0c,0x01,
0x0b,0x0c,0x0c,0x0c,0x0a,0x00,0x0c,0x0c,0x00,0x0f,0x0c,0x0c,0x0e,0x00,0x0e,0x0c,
0x00,0x05,0x0c,0x0c,0x0c,0x06,0x02,0x0c,0x00,0x03,0x0c,0x0c,0x0c,0x01,0x02,0x0c,
0x0c,0x01,0x00,0x08,0x0c,0x0c,0x0c,0x0e,0x0c,0x01,0x00,0x04,0x0c,0x0c,0x0c,0x0c,
0x0c,0x01,0x00,0x00,0x01,0x0c,0x0c,0x0c,0x0c,0x01,0x00,0x00,0x00,0x0a,0x0e,0x0c,
0x06,0x00,0x00,0x01,0x0c,0x0c,0x0c,0x01,0x0c,0x0c,0x0c,0x0c,0x0c,0x0c,0x0c,0x0b,
0x0c,0x0c,0x0c,0x0c,0x0c,0x0c,0x0e,0x00,0x0c,0x0c,0x0c,0x0c,0x0f,0x05,0x04,0x00,
0x00,0x00,0x00,0x00,0x00,0x05,0x0c,0x0c,0x00,0x00,0x00,0x00,0x05,0x0c,0x0c,0x0c,
0x00,0x00,0x00,0x0a,0x0c,0x0c,0x0c,0x0f,0x00,0x00,0x0a,0x0c,0x0c,0x0c,0x0f,0x03,
0x0c,0x0e,0x04,0x00,0x00,0x00,0x00,0x00,0x0e,0x04,0x00,0x00,0x00,0x00,0x00,0x00,
0x04,0x00,0x00,0x00,0x00,0x00,0x00,0x00,0x00,0x00,0x00,0x00,0x00,0x00,0x00,0x00,
0x00,0x0f,0x0c,0x0c,0x0d,0x00,0x09,0x0c,0x0b,0x0c,0x0c,0x0c,0x0a,0x00,0x06,0x0c,
0x01,0x0c,0x0c,0x0c,0x06,0x00,0x00,0x07,0x07,0x0c,0x0c,0x0c,0x0c,0x0c,0x0c,0x0c,
0x0c,0x0c,0x06,0x00,0x00,0x00,0x0c,0x0c,0x0c,0x0c,0x09,0x00,0x00,0x00,0x0c,0x0c,
0x0c,0x0c,0x0d,0x00,0x00,0x00,0x0c,0x0c,0x0c,0x0c,0x0c,0x04,0x00,0x00,0x0c,0x0c,
0x0c,0x01,0x0b,0x0c,0x0c,0x0c,0x0a,0x00,0x0c,0x01,0x00,0x0f,0x0c,0x0c,0x0e,0x00,
0x0c,0x01,0x00,0x05,0x0c,0x0c,0x0c,0x06,0x0c,0x01,0x00,0x03,0x0c,0x0c,0x0c,0x01,
0x0c,0x0c,0x0c,0x01,0x00,0x00,0x00,0x00,0x0e,0x0c,0x0c,0x01,0x00,0x00,0x00,0x0b,
0x02,0x0c,0x0c,0x01,0x00,0x00,0x00,0x01,0x02,0x0c,0x0c,0x01,0x00,0x00,0x00,0x07,
0x0f,0x0c,0x0c,0x0d,0x00,0x09,0x0c,0x0c,0x0c,0x0c,0x0c,0x0a,0x00,0x06,0x0c,0x0c,
0x0c,0x0c,0x0c,0x06,0x00,0x00,0x07,0x0c,0x0c,0x0c,0x0c,0x0c,0x0c,0x0c,0x0c,0x0c,
0x0c,0x06,0x00,0x00,0x00,0x01,0x0c,0x0c,0x0c,0x09,0x00,0x00,0x00,0x01,0x0c,0x0c,
0x0c,0x0d,0x00,0x00,0x00,0x01,0x0c,0x0c,0x0c,0x0c,0x04,0x00,0x00,0x01,0x0c,0x0c,
0x0c,0x08,0x00,0x00,0x00,0x00,0x02,0x0c,0x0c,0x08,0x00,0x00,0x00,0x00,0x02,0x0c,
0x0c,0x08,0x00,0x00,0x00,0x00,0x02,0x0c,0x0c,0x0b,0x00,0x00,0x00,0x00,0x02,0x0c,
0x0c,0x0c,0x00,0x02,0x0c,0x0c,0x02,0x00,0x0c,0x0c,0x00,0x02,0x0c,0x0c,0x0c,0x0c,
0x0c,0x0c,0x00,0x02,0x0c,0x0c,0x0c,0x0c,0x0c,0x0c,0x00,0x02,0x0c,0x0c,0x0c,0x0c,
0x00,0x00,0x00,0x00,0x00,0x00,0x00,0x00,0x0c,0x0c,0x0c,0x0c,0x0c,0x00,0x00,0x00,
0x0c,0x0c,0x0c,0x0c,0x0c,0x00,0x00,0x00,0x0c,0x0c,0x0c,0x0c,0x0c,0x00,0x00,0x00,
0x00,0x0f,0x0c,0x0c,0x0d,0x00,0x09,0x0c,0x0b,0x0c,0x0c,0x0c,0x0a,0x00,0x06,0x0c,
0x01,0x0c,0x0c,0x0c,0x06,0x00,0x00,0x07,0x07,0x0c,0x0c,0x0c,0x0c,0x0c,0x0c,0x0c,
0x0c,0x0c,0x06,0x00,0x00,0x00,0x00,0x00,0x0c,0x0c,0x09,0x00,0x00,0x00,0x00,0x00,
0x0c,0x0c,0x0d,0x00,0x00,0x00,0x00,0x00,0x0c,0x0c,0x0c,0x04,0x00,0x00,0x00,0x00,
0x00,0x0f,0x0c,0x0c,0x0d,0x00,0x09,0x0c,0x0b,0x0c,0x0c,0x0c,0x0a,0x00,0x06,0x0c,
0x01,0x0c,0x0c,0x0c,0x06,0x00,0x00,0x07,0x07,0x0c,0x0c,0x0c,0x0c,0x0c,0x0c,0x0c,
0x0c,0x0c,0x06,0x00,0x00,0x00,0x01,0x0c,0x0c,0x0c,0x09,0x00,0x00,0x00,0x01,0x0c,
0x0c,0x0c,0x0d,0x00,0x00,0x00,0x01,0x0c,0x0c,0x0c,0x0c,0x04,0x00,0x00,0x01,0x0c,
0x0c,0x0c,0x08,0x00,0x00,0x00,0x00,0x02,0x0c,0x0c,0x08,0x00,0x00,0x00,0x00,0x02,
0x0c,0x0c,0x08,0x00,0x00,0x00,0x00,0x02,0x0c,0x0c,0x0b,0x00,0x00,0x00,0x00,0x02,
0x0c,0x0c,0x0c,0x00,0x01,0x0c,0x0c,0x0c,0x0c,0x0c,0x0c,0x00,0x01,0x0c,0x0c,0x0c,
0x0c,0x0c,0x0c,0x00,0x01,0x0c,0x0c,0x0c,0x0c,0x0c,0x0c,0x00,0x08,0x0c,0x0c,0x0c,
0x08,0x00,0x00,0x00,0x00,0x00,0x00,0x00,0x08,0x00,0x00,0x00,0x00,0x00,0x00,0x00,
0x08,0x00,0x00,0x00,0x00,0x00,0x00,0x00,0x09,0x00,0x00,0x00,0x08,0x0c,0x0c,0x0c,
0x00,0x00,0x01,0x0c,0x0c,0x0c,0x08,0x00,0x00,0x00,0x01,0x0c,0x0c,0x0c,0x08,0x00,
0x00,0x00,0x01,0x0c,0x0c,0x0c,0x08,0x00,0x01,0x00,0x01,0x0c,0x0c,0x0c,0x0b,0x00,
0x00,0x00,0x00,0x02,0x0c,0x0c,0x0c,0x00,0x00,0x00,0x00,0x02,0x0c,0x0c,0x0c,0x00,
0x00,0x00,0x00,0x02,0x0c,0x0c,0x0c,0x00,0x00,0x00,0x00,0x02,0x0c,0x0c,0x0c,0x00,
0x00,0x00,0x08,0x01,0x01,0x01,0x01,0x0c,0x00,0x00,0x00,0x00,0x00,0x00,0x00,0x0c,
0x00,0x00,0x00,0x00,0x00,0x00,0x00,0x0c,0x00,0x00,0x00,0x00,0x00,0x00,0x00,0x0c,
0x0c,0x08,0x08,0x0c,0x02,0x00,0x00,0x03,0x0c,0x08,0x08,0x0c,0x02,0x00,0x00,0x09,
0x0c,0x08,0x08,0x0c,0x02,0x00,0x00,0x0e,0x0c,0x08,0x08,0x0c,0x02,0x00,0x04,0x0c,
0x0c,0x0c,0x0c,0x0c,0x0c,0x0c,0x0c,0x0c,0x0c,0x0c,0x0c,0x0e,0x02,0x02,0x02,0x02,
0x0c,0x0c,0x0f,0x00,0x00,0x00,0x00,0x00,0x0c,0x0c,0x0d,0x00,0x00,0x00,0x00,0x00,
0x0c,0x0c,0x0c,0x0a,0x00,0x00,0x00,0x00,0x0c,0x0c,0x0c,0x05,0x00,0x00,0x00,0x00,
0x0d,0x0c,0x0c,0x0f,0x00,0x00,0x00,0x00,0x09,0x0c,0x0c,0x0c,0x08,0x00,0x00,0x00,
0x04,0x0c,0x0c,0x0e,0x0e,0x0c,0x0c,0x06,0x00,0x02,0x0c,0x0c,0x0c,0x0c,0x07,0x00,
0x00,0x09,0x0c,0x0c,0x0c,0x0c,0x05,0x00,0x00,0x00,0x00,0x02,0x0c,0x0c,0x09,0x00,
0x00,0x00,0x0c,0x0c,0x0c,0x04,0x00,0x00,0x00,0x00,0x0c,0x0c,0x0c,0x05,0x08,0x09,
0x00,0x00,0x0c,0x0c,0x0c,0x07,0x0c,0x0c,0x00,0x00,0x0c,0x0c,0x0c,0x03,0x0f,0x0c,
0x0e,0x0c,0x0c,0x08,0x00,0x00,0x00,0x00,0x0c,0x0c,0x0c,0x08,0x00,0x00,0x00,0x00,
0x0c,0x0c,0x0f,0x00,0x00,0x00,0x00,0x00,0x0c,0x07,0x03,0x00,0x00,0x00,0x00,0x00,
0x00,0x02,0x0c,0x0c,0x02,0x00,0x00,0x00,0x00,0x02,0x0c,0x0c,0x0c,0x0c,0x0c,0x0c,
0x00,0x02,0x0c,0x0c,0x0c,0x0c,0x0c,0x0c,0x00,0x02,0x0c,0x0c,0x0c,0x0c,0x0c,0x0c,
0x00,0x00,0x00,0x00,0x0c,0x0c,0x0c,0x0d,0x0c,0x0c,0x0c,0x00,0x0c,0x0c,0x0c,0x02,
0x0c,0x0c,0x0c,0x00,0x0c,0x0c,0x0c,0x02,0x0c,0x0c,0x0c,0x00,0x0c,0x0c,0x0c,0x02,
0x00,0x00,0x07,0x0c,0x0c,0x07,0x0e,0x0c,0x00,0x00,0x09,0x0c,0x0c,0x0c,0x0c,0x0c,
0x00,0x00,0x06,0x0c,0x0c,0x0c,0x0c,0x0c,0x00,0x00,0x00,0x02,0x0c,0x0c,0x0c,0x0c,
0x0c,0x01,0x00,0x00,0x00,0x00,0x00,0x00,0x0c,0x01,0x00,0x00,0x00,0x00,0x00,0x00,
0x0c,0x01,0x00,0x00,0x00,0x00,0x00,0x00,0x0c,0x01,0x00,0x00,0x00,0x00,0x00,0x00,
0x00,0x00,0x06,0x00,0x00,0x00,0x00,0x00,0x06,0x02,0x02,0x00,0x00,0x00,0x00,0x00,
0x0e,0x0e,0x09,0x00,0x00,0x00,0x00,0x00,0x00,0x00,0x00,0x00,0x00,0x00,0x00,0x00,
0x00,0x03,0x0f,0x0c,0x0c,0x0c,0x09,0x08,0x00,0x01,0x0c,0x0c,0x0c,0x0c,0x0c,0x0c,
0x00,0x01,0x0c,0x0c,0x0c,0x0c,0x0c,0x0c,0x00,0x01,0x0c,0x0c,0x0c,0x0c,0x0c,0x0c,
0x08,0x08,0x08,0x08,0x06,0x00,0x00,0x03,0x0c,0x0c,0x0c,0x0c,0x01,0x00,0x00,0x09,
0x0c,0x0c,0x0c,0x0c,0x01,0x00,0x00,0x0e,0x0c,0x0c,0x0c,0x0c,0x01,0x00,0x04,0x0c,
0x0c,0x0c,0x0c,0x0c,0x0c,0x0c,0x0c,0x0c,0x0c,0x0c,0x0c,0x0e,0x02,0x02,0x02,0x02,
0x0c,0x0c,0x0f,0x00,0x00,0x00,0x00,0x00,0x0c,0x0c,0x0d,0x00,0x00,0x00,0x00,0x00,
0x0c,0x0c,0x0c,0x0a,0x00,0x00,0x0c,0x0c,0x0c,0x0c,0x0c,0x05,0x00,0x00,0x0c,0x0c,
0x0d,0x0c,0x0c,0x0f,0x00,0x00,0x0c,0x0c,0x09,0x0c,0x0c,0x0c,0x08,0x00,0x0c,0x0c,
0x0c,0x0d,0x00,0x00,0x07,0x0c,0x0c,0x07,0x0c,0x02,0x00,0x00,0x09,0x0c,0x0c,0x0c,
0x0c,0x02,0x00,0x00,0x06,0x0c,0x0c,0x0c,0x0c,0x02,0x00,0x00,0x00,0x02,0x0c,0x0c,
0x0e,0x0c,0x0c,0x01,0x00,0x00,0x03,0x0c,0x0c,0x0c,0x0c,0x01,0x00,0x00,0x09,0x0c,
0x0c,0x0c,0x0c,0x01,0x00,0x00,0x0e,0x0c,0x0c,0x0c,0x0c,0x01,0x00,0x04,0x0c,0x0c,
0x0c,0x0c,0x0c,0x0c,0x0c,0x0c,0x0c,0x0c,0x0c,0x0c,0x0e,0x02,0x02,0x02,0x02,0x0c,
0x0c,0x0f,0x00,0x00,0x00,0x00,0x00,0x0d,0x0c,0x0d,0x00,0x00,0x00,0x00,0x00,0x09,
0x0c,0x0c,0x0a,0x00,0x00,0x08,0x0c,0x0c,0x0c,0x0c,0x05,0x00,0x00,0x04,0x0f,0x0c,
0x0c,0x0c,0x0f,0x00,0x00,0x00,0x0a,0x0c,0x0c,0x0c,0x0c,0x08,0x00,0x00,0x00,0x08,
0x0c,0x0e,0x06,0x00,0x00,0x08,0x0f,0x0c,0x0c,0x0c,0x0c,0x0c,0x0c,0x0c,0x0c,0x0c,
0x0c,0x0c,0x0c,0x0c,0x0c,0x0c,0x0c,0x0c,0x0d,0x0c,0x0c,0x0c,0x0c,0x0c,0x07,0x05,
0x0c,0x0c,0x00,0x00,0x00,0x00,0x00,0x00,0x0c,0x0d,0x00,0x00,0x00,0x00,0x00,0x00,
0x0f,0x03,0x00,0x00,0x00,0x00,0x00,0x00,0x06,0x00,0x00,0x00,0x00,0x00,0x00,0x00,
0x00,0x00,0x0a,0x07,0x0b,0x00,0x00,0x03,0x00,0x00,0x0f,0x01,0x00,0x00,0x00,0x09,
0x00,0x00,0x02,0x0c,0x0c,0x00,0x00,0x0e,0x00,0x00,0x04,0x0a,0x0a,0x00,0x04,0x0c,
0x0c,0x0c,0x0c,0x0c,0x0c,0x0c,0x0c,0x0c,0x0c,0x0c,0x0c,0x0e,0x02,0x02,0x02,0x02,
0x0c,0x0c,0x0f,0x00,0x00,0x00,0x00,0x00,0x0c,0x0c,0x0d,0x00,0x00,0x00,0x00,0x00,
0x0c,0x0c,0x0c,0x0a,0x00,0x00,0x00,0x03,0x0c,0x0c,0x0c,0x05,0x00,0x00,0x00,0x09,
0x0d,0x0c,0x0c,0x0f,0x00,0x00,0x00,0x0e,0x09,0x0c,0x0c,0x0c,0x08,0x00,0x04,0x0c,
0x0c,0x0c,0x0c,0x0c,0x0c,0x0c,0x0c,0x0c,0x0c,0x0c,0x0c,0x0e,0x02,0x02,0x02,0x02,
0x0c,0x0c,0x0f,0x00,0x00,0x00,0x00,0x00,0x0c,0x0c,0x0d,0x00,0x00,0x00,0x00,0x00,
0x0c,0x0c,0x0c,0x0a,0x00,0x00,0x08,0x0c,0x0c,0x0c,0x0c,0x05,0x00,0x00,0x04,0x0f,
0x0d,0x0c,0x0c,0x0f,0x00,0x00,0x00,0x0a,0x09,0x0c,0x0c,0x0c,0x08,0x00,0x00,0x00,
0x0c,0x0c,0x0e,0x06,0x00,0x00,0x08,0x0f,0x0c,0x0c,0x0c,0x0c,0x0c,0x0c,0x0c,0x0c,
0x0c,0x0c,0x0c,0x0c,0x0c,0x0c,0x0c,0x0c,0x08,0x0d,0x0c,0x0c,0x0c,0x0c,0x0c,0x07,
0x0c,0x0c,0x0c,0x00,0x08,0x0c,0x0c,0x0c,0x0c,0x0c,0x0d,0x00,0x04,0x0c,0x0c,0x0c,
0x0c,0x0f,0x03,0x00,0x00,0x01,0x0c,0x0c,0x05,0x06,0x00,0x00,0x00,0x00,0x0a,0x0e,
0x0e,0x06,0x00,0x00,0x01,0x0c,0x0c,0x0c,0x0c,0x0c,0x0c,0x0c,0x0c,0x0c,0x0c,0x0c,
0x0c,0x0c,0x0c,0x0c,0x0c,0x0c,0x0c,0x0e,0x0c,0x0c,0x0c,0x0c,0x0c,0x0f,0x05,0x04,
0x01,0x00,0x08,0x0c,0x0c,0x0c,0x0e,0x06,0x0b,0x00,0x04,0x0f,0x0c,0x0c,0x0c,0x0c,
0x00,0x00,0x00,0x0a,0x0c,0x0c,0x0c,0x0c,0x00,0x00,0x00,0x00,0x08,0x0d,0x0c,0x0c,
0x00,0x00,0x08,0x0f,0x0c,0x0c,0x0c,0x00,0x0c,0x0c,0x0c,0x0c,0x0c,0x0c,0x0d,0x00,
0x0c,0x0c,0x0c,0x0c,0x0c,0x0f,0x03,0x00,0x0c,0x0c,0x0c,0x07,0x05,0x06,0x00,0x00,
0x00,0x00,0x00,0x00,0x00,0x00,0x00,0x0c,0x00,0x00,0x00,0x00,0x00,0x00,0x00,0x0c,
0x00,0x00,0x00,0x00,0x00,0x00,0x00,0x0c,0x00,0x00,0x00,0x00,0x00,0x00,0x00,0x0c,
0x0c,0x08,0x08,0x0c,0x02,0x00,0x00,0x00,0x0c,0x08,0x08,0x0c,0x02,0x00,0x00,0x00,
0x0c,0x08,0x08,0x0c,0x02,0x00,0x00,0x00,0x0c,0x08,0x08,0x0c,0x02,0x00,0x00,0x00,
0x00,0x00,0x00,0x00,0x00,0x00,0x00,0x00,0x00,0x00,0x00,0x00,0x00,0x00,0x00,0x00,
0x00,0x00,0x00,0x00,0x00,0x00,0x00,0x00,0x00,0x00,0x00,0x00,0x00,0x00,0x00,0x00,
0x00,0x04,0x0e,0x05,0x04,0x00,0x00,0x00,0x00,0x01,0x0c,0x00,0x00,0x00,0x00,0x00,
0x00,0x0b,0x0c,0x0c,0x01,0x00,0x00,0x00,0x00,0x00,0x08,0x01,0x06,0x00,0x00,0x00,
0x00,0x00,0x06,0x0f,0x0c,0x0c,0x03,0x00,0x00,0x02,0x0c,0x0c,0x0c,0x02,0x00,0x00,
0x00,0x02,0x0c,0x0c,0x02,0x03,0x00,0x00,0x00,0x03,0x08,0x04,0x00,0x00,0x00,0x00,
0x00,0x00,0x0c,0x0c,0x0c,0x00,0x00,0x00,0x00,0x00,0x0c,0x0c,0x0c,0x00,0x00,0x00,
0x00,0x00,0x0c,0x0c,0x0c,0x00,0x00,0x00,0x00,0x00,0x0c,0x0c,0x0c,0x00,0x00,0x00,
0x00,0x00,0x00,0x00,0x00,0x00,0x00,0x00,0x00,0x00,0x00,0x00,0x00,0x00,0x00,0x00,
0x00,0x00,0x00,0x00,0x00,0x00,0x00,0x00,0x00,0x00,0x00,0x00,0x00,0x00,0x00,0x00,
0x00,0x00,0x00,0x00,0x00,0x00,0x00,0x00,0x00,0x00,0x00,0x00,0x04,0x09,0x0d,0x0b,
0x00,0x00,0x00,0x00,0x0d,0x0c,0x0c,0x0c,0x00,0x00,0x00,0x00,0x0a,0x01,0x00,0x01,
0x00,0x00,0x00,0x00,0x00,0x00,0x00,0x00,0x00,0x00,0x04,0x00,0x00,0x00,0x00,0x00,
0x02,0x01,0x0c,0x09,0x00,0x00,0x00,0x00,0x0f,0x0c,0x0f,0x03,0x00,0x00,0x00,0x00,
0x00,0x00,0x00,0x00,0x00,0x00,0x00,0x00,0x00,0x00,0x00,0x0b,0x06,0x00,0x00,0x00,
0x00,0x00,0x04,0x0f,0x0c,0x01,0x04,0x00,0x00,0x00,0x06,0x05,0x0f,0x0c,0x07,0x04,
0x00,0x00,0x00,0x00,0x00,0x00,0x00,0x00,0x00,0x00,0x00,0x00,0x00,0x00,0x00,0x00,
0x00,0x00,0x00,0x00,0x00,0x00,0x00,0x00,0x00,0x00,0x00,0x00,0x00,0x00,0x00,0x03,
0x00,0x00,0x00,0x00,0x00,0x00,0x00,0x00,0x00,0x00,0x03,0x08,0x00,0x00,0x00,0x00,
0x04,0x01,0x0c,0x07,0x00,0x00,0x00,0x00,0x0f,0x0c,0x07,0x01,0x06,0x00,0x00,0x00,
0x00,0x00,0x00,0x00,0x00,0x00,0x00,0x00,0x00,0x00,0x00,0x00,0x00,0x00,0x09,0x0b,
0x00,0x00,0x00,0x00,0x03,0x0e,0x0c,0x0c,0x00,0x00,0x00,0x06,0x0c,0x0e,0x0a,0x09,
0x00,0x00,0x00,0x00,0x00,0x00,0x00,0x00,0x00,0x00,0x00,0x00,0x00,0x00,0x00,0x00,
0x02,0x06,0x00,0x00,0x00,0x00,0x00,0x00,0x07,0x0c,0x04,0x00,0x00,0x00,0x00,0x00,
0x00,0x00,0x00,0x00,0x00,0x00,0x00,0x00,0x00,0x08,0x0b,0x00,0x00,0x00,0x0a,0x03,
0x00,0x01,0x0c,0x07,0x0d,0x0f,0x0f,0x0a,0x00,0x00,0x03,0x02,0x0c,0x0d,0x06,0x00,
0x00,0x00,0x00,0x00,0x00,0x00,0x00,0x00,0x00,0x00,0x00,0x00,0x00,0x00,0x00,0x00,
0x00,0x00,0x00,0x00,0x00,0x00,0x00,0x04,0x00,0x00,0x00,0x00,0x00,0x00,0x00,0x04,
0x00,0x00,0x00,0x00,0x00,0x00,0x00,0x00,0x06,0x01,0x05,0x03,0x00,0x00,0x04,0x00,
0x07,0x0c,0x0c,0x0c,0x05,0x0d,0x0f,0x08,0x01,0x0a,0x04,0x05,0x0c,0x0c,0x0e,0x04,
0x00,0x00,0x00,0x00,0x00,0x00,0x00,0x00,0x00,0x00,0x00,0x00,0x00,0x00,0x00,0x00,
0x00,0x00,0x00,0x00,0x00,0x00,0x00,0x00,0x00,0x00,0x00,0x00,0x00,0x00,0x00,0x08,
0x00,0x00,0x00,0x00,0x00,0x00,0x00,0x00,0x00,0x00,0x08,0x03,0x00,0x00,0x00,0x00,
0x04,0x05,0x0c,0x0d,0x00,0x00,0x00,0x00,0x0f,0x0c,0x07,0x01,0x00,0x00,0x00,0x00,
0x00,0x00,0x00,0x00,0x00,0x00,0x00,0x00,0x00,0x00,0x04,0x0a,0x01,0x01,0x01,0x01,
0x00,0x0a,0x0c,0x0c,0x0c,0x0c,0x0c,0x0c,0x00,0x0f,0x0c,0x0c,0x0c,0x0c,0x0c,0x0c,
0x00,0x00,0x00,0x00,0x00,0x00,0x00,0x00,0x01,0x0a,0x04,0x00,0x00,0x00,0x0a,0x01,
0x0c,0x0c,0x0f,0x03,0x00,0x00,0x02,0x0c,0x0c,0x0c,0x0c,0x0d,0x00,0x00,0x02,0x0c,
0x00,0x00,0x00,0x00,0x00,0x00,0x00,0x00,0x08,0x00,0x00,0x00,0x00,0x00,0x00,0x00,
0x01,0x00,0x00,0x00,0x00,0x00,0x00,0x00,0x01,0x00,0x00,0x00,0x00,0x00,0x00,0x00,
0x00,0x00,0x00,0x00,0x00,0x00,0x00,0x00,0x00,0x00,0x00,0x00,0x00,0x00,0x00,0x00,
0x00,0x00,0x00,0x00,0x00,0x00,0x00,0x00,0x00,0x00,0x00,0x00,0x00,0x00,0x00,0x00,
0x00,0x00,0x00,0x00,0x00,0x00,0x00,0x00,0x00,0x00,0x00,0x00,0x00,0x00,0x00,0x00,
0x00,0x00,0x00,0x00,0x00,0x00,0x00,0x00,0x00,0x00,0x00,0x00,0x00,0x00,0x00,0x00,
0x00,0x00,0x00,0x00,0x00,0x00,0x00,0x00,0x00,0x00,0x00,0x00,0x00,0x00,0x00,0x00,
0x00,0x00,0x00,0x00,0x00,0x00,0x00,0x00,0x00,0x00,0x00,0x00,0x00,0x00,0x00,0x00,
0x00,0x00,0x00,0x00,0x00,0x00,0x00,0x00,0x00,0x00,0x00,0x00,0x00,0x00,0x00,0x00,
0x00,0x00,0x00,0x00,0x00,0x00,0x00,0x00,0x00,0x00,0x00,0x00,0x00,0x00,0x00,0x00,
0x00,0x00,0x00,0x00,0x00,0x00,0x00,0x00,0x00,0x00,0x00,0x00,0x00,0x00,0x00,0x00,
0x00,0x00,0x00,0x00,0x00,0x00,0x00,0x00,0x00,0x00,0x00,0x00,0x00,0x00,0x00,0x00,
0x00,0x00,0x00,0x00,0x00,0x00,0x00,0x00,0x00,0x00,0x00,0x00,0x00,0x00,0x00,0x00,
0x00,0x00,0x00,0x00,0x00,0x00,0x00,0x00,0x00,0x00,0x00,0x00,0x00,0x00,0x00,0x00,
0x00,0x00,0x00,0x00,0x00,0x00,0x00,0x00,0x00,0x00,0x00,0x00,0x00,0x00,0x00,0x00,
0x00,0x00,0x00,0x00,0x00,0x00,0x00,0x00,0x00,0x00,0x00,0x00,0x00,0x00,0x00,0x00,
0x00,0x00,0x00,0x00,0x00,0x00,0x00,0x00,0x00,0x00,0x00,0x00,0x00,0x00,0x00,0x00,
0x00,0x00,0x00,0x00,0x00,0x00,0x00,0x00,0x00,0x00,0x00,0x00,0x00,0x00,0x00,0x00,
0x00,0x00,0x00,0x00,0x00,0x00,0x00,0x00,0x00,0x00,0x00,0x00,0x00,0x00,0x00,0x00,
0x00,0x00,0x00,0x00,0x00,0x00,0x00,0x00,0x00,0x00,0x00,0x00,0x00,0x00,0x00,0x00,
0x00,0x00,0x00,0x00,0x00,0x00,0x00,0x00,0x00,0x00,0x00,0x00,0x00,0x00,0x00,0x00,
0x00,0x00,0x00,0x00,0x00,0x00,0x00,0x00,0x00,0x00,0x00,0x00,0x00,0x00,0x00,0x00,
0x00,0x00,0x00,0x00,0x00,0x00,0x00,0x00,0x00,0x00,0x00,0x00,0x00,0x00,0x00,0x00,
0x00,0x00,0x00,0x00,0x00,0x00,0x00,0x00,0x00,0x00,0x00,0x00,0x00,0x00,0x00,0x00,
0x00,0x00,0x00,0x00,0x00,0x00,0x00,0x00,0x00,0x00,0x00,0x00,0x00,0x00,0x00,0x00,
0x00,0x00,0x00,0x00,0x00,0x00,0x00,0x00,0x00,0x00,0x00,0x00,0x00,0x00,0x00,0x00,
0x00,0x00,0x00,0x00,0x00,0x00,0x00,0x00,0x00,0x00,0x00,0x00,0x00,0x00,0x00,0x00,
0x00,0x00,0x00,0x00,0x00,0x00,0x00,0x00,0x00,0x00,0x00,0x00,0x00,0x00,0x00,0x00,
0x00,0x00,0x00,0x00,0x00,0x00,0x00,0x00,0x00,0x00,0x00,0x00,0x00,0x00,0x00,0x00,
0x00,0x00,0x00,0x00,0x00,0x00,0x00,0x00,0x00,0x00,0x00,0x00,0x00,0x00,0x00,0x00,
0x00,0x00,0x00,0x00,0x00,0x00,0x00,0x00,0x00,0x00,0x00,0x00,0x00,0x00,0x00,0x00,
0x00,0x00,0x00,0x00,0x00,0x00,0x00,0x00,0x00,0x00,0x00,0x00,0x00,0x00,0x00,0x00,
0x00,0x00,0x00,0x00,0x00,0x00,0x00,0x00,0x00,0x00,0x00,0x00,0x00,0x00,0x00,0x00,
0x00,0x00,0x00,0x00,0x00,0x00,0x00,0x00,0x00,0x00,0x00,0x00,0x00,0x00,0x00,0x00,
0x00,0x00,0x00,0x00,0x00,0x00,0x00,0x00,0x00,0x00,0x00,0x00,0x00,0x00,0x00,0x00,
0x00,0x00,0x00,0x00,0x00,0x00,0x00,0x00,0x00,0x00,0x00,0x00,0x00,0x00,0x00,0x00,
0x00,0x00,0x00,0x00,0x00,0x00,0x00,0x00,0x00,0x00,0x00,0x00,0x03,0x01,0x01,0x01,
0x00,0x00,0x04,0x02,0x0c,0x0c,0x0c,0x0c,0x00,0x00,0x02,0x0c,0x0c,0x0c,0x0c,0x0c,
0x04,0x08,0x04,0x00,0x00,0x00,0x00,0x00,0x01,0x01,0x0a,0x06,0x00,0x00,0x00,0x0a,
0x0c,0x0c,0x0c,0x0c,0x01,0x00,0x00,0x02,0x0c,0x0c,0x0c,0x0c,0x0c,0x01,0x00,0x02,
0x00,0x00,0x00,0x00,0x00,0x03,0x09,0x00,0x01,0x01,0x0a,0x00,0x00,0x00,0x00,0x0a,
0x0c,0x0c,0x02,0x00,0x00,0x00,0x00,0x02,0x0c,0x0c,0x02,0x00,0x00,0x00,0x00,0x02,
0x00,0x00,0x00,0x00,0x00,0x00,0x00,0x00,0x01,0x01,0x0a,0x00,0x0a,0x01,0x01,0x0a,
0x0c,0x0c,0x02,0x00,0x02,0x0c,0x0c,0x02,0x0c,0x0c,0x02,0x00,0x02,0x0c,0x0c,0x02,
0x01,0x03,0x00,0x00,0x00,0x00,0x00,0x00,0x00,0x00,0x00,0x00,0x0a,0x01,0x01,0x0a,
0x00,0x00,0x00,0x00,0x02,0x0c,0x0c,0x02,0x00,0x00,0x00,0x00,0x02,0x0c,0x0c,0x02,
0x00,0x00,0x00,0x00,0x03,0x00,0x00,0x00,0x00,0x0a,0x01,0x01,0x0a,0x00,0x00,0x00,
0x00,0x02,0x0c,0x0c,0x02,0x00,0x00,0x00,0x00,0x02,0x0c,0x0c,0x02,0x00,0x00,0x00,
0x00,0x06,0x00,0x00,0x00,0x00,0x00,0x00,0x00,0x0a,0x01,0x01,0x0a,0x00,0x00,0x00,
0x00,0x02,0x0c,0x0c,0x02,0x00,0x00,0x0a,0x00,0x02,0x0c,0x0c,0x02,0x00,0x04,0x0f,
0x00,0x00,0x00,0x00,0x03,0x00,0x00,0x00,0x06,0x09,0x01,0x01,0x01,0x01,0x01,0x0a,
0x0c,0x0c,0x0c,0x0c,0x0c,0x0c,0x0c,0x0c,0x0c,0x0c,0x0c,0x0c,0x0c,0x0c,0x0c,0x0c,
0x00,0x00,0x00,0x00,0x00,0x00,0x00,0x00,0x04,0x00,0x00,0x00,0x00,0x00,0x00,0x00,
0x0f,0x06,0x00,0x00,0x00,0x00,0x00,0x00,0x0c,0x05,0x00,0x00,0x00,0x00,0x00,0x00,
0x00,0x00,0x00,0x00,0x06,0x08,0x00,0x00,0x06,0x01,0x01,0x01,0x01,0x01,0x03,0x00,
0x09,0x0c,0x0c,0x0c,0x0c,0x0c,0x05,0x00,0x0e,0x0c,0x0c,0x0c,0x0c,0x0c,0x0f,0x00,
0x00,0x00,0x00,0x00,0x00,0x00,0x00,0x04,0x00,0x00,0x00,0x00,0x00,0x01,0x01,0x01,
0x00,0x00,0x00,0x00,0x00,0x07,0x0c,0x0c,0x00,0x00,0x00,0x00,0x00,0x01,0x0c,0x0c,
0x01,0x03,0x00,0x00,0x00,0x00,0x00,0x00,0x06,0x00,0x00,0x08,0x01,0x01,0x0a,0x00,
0x0b,0x00,0x00,0x05,0x0c,0x0c,0x01,0x00,0x01,0x00,0x00,0x0e,0x0c,0x0c,0x08,0x00,
0x03,0x0c,0x0c,0x0c,0x0d,0x08,0x08,0x08,0x08,0x0c,0x0c,0x0c,0x01,0x00,0x00,0x00,
0x00,0x0c,0x0c,0x0c,0x0c,0x0f,0x02,0x01,0x00,0x01,0x0c,0x0c,0x0c,0x0c,0x0c,0x0c,
0x0e,0x0c,0x0c,0x02,0x00,0x00,0x02,0x0c,0x0a,0x02,0x02,0x02,0x00,0x00,0x02,0x0c,
0x0a,0x03,0x00,0x00,0x00,0x00,0x02,0x0c,0x0c,0x0c,0x0f,0x01,0x00,0x00,0x02,0x0c,
0x01,0x00,0x00,0x00,0x00,0x00,0x00,0x00,0x01,0x00,0x00,0x00,0x00,0x00,0x00,0x00,
0x01,0x00,0x00,0x00,0x00,0x00,0x00,0x00,0x01,0x00,0x00,0x00,0x00,0x00,0x00,0x00,
0x00,0x00,0x00,0x00,0x00,0x00,0x00,0x00,0x00,0x00,0x00,0x00,0x00,0x00,0x00,0x00,
0x00,0x00,0x00,0x00,0x00,0x00,0x00,0x00,0x00,0x00,0x00,0x00,0x00,0x00,0x00,0x00,
0x00,0x00,0x00,0x00,0x00,0x00,0x00,0x00,0x00,0x00,0x00,0x00,0x00,0x00,0x00,0x00,
0x00,0x00,0x00,0x00,0x00,0x00,0x00,0x00,0x00,0x00,0x00,0x00,0x00,0x00,0x00,0x00,
0x00,0x00,0x00,0x00,0x00,0x00,0x00,0x00,0x00,0x00,0x00,0x00,0x00,0x00,0x00,0x00,
0x00,0x00,0x00,0x00,0x00,0x00,0x00,0x00,0x00,0x00,0x00,0x00,0x00,0x00,0x00,0x00,
0x00,0x00,0x00,0x00,0x00,0x00,0x00,0x00,0x00,0x00,0x00,0x00,0x00,0x00,0x00,0x00,
0x00,0x00,0x00,0x00,0x00,0x00,0x00,0x00,0x00,0x00,0x00,0x00,0x00,0x00,0x00,0x00,
0x00,0x00,0x00,0x00,0x00,0x00,0x00,0x00,0x00,0x00,0x00,0x00,0x00,0x00,0x00,0x00,
0x00,0x00,0x00,0x00,0x00,0x00,0x00,0x00,0x00,0x00,0x00,0x00,0x00,0x00,0x00,0x00,
0x00,0x00,0x00,0x00,0x00,0x00,0x00,0x00,0x00,0x00,0x00,0x00,0x00,0x00,0x00,0x00,
0x00,0x00,0x00,0x00,0x00,0x00,0x00,0x00,0x00,0x00,0x00,0x00,0x00,0x00,0x00,0x00,
0x00,0x00,0x00,0x00,0x00,0x00,0x00,0x00,0x00,0x00,0x00,0x00,0x00,0x00,0x00,0x00,
0x00,0x00,0x00,0x00,0x00,0x00,0x00,0x00,0x00,0x00,0x00,0x00,0x00,0x00,0x00,0x00,
0x00,0x00,0x00,0x00,0x00,0x00,0x00,0x00,0x00,0x00,0x00,0x00,0x00,0x00,0x00,0x00,
0x00,0x00,0x00,0x00,0x00,0x00,0x00,0x00,0x00,0x00,0x00,0x00,0x00,0x00,0x00,0x00,
0x00,0x00,0x00,0x00,0x00,0x00,0x00,0x00,0x00,0x00,0x00,0x00,0x00,0x00,0x00,0x00,
0x00,0x00,0x00,0x00,0x00,0x00,0x00,0x00,0x00,0x00,0x00,0x00,0x00,0x00,0x00,0x00,
0x00,0x00,0x00,0x00,0x00,0x00,0x00,0x00,0x00,0x00,0x00,0x00,0x00,0x00,0x00,0x00,
0x00,0x00,0x00,0x00,0x00,0x00,0x00,0x00,0x00,0x00,0x00,0x00,0x00,0x00,0x00,0x00,
0x00,0x00,0x00,0x00,0x00,0x00,0x00,0x00,0x00,0x00,0x00,0x00,0x00,0x00,0x00,0x00,
0x00,0x00,0x00,0x00,0x00,0x00,0x00,0x00,0x00,0x00,0x00,0x00,0x00,0x00,0x00,0x00,
0x00,0x00,0x00,0x00,0x00,0x00,0x00,0x00,0x00,0x00,0x00,0x00,0x00,0x00,0x00,0x00,
0x00,0x00,0x00,0x00,0x00,0x00,0x00,0x00,0x00,0x00,0x00,0x00,0x00,0x00,0x00,0x00,
0x00,0x00,0x00,0x00,0x00,0x00,0x00,0x00,0x00,0x00,0x00,0x00,0x00,0x00,0x00,0x00,
0x00,0x00,0x00,0x00,0x00,0x00,0x00,0x00,0x00,0x00,0x00,0x00,0x00,0x00,0x00,0x00,
0x00,0x00,0x00,0x00,0x00,0x00,0x00,0x00,0x00,0x00,0x00,0x00,0x00,0x00,0x00,0x00,
0x00,0x00,0x00,0x00,0x00,0x00,0x00,0x00,0x00,0x00,0x00,0x00,0x00,0x00,0x00,0x00,
0x00,0x00,0x00,0x00,0x00,0x00,0x00,0x00,0x00,0x00,0x00,0x00,0x00,0x00,0x00,0x00,
0x00,0x00,0x00,0x00,0x00,0x00,0x00,0x00,0x00,0x00,0x00,0x00,0x00,0x00,0x00,0x00,
0x00,0x00,0x00,0x00,0x00,0x00,0x00,0x00,0x00,0x00,0x00,0x00,0x00,0x00,0x00,0x00,
0x00,0x00,0x00,0x00,0x00,0x00,0x00,0x00,0x00,0x00,0x00,0x00,0x00,0x00,0x00,0x00,
0x00,0x00,0x00,0x00,0x00,0x00,0x00,0x00,0x00,0x00,0x00,0x00,0x00,0x00,0x00,0x00,
0x00,0x00,0x00,0x00,0x00,0x00,0x00,0x00,0x00,0x00,0x00,0x00,0x00,0x00,0x00,0x00,
0x00,0x03,0x0c,0x0c,0x0c,0x0c,0x05,0x01,0x00,0x0a,0x0c,0x0c,0x0c,0x01,0x00,0x00,
0x00,0x01,0x0c,0x0c,0x0c,0x08,0x00,0x00,0x00,0x01,0x0c,0x0c,0x0c,0x08,0x00,0x00,
0x01,0x02,0x0c,0x0c,0x0c,0x07,0x00,0x02,0x00,0x00,0x0e,0x0c,0x0c,0x0c,0x00,0x02,
0x00,0x00,0x02,0x0c,0x0c,0x0c,0x00,0x02,0x00,0x00,0x02,0x0c,0x0c,0x0c,0x00,0x02,
0x0c,0x0c,0x02,0x00,0x00,0x00,0x00,0x02,0x0c,0x0c,0x02,0x00,0x00,0x00,0x00,0x02,
0x0c,0x0c,0x02,0x00,0x00,0x00,0x00,0x02,0x0c,0x0c,0x02,0x00,0x00,0x00,0x00,0x02,
0x0c,0x0c,0x02,0x00,0x02,0x0c,0x0c,0x02,0x0c,0x0c,0x02,0x00,0x02,0x0c,0x0c,0x02,
0x0c,0x0c,0x02,0x00,0x02,0x0c,0x0c,0x02,0x0c,0x0c,0x02,0x00,0x02,0x0c,0x0c,0x02,
0x00,0x00,0x00,0x00,0x02,0x0c,0x0c,0x02,0x00,0x00,0x00,0x00,0x02,0x0c,0x0c,0x02,
0x00,0x00,0x00,0x00,0x02,0x0c,0x0c,0x02,0x00,0x00,0x00,0x00,0x02,0x0c,0x0c,0x02,
0x00,0x02,0x0c,0x0c,0x02,0x00,0x00,0x00,0x00,0x02,0x0c,0x0c,0x02,0x00,0x00,0x00,
0x00,0x02,0x0c,0x0c,0x02,0x00,0x00,0x00,0x00,0x02,0x0c,0x0c,0x02,0x00,0x00,0x00,
0x00,0x02,0x0c,0x0c,0x02,0x00,0x08,0x0c,0x00,0x02,0x0c,0x0c,0x02,0x00,0x08,0x0c,
0x00,0x02,0x0c,0x0c,0x02,0x00,0x08,0x0c,0x00,0x02,0x0c,0x0c,0x02,0x00,0x04,0x0c,
0x0c,0x0c,0x02,0x0a,0x08,0x0a,0x0f,0x0c,0x0c,0x0c,0x08,0x00,0x00,0x00,0x09,0x02,
0x0c,0x0c,0x02,0x0b,0x08,0x08,0x04,0x00,0x0c,0x0c,0x0c,0x0c,0x0c,0x0c,0x0c,0x0f,
0x0c,0x02,0x00,0x00,0x00,0x00,0x00,0x04,0x02,0x01,0x00,0x00,0x00,0x00,0x00,0x0a,
0x00,0x00,0x00,0x00,0x00,0x00,0x00,0x0d,0x0d,0x03,0x00,0x00,0x00,0x00,0x00,0x0f,
0x0c,0x0c,0x0c,0x0e,0x0c,0x0c,0x0c,0x03,0x0c,0x0c,0x0c,0x08,0x0c,0x0c,0x0c,0x01,
0x0c,0x0c,0x0f,0x00,0x0d,0x0c,0x0c,0x0e,0x0c,0x0c,0x0d,0x00,0x09,0x0c,0x0c,0x0c,
0x00,0x00,0x00,0x00,0x00,0x08,0x0c,0x0c,0x00,0x00,0x00,0x00,0x00,0x00,0x0f,0x0c,
0x00,0x00,0x00,0x00,0x00,0x00,0x05,0x0c,0x06,0x00,0x00,0x00,0x00,0x00,0x0a,0x0c,
0x0e,0x00,0x00,0x0c,0x0c,0x0c,0x00,0x00,0x0c,0x04,0x08,0x0c,0x0c,0x0e,0x00,0x00,
0x0c,0x0b,0x09,0x0c,0x0c,0x01,0x00,0x00,0x0c,0x01,0x05,0x0c,0x0c,0x0b,0x00,0x00,
0x08,0x0c,0x0c,0x0f,0x01,0x05,0x0e,0x0c,0x01,0x0c,0x0c,0x01,0x00,0x00,0x00,0x00,
0x01,0x0c,0x0c,0x0d,0x00,0x00,0x00,0x00,0x09,0x0c,0x0c,0x0c,0x0f,0x02,0x01,0x0a,
0x0c,0x0c,0x0c,0x0c,0x03,0x00,0x02,0x0c,0x03,0x07,0x0c,0x0c,0x01,0x00,0x02,0x0c,
0x00,0x01,0x0c,0x0c,0x01,0x00,0x02,0x0c,0x08,0x07,0x0c,0x0c,0x0a,0x00,0x02,0x0c,
0x01,0x00,0x00,0x00,0x00,0x00,0x00,0x00,0x01,0x00,0x00,0x00,0x00,0x00,0x00,0x00,
0x01,0x00,0x00,0x00,0x00,0x00,0x00,0x00,0x01,0x00,0x00,0x00,0x00,0x00,0x00,0x00,
0x00,0x00,0x00,0x00,0x00,0x00,0x00,0x00,0x00,0x00,0x00,0x00,0x00,0x00,0x00,0x00,
0x00,0x00,0x00,0x00,0x00,0x00,0x00,0x00,0x00,0x00,0x00,0x00,0x00,0x00,0x00,0x00,
0x00,0x00,0x00,0x00,0x00,0x00,0x00,0x00,0x00,0x00,0x00,0x00,0x00,0x00,0x00,0x00,
0x00,0x00,0x00,0x00,0x00,0x00,0x00,0x00,0x00,0x00,0x00,0x00,0x00,0x00,0x00,0x00,
0x00,0x00,0x00,0x00,0x00,0x00,0x00,0x00,0x00,0x00,0x00,0x00,0x00,0x00,0x00,0x00,
0x00,0x00,0x00,0x00,0x00,0x00,0x00,0x00,0x00,0x00,0x00,0x00,0x00,0x00,0x00,0x00,
0x00,0x00,0x00,0x00,0x00,0x00,0x00,0x00,0x00,0x00,0x00,0x00,0x00,0x00,0x00,0x00,
0x00,0x00,0x00,0x00,0x00,0x00,0x00,0x00,0x00,0x00,0x00,0x00,0x00,0x00,0x00,0x00,
0x00,0x00,0x00,0x00,0x00,0x00,0x00,0x00,0x00,0x00,0x00,0x00,0x00,0x00,0x00,0x00,
0x00,0x00,0x00,0x00,0x00,0x00,0x00,0x00,0x00,0x00,0x00,0x00,0x00,0x00,0x00,0x00,
0x00,0x00,0x00,0x00,0x00,0x00,0x00,0x00,0x00,0x00,0x00,0x00,0x00,0x00,0x00,0x00,
0x00,0x00,0x00,0x00,0x00,0x00,0x00,0x00,0x00,0x00,0x00,0x00,0x00,0x00,0x00,0x00,
0x00,0x00,0x00,0x00,0x00,0x00,0x00,0x00,0x00,0x00,0x00,0x00,0x00,0x00,0x00,0x00,
0x00,0x00,0x00,0x00,0x00,0x00,0x00,0x00,0x00,0x00,0x00,0x00,0x00,0x00,0x00,0x00,
0x00,0x00,0x00,0x00,0x00,0x00,0x00,0x00,0x00,0x00,0x00,0x00,0x00,0x00,0x00,0x00,
0x00,0x00,0x00,0x00,0x00,0x00,0x00,0x00,0x00,0x00,0x00,0x00,0x00,0x00,0x00,0x00,
0x00,0x00,0x00,0x00,0x00,0x00,0x00,0x00,0x00,0x00,0x00,0x00,0x00,0x00,0x00,0x00,
0x00,0x00,0x00,0x00,0x00,0x00,0x00,0x00,0x00,0x00,0x00,0x00,0x00,0x00,0x00,0x00,
0x00,0x00,0x00,0x00,0x00,0x00,0x00,0x00,0x00,0x00,0x00,0x00,0x00,0x00,0x00,0x00,
0x00,0x00,0x00,0x00,0x00,0x00,0x00,0x00,0x00,0x00,0x00,0x00,0x00,0x00,0x00,0x00,
0x00,0x00,0x00,0x00,0x00,0x00,0x00,0x00,0x00,0x00,0x00,0x00,0x00,0x00,0x00,0x00,
0x00,0x00,0x00,0x00,0x00,0x00,0x00,0x00,0x00,0x00,0x00,0x00,0x00,0x00,0x00,0x00,
0x00,0x00,0x00,0x00,0x00,0x00,0x00,0x00,0x00,0x00,0x00,0x00,0x00,0x00,0x00,0x00,
0x00,0x00,0x00,0x00,0x00,0x00,0x00,0x00,0x00,0x00,0x00,0x00,0x00,0x00,0x00,0x00,
0x00,0x00,0x00,0x00,0x00,0x00,0x00,0x00,0x00,0x00,0x00,0x00,0x00,0x00,0x00,0x00,
0x00,0x00,0x00,0x00,0x00,0x00,0x00,0x00,0x00,0x00,0x00,0x00,0x00,0x00,0x00,0x00,
0x00,0x00,0x00,0x00,0x00,0x00,0x00,0x00,0x00,0x00,0x00,0x00,0x00,0x00,0x00,0x00,
0x00,0x00,0x00,0x00,0x00,0x00,0x00,0x00,0x00,0x00,0x00,0x00,0x00,0x00,0x00,0x00,
0x00,0x00,0x00,0x00,0x00,0x00,0x00,0x00,0x00,0x00,0x00,0x00,0x00,0x00,0x00,0x00,
0x00,0x00,0x00,0x00,0x00,0x00,0x00,0x00,0x00,0x00,0x00,0x00,0x00,0x00,0x00,0x00,
0x00,0x00,0x00,0x00,0x00,0x00,0x00,0x00,0x00,0x00,0x00,0x00,0x00,0x00,0x00,0x00,
0x00,0x00,0x00,0x00,0x00,0x00,0x00,0x00,0x00,0x00,0x00,0x00,0x00,0x00,0x00,0x00,
0x00,0x00,0x00,0x00,0x00,0x00,0x00,0x00,0x00,0x00,0x00,0x00,0x00,0x00,0x00,0x00,
0x00,0x00,0x00,0x00,0x00,0x00,0x00,0x00,0x00,0x00,0x00,0x00,0x00,0x00,0x00,0x00,
0x00,0x01,0x0c,0x0c,0x0c,0x08,0x00,0x00,0x00,0x01,0x0c,0x0c,0x0c,0x08,0x00,0x00,
0x00,0x01,0x0c,0x0c,0x0c,0x0b,0x00,0x00,0x00,0x08,0x0c,0x0c,0x0c,0x0e,0x06,0x00,
0x00,0x00,0x02,0x0c,0x0c,0x0c,0x00,0x02,0x00,0x00,0x02,0x0c,0x0c,0x0c,0x00,0x02,
0x00,0x00,0x02,0x0c,0x0c,0x0c,0x00,0x02,0x00,0x08,0x0f,0x0c,0x0c,0x0c,0x00,0x02,
0x0c,0x0c,0x02,0x00,0x00,0x00,0x00,0x02,0x0c,0x0c,0x02,0x00,0x00,0x00,0x00,0x02,
0x0c,0x0c,0x02,0x00,0x00,0x00,0x00,0x0e,0x0c,0x0c,0x0f,0x03,0x00,0x00,0x08,0x0c,
0x0c,0x0c,0x02,0x00,0x02,0x0c,0x0c,0x02,0x0c,0x0c,0x02,0x00,0x02,0x0c,0x0c,0x02,
0x0c,0x0c,0x02,0x00,0x02,0x0c,0x0c,0x02,0x0c,0x0c,0x02,0x00,0x02,0x0c,0x0c,0x0f,
0x00,0x00,0x00,0x00,0x02,0x0c,0x0c,0x02,0x00,0x00,0x00,0x00,0x02,0x0c,0x0c,0x02,
0x00,0x00,0x00,0x00,0x0e,0x0c,0x0c,0x02,0x03,0x00,0x00,0x08,0x0c,0x0c,0x0c,0x02,
0x00,0x02,0x0c,0x0c,0x02,0x00,0x00,0x00,0x00,0x02,0x0c,0x0c,0x02,0x00,0x00,0x00,
0x00,0x02,0x0c,0x0c,0x02,0x00,0x00,0x00,0x00,0x02,0x0c,0x0c,0x0f,0x03,0x00,0x00,
0x00,0x02,0x0c,0x0c,0x02,0x00,0x00,0x0a,0x00,0x02,0x0c,0x0c,0x02,0x00,0x00,0x00,
0x00,0x0e,0x0c,0x0c,0x02,0x00,0x06,0x01,0x08,0x0c,0x0c,0x0c,0x02,0x00,0x08,0x0c,
0x0c,0x0c,0x0c,0x0c,0x0c,0x0c,0x0c,0x0c,0x06,0x0a,0x01,0x01,0x0d,0x02,0x0f,0x0c,
0x01,0x01,0x06,0x00,0x00,0x00,0x0a,0x0c,0x0c,0x0c,0x0b,0x00,0x00,0x00,0x01,0x0c,
0x0c,0x07,0x00,0x00,0x00,0x00,0x0b,0x0c,0x0c,0x0c,0x03,0x00,0x00,0x00,0x01,0x0c,
0x0c,0x0c,0x08,0x00,0x00,0x00,0x07,0x0c,0x0c,0x0c,0x08,0x00,0x00,0x03,0x0c,0x0c,
0x0c,0x0c,0x0a,0x00,0x06,0x0c,0x0c,0x0c,0x0c,0x0c,0x06,0x00,0x00,0x07,0x0c,0x0c,
0x0c,0x0c,0x0c,0x0c,0x0c,0x0c,0x0c,0x0c,0x0c,0x0c,0x0c,0x0c,0x0c,0x0c,0x0c,0x0c,
0x09,0x00,0x00,0x00,0x00,0x00,0x04,0x0c,0x0d,0x00,0x00,0x00,0x00,0x00,0x00,0x02,
0x0c,0x04,0x00,0x00,0x00,0x00,0x00,0x09,0x0c,0x0a,0x00,0x00,0x00,0x00,0x00,0x00,
0x0c,0x0e,0x0e,0x0c,0x0c,0x06,0x00,0x00,0x0c,0x0c,0x0c,0x0c,0x07,0x00,0x00,0x00,
0x0c,0x0c,0x0c,0x0c,0x05,0x00,0x00,0x00,0x00,0x02,0x0c,0x0c,0x09,0x00,0x00,0x00,
0x06,0x07,0x0c,0x0c,0x0c,0x0c,0x0c,0x0c,0x00,0x00,0x08,0x09,0x01,0x02,0x0f,0x0c,
0x04,0x08,0x08,0x08,0x04,0x00,0x00,0x06,0x06,0x0c,0x0c,0x0c,0x0b,0x00,0x00,0x00,
0x0c,0x0c,0x0c,0x0e,0x00,0x00,0x02,0x0c,0x0c,0x0c,0x0c,0x0c,0x03,0x00,0x02,0x0c,
0x01,0x0c,0x0c,0x0c,0x01,0x00,0x02,0x0c,0x06,0x0c,0x0c,0x0c,0x01,0x00,0x02,0x0c,
0x01,0x00,0x00,0x00,0x00,0x00,0x00,0x00,0x01,0x00,0x00,0x00,0x00,0x00,0x00,0x00,
0x01,0x00,0x00,0x00,0x00,0x00,0x00,0x00,0x01,0x00,0x00,0x00,0x00,0x00,0x00,0x00,
0x00,0x00,0x00,0x00,0x00,0x00,0x00,0x00,0x00,0x00,0x00,0x00,0x00,0x00,0x00,0x00,
0x00,0x00,0x00,0x00,0x00,0x00,0x00,0x00,0x00,0x00,0x00,0x00,0x00,0x00,0x00,0x00,
0x00,0x00,0x00,0x00,0x00,0x00,0x00,0x00,0x00,0x00,0x00,0x00,0x00,0x00,0x00,0x00,
0x00,0x00,0x00,0x00,0x00,0x00,0x00,0x00,0x00,0x00,0x00,0x00,0x00,0x00,0x00,0x00,
0x00,0x00,0x00,0x00,0x00,0x00,0x00,0x00,0x00,0x00,0x00,0x00,0x00,0x00,0x00,0x00,
0x00,0x00,0x00,0x00,0x00,0x00,0x00,0x00,0x00,0x00,0x00,0x00,0x00,0x00,0x00,0x00,
0x00,0x00,0x00,0x00,0x00,0x00,0x00,0x00,0x00,0x00,0x00,0x00,0x00,0x00,0x00,0x00,
0x00,0x00,0x00,0x00,0x00,0x00,0x00,0x00,0x00,0x00,0x00,0x00,0x00,0x00,0x00,0x00,
0x00,0x00,0x00,0x00,0x00,0x00,0x00,0x00,0x00,0x00,0x00,0x00,0x00,0x00,0x00,0x00,
0x00,0x00,0x00,0x00,0x00,0x00,0x00,0x00,0x00,0x00,0x00,0x00,0x00,0x00,0x00,0x00,
0x00,0x00,0x00,0x00,0x00,0x00,0x00,0x00,0x00,0x00,0x00,0x00,0x00,0x00,0x00,0x00,
0x00,0x00,0x00,0x00,0x00,0x00,0x00,0x00,0x00,0x00,0x00,0x00,0x00,0x00,0x00,0x00,
0x00,0x00,0x00,0x00,0x00,0x00,0x00,0x00,0x00,0x00,0x00,0x00,0x00,0x00,0x00,0x00,
0x00,0x00,0x00,0x00,0x00,0x00,0x00,0x00,0x00,0x00,0x00,0x00,0x00,0x00,0x00,0x00,
0x00,0x00,0x00,0x00,0x00,0x00,0x00,0x00,0x00,0x00,0x00,0x00,0x00,0x00,0x00,0x00,
0x00,0x00,0x00,0x00,0x00,0x00,0x00,0x00,0x00,0x00,0x00,0x00,0x00,0x00,0x00,0x00,
0x00,0x00,0x00,0x00,0x00,0x00,0x00,0x00,0x00,0x00,0x00,0x00,0x00,0x00,0x00,0x00,
0x00,0x00,0x00,0x00,0x00,0x00,0x00,0x00,0x00,0x00,0x00,0x00,0x00,0x00,0x00,0x00,
0x00,0x00,0x00,0x00,0x00,0x00,0x00,0x00,0x00,0x00,0x00,0x00,0x00,0x00,0x00,0x00,
0x00,0x00,0x00,0x00,0x00,0x00,0x00,0x00,0x00,0x00,0x00,0x00,0x00,0x00,0x00,0x00,
0x00,0x00,0x00,0x00,0x00,0x00,0x00,0x00,0x00,0x00,0x00,0x00,0x00,0x00,0x00,0x00,
0x00,0x00,0x00,0x00,0x00,0x00,0x00,0x00,0x00,0x00,0x00,0x00,0x00,0x00,0x00,0x00,
0x00,0x00,0x00,0x00,0x00,0x00,0x00,0x00,0x00,0x00,0x00,0x00,0x00,0x00,0x00,0x00,
0x00,0x00,0x00,0x00,0x00,0x00,0x00,0x00,0x00,0x00,0x00,0x00,0x00,0x00,0x00,0x00,
0x00,0x00,0x00,0x00,0x00,0x00,0x00,0x00,0x00,0x00,0x00,0x00,0x00,0x00,0x00,0x00,
0x00,0x00,0x00,0x00,0x00,0x00,0x00,0x00,0x00,0x00,0x00,0x00,0x00,0x00,0x00,0x00,
0x00,0x00,0x00,0x00,0x00,0x00,0x00,0x00,0x00,0x00,0x00,0x00,0x00,0x00,0x00,0x00,
0x00,0x00,0x00,0x00,0x00,0x00,0x00,0x00,0x00,0x00,0x00,0x00,0x00,0x00,0x00,0x00,
0x00,0x00,0x00,0x00,0x00,0x00,0x00,0x00,0x00,0x00,0x00,0x00,0x00,0x00,0x00,0x00,
0x00,0x00,0x00,0x00,0x00,0x00,0x00,0x00,0x00,0x00,0x00,0x00,0x00,0x00,0x00,0x00,
0x00,0x00,0x00,0x00,0x00,0x00,0x00,0x00,0x00,0x00,0x00,0x00,0x00,0x00,0x00,0x00,
0x00,0x00,0x00,0x00,0x00,0x00,0x00,0x00,0x00,0x00,0x00,0x00,0x00,0x00,0x00,0x00,
0x00,0x00,0x00,0x00,0x00,0x00,0x00,0x00,0x00,0x00,0x00,0x00,0x00,0x00,0x00,0x00,
0x00,0x00,0x00,0x00,0x00,0x00,0x00,0x00,0x00,0x00,0x00,0x00,0x00,0x00,0x00,0x00,
0x00,0x04,0x0f,0x0c,0x0c,0x0c,0x0c,0x0c,0x00,0x00,0x0a,0x0c,0x0c,0x0c,0x0c,0x0c,
0x00,0x00,0x00,0x08,0x0d,0x0c,0x0c,0x0c,0x00,0x00,0x00,0x00,0x00,0x00,0x00,0x00,
0x0c,0x0c,0x0c,0x0c,0x0c,0x0d,0x00,0x02,0x0c,0x0c,0x0c,0x0c,0x0f,0x03,0x00,0x0b,
0x0c,0x0c,0x07,0x05,0x06,0x00,0x00,0x00,0x00,0x00,0x00,0x00,0x00,0x00,0x00,0x00,
0x0c,0x0c,0x0c,0x0c,0x0c,0x0c,0x0c,0x0c,0x0c,0x0c,0x0c,0x0c,0x0c,0x0c,0x0c,0x0c,
0x0b,0x02,0x0c,0x0c,0x0c,0x0c,0x0c,0x0f,0x00,0x00,0x00,0x00,0x00,0x00,0x00,0x00,
0x0c,0x0c,0x01,0x00,0x02,0x0c,0x0c,0x0c,0x0c,0x0f,0x06,0x00,0x0b,0x0c,0x0c,0x0c,
0x05,0x06,0x00,0x00,0x00,0x0b,0x02,0x0c,0x00,0x00,0x00,0x00,0x00,0x00,0x00,0x00,
0x0c,0x0c,0x0c,0x0c,0x0c,0x0c,0x0c,0x01,0x0c,0x0c,0x0c,0x0c,0x0c,0x0c,0x0f,0x06,
0x0c,0x0c,0x0c,0x0c,0x0f,0x05,0x06,0x00,0x00,0x00,0x00,0x00,0x00,0x00,0x00,0x00,
0x00,0x02,0x0c,0x0c,0x0c,0x0c,0x0c,0x0c,0x00,0x0b,0x0c,0x0c,0x0c,0x0c,0x0c,0x0c,
0x00,0x00,0x0b,0x02,0x0c,0x0c,0x0c,0x0c,0x00,0x00,0x00,0x00,0x00,0x00,0x00,0x00,
0x0c,0x0c,0x0c,0x0c,0x01,0x00,0x06,0x0c,0x0c,0x0c,0x0c,0x0f,0x06,0x00,0x00,0x02,
0x0c,0x0f,0x05,0x06,0x00,0x00,0x00,0x04,0x00,0x00,0x00,0x00,0x00,0x00,0x00,0x00,
0x0c,0x0c,0x0c,0x07,0x02,0x0f,0x0c,0x0c,0x0c,0x0c,0x0c,0x0c,0x0c,0x0c,0x0c,0x0c,
0x05,0x0c,0x0c,0x0c,0x0c,0x0c,0x0c,0x0e,0x00,0x00,0x00,0x00,0x00,0x00,0x00,0x00,
0x0c,0x0c,0x06,0x00,0x00,0x09,0x0c,0x0c,0x0c,0x0d,0x00,0x00,0x00,0x0e,0x0c,0x0c,
0x01,0x04,0x00,0x00,0x04,0x0c,0x0c,0x0c,0x00,0x00,0x00,0x00,0x00,0x00,0x00,0x00,
0x0c,0x0e,0x02,0x02,0x02,0x02,0x0c,0x0c,0x0f,0x00,0x00,0x00,0x00,0x00,0x0d,0x0c,
0x0d,0x00,0x00,0x00,0x00,0x00,0x09,0x0c,0x00,0x00,0x00,0x00,0x00,0x00,0x00,0x00,
0x0c,0x05,0x00,0x00,0x00,0x00,0x00,0x00,0x0c,0x0f,0x00,0x00,0x00,0x00,0x00,0x02,
0x0c,0x0c,0x08,0x00,0x00,0x00,0x00,0x02,0x00,0x00,0x00,0x00,0x00,0x00,0x00,0x03,
0x06,0x0f,0x0c,0x0c,0x03,0x00,0x00,0x00,0x0c,0x0c,0x0c,0x02,0x00,0x00,0x00,0x00,
0x0c,0x0c,0x02,0x03,0x00,0x00,0x00,0x00,0x08,0x04,0x00,0x00,0x00,0x00,0x00,0x00,
0x00,0x0c,0x0c,0x0c,0x0f,0x0d,0x01,0x0d,0x00,0x0d,0x0c,0x0c,0x0c,0x0c,0x0c,0x0c,
0x00,0x04,0x0d,0x0c,0x0c,0x0c,0x0c,0x0c,0x00,0x00,0x00,0x00,0x06,0x08,0x08,0x08,
0x07,0x0c,0x0c,0x0c,0x09,0x00,0x02,0x0c,0x0c,0x0c,0x0c,0x0f,0x06,0x00,0x02,0x0c,
0x0c,0x0c,0x0d,0x03,0x00,0x00,0x02,0x0c,0x04,0x00,0x00,0x00,0x00,0x00,0x0a,0x01,
0x01,0x00,0x00,0x00,0x00,0x00,0x00,0x00,0x01,0x00,0x00,0x00,0x00,0x00,0x00,0x00,
0x01,0x00,0x00,0x00,0x00,0x00,0x00,0x00,0x08,0x00,0x00,0x00,0x00,0x00,0x00,0x00,
0x00,0x00,0x00,0x00,0x00,0x00,0x00,0x00,0x00,0x00,0x00,0x00,0x00,0x00,0x00,0x00,
0x00,0x00,0x00,0x00,0x00,0x00,0x00,0x00,0x00,0x00,0x00,0x00,0x00,0x00,0x00,0x00,
0x00,0x00,0x00,0x00,0x00,0x00,0x00,0x00,0x00,0x00,0x00,0x00,0x00,0x00,0x00,0x00,
0x00,0x00,0x00,0x00,0x00,0x00,0x00,0x00,0x00,0x00,0x00,0x00,0x00,0x00,0x00,0x00,
0x00,0x00,0x00,0x00,0x00,0x00,0x00,0x00,0x00,0x00,0x00,0x00,0x00,0x00,0x00,0x00,
0x00,0x00,0x00,0x00,0x00,0x00,0x00,0x00,0x00,0x00,0x00,0x00,0x00,0x00,0x00,0x00,
0x00,0x00,0x00,0x00,0x00,0x00,0x00,0x00,0x00,0x00,0x00,0x00,0x00,0x00,0x00,0x00,
0x00,0x00,0x00,0x00,0x00,0x00,0x00,0x00,0x00,0x00,0x00,0x00,0x00,0x00,0x00,0x00,
0x00,0x00,0x00,0x00,0x00,0x00,0x00,0x00,0x00,0x00,0x00,0x00,0x00,0x00,0x00,0x00,
0x00,0x00,0x00,0x00,0x00,0x00,0x00,0x00,0x00,0x00,0x00,0x00,0x00,0x00,0x00,0x00,
0x00,0x00,0x00,0x00,0x00,0x00,0x00,0x00,0x00,0x00,0x00,0x00,0x00,0x00,0x00,0x00,
0x00,0x00,0x00,0x00,0x00,0x00,0x00,0x00,0x00,0x00,0x00,0x00,0x00,0x00,0x00,0x00,
0x00,0x00,0x00,0x00,0x00,0x00,0x00,0x00,0x00,0x00,0x00,0x00,0x00,0x00,0x00,0x00,
0x00,0x00,0x00,0x00,0x00,0x00,0x00,0x00,0x00,0x00,0x00,0x00,0x00,0x00,0x00,0x00,
0x00,0x00,0x00,0x00,0x00,0x00,0x00,0x00,0x00,0x00,0x00,0x00,0x00,0x00,0x00,0x00,
0x00,0x00,0x00,0x00,0x00,0x00,0x00,0x00,0x00,0x00,0x00,0x00,0x00,0x00,0x00,0x00,
0x00,0x00,0x00,0x00,0x00,0x00,0x00,0x00,0x00,0x00,0x00,0x00,0x00,0x00,0x00,0x00,
0x00,0x00,0x00,0x00,0x00,0x00,0x00,0x00,0x00,0x00,0x00,0x00,0x00,0x00,0x00,0x00,
0x00,0x00,0x00,0x00,0x00,0x00,0x00,0x00,0x00,0x00,0x00,0x00,0x00,0x00,0x00,0x00,
0x00,0x00,0x00,0x00,0x00,0x00,0x00,0x00,0x00,0x00,0x00,0x00,0x00,0x00,0x00,0x00,
0x00,0x00,0x00,0x00,0x00,0x00,0x00,0x00,0x00,0x00,0x00,0x00,0x00,0x00,0x00,0x00,
0x00,0x00,0x00,0x00,0x00,0x00,0x00,0x00,0x00,0x00,0x00,0x00,0x00,0x00,0x00,0x00,
0x00,0x00,0x00,0x00,0x00,0x00,0x00,0x00,0x00,0x00,0x00,0x00,0x00,0x00,0x00,0x00,
0x00,0x00,0x00,0x00,0x00,0x00,0x00,0x00,0x00,0x00,0x00,0x00,0x00,0x00,0x00,0x00,
0x00,0x00,0x00,0x00,0x00,0x00,0x00,0x00,0x00,0x00,0x00,0x00,0x00,0x00,0x00,0x00,
0x00,0x00,0x00,0x00,0x00,0x00,0x00,0x00,0x00,0x00,0x00,0x00,0x00,0x00,0x00,0x00,
0x00,0x00,0x00,0x00,0x00,0x00,0x00,0x00,0x00,0x00,0x00,0x00,0x00,0x00,0x00,0x00,
0x00,0x00,0x00,0x00,0x00,0x00,0x00,0x00,0x00,0x00,0x00,0x00,0x00,0x00,0x00,0x00,
0x00,0x00,0x00,0x00,0x00,0x00,0x00,0x00,0x00,0x00,0x00,0x00,0x00,0x00,0x00,0x00,
0x00,0x00,0x00,0x00,0x00,0x00,0x00,0x00,0x00,0x00,0x00,0x00,0x00,0x00,0x00,0x00,
0x00,0x00,0x00,0x00,0x00,0x00,0x00,0x00,0x00,0x00,0x00,0x00,0x00,0x00,0x00,0x00,
0x00,0x00,0x00,0x00,0x00,0x00,0x00,0x00,0x00,0x00,0x00,0x00,0x00,0x00,0x00,0x00,
0x00,0x00,0x00,0x00,0x00,0x00,0x00,0x00,0x00,0x00,0x00,0x00,0x00,0x00,0x00,0x00,
0x00,0x00,0x00,0x00,0x00,0x00,0x00,0x00,0x00,0x00,0x00,0x00,0x00,0x00,0x00,0x00,
0x00,0x00,0x00,0x00,0x00,0x00,0x00,0x00,0x00,0x00,0x00,0x00,0x00,0x00,0x00,0x00,
0x00,0x00,0x00,0x00,0x00,0x00,0x00,0x00,0x00,0x00,0x00,0x00,0x00,0x00,0x00,0x00,
0x00,0x00,0x00,0x00,0x00,0x00,0x00,0x00,0x00,0x00,0x00,0x00,0x00,0x00,0x00,0x00,
0x00,0x00,0x00,0x00,0x00,0x00,0x00,0x00,0x00,0x00,0x00,0x00,0x00,0x00,0x00,0x00,
0x00,0x00,0x00,0x00,0x00,0x00,0x00,0x00,0x00,0x00,0x00,0x00,0x00,0x00,0x00,0x00,
0x00,0x00,0x00,0x00,0x00,0x00,0x00,0x00,0x00,0x00,0x00,0x00,0x00,0x00,0x00,0x00,
0x00,0x00,0x00,0x00,0x00,0x00,0x00,0x00,0x00,0x00,0x00,0x00,0x00,0x00,0x00,0x00,
0x00,0x00,0x00,0x00,0x00,0x00,0x00,0x00,0x00,0x00,0x00,0x00,0x00,0x00,0x00,0x00,
0x00,0x00,0x00,0x00,0x00,0x00,0x00,0x00,0x00,0x00,0x00,0x00,0x00,0x00,0x00,0x00,
0x00,0x00,0x00,0x00,0x00,0x00,0x00,0x00,0x00,0x00,0x00,0x00,0x00,0x00,0x00,0x00,
0x00,0x00,0x00,0x00,0x00,0x00,0x00,0x00,0x00,0x00,0x00,0x00,0x00,0x00,0x00,0x00,
0x00,0x00,0x00,0x00,0x00,0x00,0x00,0x00,0x00,0x00,0x00,0x00,0x00,0x00,0x00,0x00,
0x00,0x00,0x00,0x00,0x00,0x00,0x00,0x00,0x00,0x00,0x00,0x00,0x00,0x00,0x00,0x00,
0x00,0x00,0x00,0x00,0x00,0x00,0x00,0x00,0x00,0x00,0x00,0x00,0x00,0x00,0x00,0x00,
0x00,0x00,0x00,0x00,0x00,0x00,0x00,0x00,0x00,0x00,0x00,0x00,0x00,0x00,0x00,0x00,
0x00,0x00,0x00,0x00,0x00,0x00,0x00,0x00,0x00,0x00,0x00,0x00,0x00,0x00,0x00,0x00,
0x00,0x00,0x00,0x00,0x00,0x00,0x00,0x00,0x00,0x00,0x00,0x00,0x00,0x00,0x00,0x00,
0x00,0x00,0x00,0x00,0x00,0x00,0x00,0x00,0x00,0x00,0x00,0x00,0x00,0x00,0x00,0x00,
0x00,0x00,0x00,0x00,0x00,0x00,0x00,0x00,0x00,0x00,0x00,0x00,0x00,0x00,0x00,0x00,
0x00,0x00,0x00,0x00,0x00,0x00,0x00,0x00,0x00,0x00,0x00,0x00,0x00,0x00,0x00,0x00,
0x00,0x00,0x00,0x00,0x00,0x00,0x00,0x00,0x00,0x00,0x00,0x00,0x00,0x00,0x00,0x00,
0x00,0x00,0x00,0x00,0x00,0x00,0x00,0x00,0x00,0x00,0x00,0x00,0x00,0x00,0x00,0x00,
0x00,0x00,0x00,0x00,0x00,0x00,0x00,0x00,0x00,0x00,0x00,0x00,0x00,0x00,0x00,0x00,
0x00,0x00,0x00,0x00,0x00,0x00,0x00,0x00,0x00,0x00,0x00,0x00,0x00,0x00,0x00,0x00,
0x00,0x00,0x00,0x00,0x00,0x00,0x00,0x00,0x00,0x00,0x00,0x00,0x00,0x00,0x00,0x00,
0x00,0x00,0x00,0x00,0x00,0x00,0x00,0x00,0x00,0x00,0x00,0x00,0x00,0x00,0x00,0x00,
0x00,0x00,0x00,0x00,0x00,0x00,0x00,0x00,0x00,0x00,0x00,0x00,0x00,0x00,0x00,0x00,
0x00,0x00,0x00,0x00,0x00,0x00,0x00,0x00,0x00,0x00,0x00,0x00,0x00,0x00,0x00,0x00,
0x00,0x00,0x00,0x00,0x00,0x00,0x00,0x00,0x00,0x00,0x00,0x00,0x00,0x00,0x00,0x00,
0x00,0x00,0x00,0x00,0x00,0x00,0x00,0x00,0x00,0x00,0x00,0x00,0x00,0x00,0x00,0x00,
0x00,0x00,0x00,0x00,0x00,0x00,0x00,0x00,0x00,0x00,0x00,0x00,0x00,0x00,0x00,0x00,
0x00,0x00,0x00,0x00,0x00,0x00,0x00,0x00,0x00,0x00,0x00,0x00,0x00,0x00,0x00,0x00,
0x00,0x00,0x00,0x00,0x00,0x00,0x00,0x00,0x00,0x00,0x00,0x00,0x00,0x00,0x00,0x00,
0x00,0x00,0x00,0x00,0x00,0x00,0x00,0x00,0x00,0x00,0x00,0x00,0x00,0x00,0x00,0x00,
0x00,0x00,0x00,0x00,0x00,0x00,0x00,0x00,0x00,0x00,0x00,0x00,0x00,0x00,0x00,0x00,
0x00,0x00,0x00,0x00,0x00,0x00,0x00,0x00,0x00,0x00,0x00,0x00,0x00,0x00,0x00,0x00,
0x00,0x00,0x00,0x00,0x00,0x00,0x00,0x00,0x00,0x00,0x00,0x00,0x00,0x00,0x00,0x00,
0x00,0x00,0x00,0x00,0x00,0x00,0x00,0x00,0x00,0x00,0x00,0x00,0x00,0x00,0x00,0x00,
0x00,0x00,0x00,0x00,0x00,0x00,0x00,0x00,0x00,0x00,0x00,0x00,0x00,0x00,0x00,0x00,
0x00,0x00,0x00,0x00,0x00,0x00,0x00,0x00,0x00,0x00,0x00,0x00,0x00,0x00,0x00,0x00,
0x00,0x00,0x00,0x00,0x00,0x00,0x00,0x00,0x00,0x00,0x00,0x00,0x00,0x00,0x00,0x00,
0x00,0x00,0x00,0x00,0x00,0x00,0x00,0x00,0x00,0x00,0x00,0x00,0x00,0x00,0x00,0x00,
0x00,0x00,0x00,0x00,0x00,0x00,0x00,0x00,0x00,0x00,0x00,0x00,0x00,0x00,0x00,0x00,
0x00,0x00,0x00,0x00,0x00,0x00,0x00,0x00,0x00,0x00,0x00,0x00,0x00,0x00,0x00,0x00,
0x00,0x00,0x00,0x00,0x00,0x00,0x00,0x00,0x00,0x00,0x00,0x00,0x00,0x00,0x00,0x00,
0x00,0x00,0x00,0x00,0x00,0x00,0x00,0x00,0x00,0x00,0x00,0x00,0x00,0x00,0x00,0x00,
0x00,0x00,0x00,0x00,0x00,0x00,0x00,0x00,0x00,0x00,0x00,0x00,0x00,0x00,0x00,0x00,
0x00,0x00,0x00,0x00,0x00,0x00,0x00,0x00,0x00,0x00,0x00,0x00,0x00,0x00,0x00,0x00,
0x00,0x00,0x00,0x00,0x00,0x00,0x00,0x00,0x00,0x00,0x00,0x00,0x00,0x00,0x00,0x00,
0x00,0x00,0x00,0x00,0x00,0x00,0x00,0x00,0x00,0x00,0x00,0x00,0x00,0x00,0x00,0x00,
0x00,0x00,0x00,0x00,0x00,0x00,0x00,0x00,0x00,0x00,0x00,0x00,0x00,0x00,0x00,0x00,
0x00,0x00,0x00,0x00,0x00,0x00,0x00,0x00,0x00,0x00,0x00,0x00,0x00,0x00,0x00,0x00,
0x00,0x00,0x00,0x00,0x00,0x00,0x00,0x00,0x00,0x00,0x00,0x00,0x00,0x00,0x00,0x00,
0x00,0x00,0x00,0x00,0x00,0x00,0x00,0x00,0x00,0x00,0x00,0x00,0x00,0x00,0x00,0x00,
0x00,0x00,0x00,0x00,0x00,0x00,0x00,0x00,0x00,0x00,0x00,0x00,0x00,0x00,0x00,0x00,
0x00,0x00,0x00,0x00,0x00,0x00,0x00,0x00,0x00,0x00,0x00,0x00,0x00,0x00,0x00,0x00,
0x00,0x00,0x00,0x00,0x00,0x00,0x00,0x00,0x00,0x00,0x00,0x00,0x00,0x00,0x00,0x00,
0x00,0x00,0x00,0x00,0x00,0x00,0x00,0x00,0x00,0x00,0x00,0x00,0x00,0x00,0x00,0x00,
0x00,0x00,0x00,0x00,0x00,0x00,0x00,0x00,0x00,0x00,0x00,0x00,0x00,0x00,0x00,0x00,
0x00,0x00,0x00,0x00,0x00,0x00,0x00,0x00,0x00,0x00,0x00,0x00,0x00,0x00,0x00,0x00,
0x00,0x00,0x00,0x00,0x00,0x00,0x00,0x00,0x00,0x00,0x00,0x00,0x00,0x00,0x00,0x00,
0x00,0x00,0x00,0x00,0x00,0x00,0x00,0x00,0x00,0x00,0x00,0x00,0x00,0x00,0x00,0x00,
0x00,0x00,0x00,0x00,0x00,0x00,0x00,0x00,0x00,0x00,0x00,0x00,0x00,0x00,0x00,0x00,
0x00,0x00,0x00,0x00,0x00,0x00,0x00,0x00,0x00,0x00,0x00,0x00,0x00,0x00,0x00,0x00,
0x00,0x00,0x00,0x00,0x00,0x00,0x00,0x00,0x00,0x00,0x00,0x00,0x00,0x00,0x00,0x00,
0x00,0x00,0x00,0x00,0x00,0x00,0x00,0x00,0x00,0x00,0x00,0x00,0x00,0x00,0x00,0x00,
0x00,0x00,0x00,0x00,0x00,0x00,0x00,0x00,0x00,0x00,0x00,0x00,0x00,0x00,0x00,0x00,
0x00,0x00,0x00,0x00,0x00,0x00,0x00,0x00,0x00,0x00,0x00,0x00,0x00,0x00,0x00,0x00,
0x00,0x00,0x00,0x00,0x00,0x00,0x00,0x00,0x00,0x00,0x00,0x00,0x00,0x00,0x00,0x00,
0x00,0x00,0x00,0x00,0x00,0x00,0x00,0x00,0x00,0x00,0x00,0x00,0x00,0x00,0x00,0x00,
0x00,0x00,0x00,0x00,0x00,0x00,0x00,0x00,0x00,0x00,0x00,0x00,0x00,0x00,0x00,0x00,
0x00,0x00,0x00,0x00,0x00,0x00,0x00,0x00,0x00,0x00,0x00,0x00,0x00,0x00,0x00,0x00,
0x00,0x00,0x00,0x00,0x00,0x00,0x00,0x00,0x00,0x00,0x00,0x00,0x00,0x00,0x00,0x00,
0x00,0x00,0x00,0x00,0x00,0x00,0x00,0x00,0x00,0x00,0x00,0x00,0x00,0x00,0x00,0x00,
0x00,0x00,0x00,0x00,0x00,0x00,0x00,0x00,0x00,0x00,0x00,0x00,0x00,0x00,0x00,0x00,
0x00,0x00,0x00,0x00,0x00,0x00,0x00,0x00,0x00,0x00,0x00,0x00,0x00,0x00,0x00,0x00,
0x00,0x00,0x00,0x00,0x00,0x00,0x00,0x00,0x00,0x00,0x00,0x00,0x00,0x00,0x00,0x00,
0x00,0x00,0x00,0x00,0x00,0x00,0x00,0x00,0x00,0x00,0x00,0x00,0x00,0x00,0x00,0x00,
0x00,0x00,0x00,0x00,0x00,0x00,0x00,0x00,0x00,0x00,0x00,0x00,0x00,0x00,0x00,0x00,
0x00,0x00,0x00,0x00,0x00,0x00,0x00,0x00,0x00,0x00,0x00,0x00,0x00,0x00,0x00,0x00,
0x00,0x00,0x00,0x00,0x00,0x00,0x00,0x00,0x00,0x00,0x00,0x00,0x00,0x00,0x00,0x00,
0x00,0x00,0x00,0x00,0x00,0x00,0x00,0x00,0x00,0x00,0x00,0x00,0x00,0x00,0x00,0x00,
0x00,0x00,0x00,0x00,0x00,0x00,0x00,0x00,0x00,0x00,0x00,0x00,0x00,0x00,0x00,0x00,
0x00,0x00,0x00,0x00,0x00,0x00,0x00,0x00,0x00,0x00,0x00,0x00,0x00,0x00,0x00,0x00,
0x00,0x00,0x00,0x00,0x00,0x00,0x00,0x00,0x00,0x00,0x00,0x00,0x00,0x00,0x00,0x00,
0x00,0x00,0x00,0x00,0x00,0x00,0x00,0x00,0x00,0x00,0x00,0x00,0x00,0x00,0x00,0x00,
0x00,0x00,0x00,0x00,0x00,0x00,0x00,0x00,0x00,0x00,0x00,0x00,0x00,0x00,0x00,0x00,
0x00,0x00,0x00,0x00,0x00,0x00,0x00,0x00,0x00,0x00,0x00,0x00,0x00,0x00,0x00,0x00,
0x00,0x00,0x00,0x00,0x00,0x00,0x00,0x00,0x00,0x00,0x00,0x00,0x00,0x00,0x00,0x00,
0x00,0x00,0x00,0x00,0x00,0x00,0x00,0x00,0x00,0x00,0x00,0x00,0x00,0x00,0x00,0x00,
0x00,0x00,0x00,0x00,0x00,0x00,0x00,0x00,0x00,0x00,0x00,0x00,0x00,0x00,0x00,0x00,
0x00,0x00,0x00,0x00,0x00,0x00,0x00,0x00,0x00,0x00,0x00,0x00,0x00,0x00,0x00,0x00,
0x00,0x00,0x00,0x00,0x00,0x00,0x00,0x00,0x00,0x00,0x00,0x00,0x00,0x00,0x00,0x00,
0x00,0x00,0x00,0x00,0x00,0x00,0x00,0x00,0x00,0x00,0x00,0x00,0x00,0x00,0x00,0x00,
0x00,0x00,0x00,0x00,0x00,0x00,0x00,0x00,0x00,0x00,0x00,0x00,0x00,0x00,0x00,0x00,
0x00,0x00,0x00,0x00,0x00,0x00,0x00,0x00,0x00,0x00,0x00,0x00,0x00,0x00,0x00,0x00,
0x00,0x00,0x00,0x00,0x00,0x00,0x00,0x00,0x00,0x00,0x00,0x00,0x00,0x00,0x00,0x00,
0x00,0x00,0x00,0x00,0x00,0x00,0x00,0x00,0x00,0x00,0x00,0x00,0x00,0x00,0x00,0x00,
0x00,0x00,0x00,0x00,0x00,0x00,0x00,0x00,0x00,0x00,0x00,0x00,0x00,0x00,0x00,0x00,
0x00,0x00,0x00,0x00,0x00,0x00,0x00,0x00,0x00,0x00,0x00,0x00,0x00,0x00,0x00,0x00,
0x00,0x00,0x00,0x00,0x00,0x00,0x00,0x00,0x00,0x00,0x00,0x00,0x00,0x00,0x00,0x00,
0x00,0x00,0x00,0x00,0x00,0x00,0x00,0x00,0x00,0x00,0x00,0x00,0x00,0x00,0x00,0x00,
0x00,0x00,0x00,0x00,0x00,0x00,0x00,0x00,0x00,0x00,0x00,0x00,0x00,0x00,0x00,0x00,
0x00,0x00,0x00,0x00,0x00,0x00,0x00,0x00,0x00,0x00,0x00,0x00,0x00,0x00,0x00,0x00,
0x00,0x00,0x00,0x00,0x00,0x00,0x00,0x00,0x00,0x00,0x00,0x00,0x00,0x00,0x00,0x00,
0x00,0x00,0x00,0x00,0x00,0x00,0x00,0x00,0x00,0x00,0x00,0x00,0x00,0x00,0x00,0x00,
0x00,0x00,0x00,0x00,0x00,0x00,0x00,0x00,0x00,0x00,0x00,0x00,0x00,0x00,0x00,0x00,
0x00,0x00,0x00,0x00,0x00,0x00,0x00,0x00,0x00,0x00,0x00,0x00,0x00,0x00,0x00,0x00,
0x00,0x00,0x00,0x00,0x00,0x00,0x00,0x00,0x00,0x00,0x00,0x00,0x00,0x00,0x00,0x00,
0x00,0x00,0x00,0x00,0x00,0x00,0x00,0x00,0x00,0x00,0x00,0x00,0x00,0x00,0x00,0x00,
0x00,0x00,0x00,0x00,0x00,0x00,0x00,0x00,0x00,0x00,0x00,0x00,0x00,0x00,0x00,0x00,
0x00,0x00,0x00,0x00,0x00,0x00,0x00,0x00,0x00,0x00,0x00,0x00,0x00,0x00,0x00,0x00,
0x00,0x00,0x00,0x00,0x00,0x00,0x00,0x00,0x00,0x00,0x00,0x00,0x00,0x00,0x00,0x00,
0x00,0x00,0x00,0x00,0x00,0x00,0x00,0x00,0x00,0x00,0x00,0x00,0x00,0x00,0x00,0x00,
0x00,0x00,0x00,0x00,0x00,0x00,0x00,0x00,0x00,0x00,0x00,0x00,0x00,0x00,0x00,0x00,
0x00,0x00,0x00,0x00,0x00,0x00,0x00,0x00,0x00,0x00,0x00,0x00,0x00,0x00,0x00,0x00,
0x00,0x00,0x00,0x00,0x00,0x00,0x00,0x00,0x00,0x00,0x00,0x00,0x00,0x00,0x00,0x00,
0x00,0x00,0x00,0x00,0x00,0x00,0x00,0x00,0x00,0x00,0x00,0x00,0x00,0x00,0x00,0x00,
0x00,0x00,0x00,0x00,0x00,0x00,0x00,0x00,0x00,0x00,0x00,0x00,0x00,0x00,0x00,0x00,
0x00,0x00,0x00,0x00,0x00,0x00,0x00,0x00,0x00,0x00,0x00,0x00,0x00,0x00,0x00,0x00,
0x00,0x00,0x00,0x00,0x00,0x00,0x00,0x00,0x00,0x00,0x00,0x00,0x00,0x00,0x00,0x00,
0x00,0x00,0x00,0x00,0x00,0x00,0x00,0x00,0x00,0x00,0x00,0x00,0x00,0x00,0x00,0x00,
0x00,0x00,0x00,0x00,0x00,0x00,0x00,0x00,0x00,0x00,0x00,0x00,0x00,0x00,0x00,0x00,
0x00,0x00,0x00,0x00,0x00,0x00,0x00,0x00,0x00,0x00,0x00,0x00,0x00,0x00,0x00,0x00,
0x00,0x00,0x00,0x00,0x00,0x00,0x00,0x00,0x00,0x00,0x00,0x00,0x00,0x00,0x00,0x00,
0x00,0x00,0x00,0x00,0x00,0x00,0x00,0x00,0x00,0x00,0x00,0x00,0x00,0x00,0x00,0x00,
0x00,0x00,0x00,0x00,0x00,0x00,0x00,0x00,0x00,0x00,0x00,0x00,0x00,0x00,0x00,0x00,
0x00,0x00,0x00,0x00,0x00,0x00,0x00,0x00,0x00,0x00,0x00,0x00,0x00,0x00,0x00,0x00,
0x00,0x00,0x00,0x00,0x00,0x00,0x00,0x00,0x00,0x00,0x00,0x00,0x00,0x00,0x00,0x00,
0x00,0x00,0x00,0x00,0x00,0x00,0x00,0x00,0x00,0x00,0x00,0x00,0x00,0x00,0x00,0x00,
0x00,0x00,0x00,0x00,0x00,0x00,0x00,0x00,0x00,0x00,0x00,0x00,0x00,0x00,0x00,0x00,
0x00,0x00,0x00,0x00,0x00,0x00,0x00,0x00,0x00,0x00,0x00,0x00,0x00,0x00,0x00,0x00,
0x00,0x00,0x00,0x00,0x00,0x00,0x00,0x00,0x00,0x00,0x00,0x00,0x00,0x00,0x00,0x00,
0x00,0x00,0x00,0x00,0x00,0x00,0x00,0x00,0x00,0x00,0x00,0x00,0x00,0x00,0x00,0x00,
0x00,0x00,0x00,0x00,0x00,0x00,0x00,0x00,0x00,0x00,0x00,0x00,0x00,0x00,0x00,0x00,
0x00,0x00,0x00,0x00,0x00,0x00,0x00,0x00,0x00,0x00,0x00,0x00,0x00,0x00,0x00,0x00,
0x00,0x00,0x00,0x00,0x00,0x00,0x00,0x00,0x00,0x00,0x00,0x00,0x00,0x00,0x00,0x00,
0x00,0x00,0x00,0x00,0x00,0x00,0x00,0x00,0x00,0x00,0x00,0x00,0x00,0x00,0x00,0x00,
0x00,0x00,0x00,0x00,0x00,0x00,0x00,0x00,0x00,0x00,0x00,0x00,0x00,0x00,0x00,0x00,
0x00,0x00,0x00,0x00,0x00,0x00,0x00,0x00,0x00,0x00,0x00,0x00,0x00,0x00,0x00,0x00,
0x00,0x00,0x00,0x00,0x00,0x00,0x00,0x00,0x00,0x00,0x00,0x00,0x00,0x00,0x00,0x00,
0x00,0x00,0x00,0x00,0x00,0x00,0x00,0x00,0x00,0x00,0x00,0x00,0x00,0x00,0x00,0x00,
0x00,0x00,0x00,0x00,0x00,0x00,0x00,0x00,0x00,0x00,0x00,0x00,0x00,0x00,0x00,0x00,
0x00,0x00,0x00,0x00,0x00,0x00,0x00,0x00,0x00,0x00,0x00,0x00,0x00,0x00,0x00,0x00,
0x00,0x00,0x00,0x00,0x00,0x00,0x00,0x00,0x00,0x00,0x00,0x00,0x00,0x00,0x00,0x00,
0x00,0x00,0x00,0x00,0x00,0x00,0x00,0x00,0x00,0x00,0x00,0x00,0x00,0x00,0x00,0x00,
0x00,0x00,0x00,0x00,0x00,0x00,0x00,0x00,0x00,0x00,0x00,0x00,0x00,0x00,0x00,0x00,
0x00,0x00,0x00,0x00,0x00,0x00,0x00,0x00,0x00,0x00,0x00,0x00,0x00,0x00,0x00,0x00,
0x00,0x00,0x00,0x00,0x00,0x00,0x00,0x00,0x00,0x00,0x00,0x00,0x00,0x00,0x00,0x00,
0x00,0x00,0x00,0x00,0x00,0x00,0x00,0x00,0x00,0x00,0x00,0x00,0x00,0x00,0x00,0x00,
0x00,0x00,0x00,0x00,0x00,0x00,0x00,0x00,0x00,0x00,0x00,0x00,0x00,0x00,0x00,0x00,
0x00,0x00,0x00,0x00,0x00,0x00,0x00,0x00,0x00,0x00,0x00,0x00,0x00,0x00,0x00,0x00,
0x00,0x00,0x00,0x00,0x00,0x00,0x00,0x00,0x00,0x00,0x00,0x00,0x00,0x00,0x00,0x00,
0x00,0x00,0x00,0x00,0x00,0x00,0x00,0x00,0x00,0x00,0x00,0x00,0x00,0x00,0x00,0x00,
0x00,0x00,0x00,0x00,0x00,0x00,0x00,0x00,0x00,0x00,0x00,0x00,0x00,0x00,0x00,0x00,
0x00,0x00,0x00,0x00,0x00,0x00,0x00,0x00,0x00,0x00,0x00,0x00,0x00,0x00,0x00,0x00,
0x00,0x00,0x00,0x00,0x00,0x00,0x00,0x00,0x00,0x00,0x00,0x00,0x00,0x00,0x00,0x00,
0x00,0x00,0x00,0x00,0x00,0x00,0x00,0x00,0x00,0x00,0x00,0x00,0x00,0x00,0x00,0x00,
0x00,0x00,0x00,0x00,0x00,0x00,0x00,0x00,0x00,0x00,0x00,0x00,0x00,0x00,0x00,0x00,
0x00,0x00,0x00,0x00,0x00,0x00,0x00,0x00,0x00,0x00,0x00,0x00,0x00,0x00,0x00,0x00,
0x00,0x00,0x00,0x00,0x00,0x00,0x00,0x00,0x00,0x00,0x00,0x00,0x00,0x00,0x00,0x00,
0x00,0x00,0x00,0x00,0x00,0x00,0x00,0x00,0x00,0x00,0x00,0x00,0x00,0x00,0x00,0x00,
0x00,0x00,0x00,0x00,0x00,0x00,0x00,0x00,0x00,0x00,0x00,0x00,0x00,0x00,0x00,0x00,
0x00,0x00,0x00,0x00,0x00,0x00,0x00,0x00,0x00,0x00,0x00,0x00,0x00,0x00,0x00,0x00,
0x00,0x00,0x00,0x00,0x00,0x00,0x00,0x00,0x00,0x00,0x00,0x00,0x00,0x00,0x00,0x00,
0x00,0x00,0x00,0x00,0x00,0x00,0x00,0x00,0x00,0x00,0x00,0x00,0x00,0x00,0x00,0x00,
0x00,0x00,0x00,0x00,0x00,0x00,0x00,0x00,0x00,0x00,0x00,0x00,0x00,0x00,0x00,0x00,
0x00,0x00,0x00,0x00,0x00,0x00,0x00,0x00,0x00,0x00,0x00,0x00,0x00,0x00,0x00,0x00,
0x00,0x00,0x00,0x00,0x00,0x00,0x00,0x00,0x00,0x00,0x00,0x00,0x00,0x00,0x00,0x00,
0x00,0x00,0x00,0x00,0x00,0x00,0x00,0x00,0x00,0x00,0x00,0x00,0x00,0x00,0x00,0x00,
0x00,0x00,0x00,0x00,0x00,0x00,0x00,0x00,0x00,0x00,0x00,0x00,0x00,0x00,0x00,0x00,
0x00,0x00,0x00,0x00,0x00,0x00,0x00,0x00,0x00,0x00,0x00,0x00,0x00,0x00,0x00,0x00,
0x00,0x00,0x00,0x00,0x00,0x00,0x00,0x00,0x00,0x00,0x00,0x00,0x00,0x00,0x00,0x00,
0x00,0x00,0x00,0x00,0x00,0x00,0x00,0x00,0x00,0x00,0x00,0x00,0x00,0x00,0x00,0x00,
0x00,0x00,0x00,0x00,0x00,0x00,0x00,0x00,0x00,0x00,0x00,0x00,0x00,0x00,0x00,0x00,
0x00,0x00,0x00,0x00,0x00,0x00,0x00,0x00,0x00,0x00,0x00,0x00,0x00,0x00,0x00,0x00,
0x00,0x00,0x00,0x00,0x00,0x00,0x00,0x00,0x00,0x00,0x00,0x00,0x00,0x00,0x00,0x00,
0x00,0x00,0x00,0x00,0x00,0x00,0x00,0x00,0x00,0x00,0x00,0x00,0x00,0x00,0x00,0x00,
0x00,0x00,0x00,0x00,0x00,0x00,0x00,0x00,0x00,0x00,0x00,0x00,0x00,0x00,0x00,0x00,
0x00,0x00,0x00,0x00,0x00,0x00,0x00,0x00,0x00,0x00,0x00,0x00,0x00,0x00,0x00,0x00,
0x00,0x00,0x00,0x00,0x00,0x00,0x00,0x00,0x00,0x00,0x00,0x00,0x00,0x00,0x00,0x00,
0x00,0x00,0x00,0x00,0x00,0x00,0x00,0x00,0x00,0x00,0x00,0x00,0x00,0x00,0x00,0x00,
0x00,0x00,0x00,0x00,0x00,0x00,0x00,0x00,0x00,0x00,0x00,0x00,0x00,0x00,0x00,0x00,
0x00,0x00,0x00,0x00,0x00,0x00,0x00,0x00,0x00,0x00,0x00,0x00,0x00,0x00,0x00,0x00,
0x00,0x00,0x00,0x00,0x00,0x00,0x00,0x00,0x00,0x00,0x00,0x00,0x00,0x00,0x00,0x00,
0x00,0x00,0x00,0x00,0x00,0x00,0x00,0x00,0x00,0x00,0x00,0x00,0x00,0x00,0x00,0x00,
0x00,0x00,0x00,0x00,0x00,0x00,0x00,0x00,0x00,0x00,0x00,0x00,0x00,0x00,0x00,0x00,
0x00,0x00,0x00,0x00,0x00,0x00,0x00,0x00,0x00,0x00,0x00,0x00,0x00,0x00,0x00,0x00,
0x00,0x00,0x00,0x00,0x00,0x00,0x00,0x00,0x00,0x00,0x00,0x00,0x00,0x00,0x00,0x00,
0x00,0x00,0x00,0x00,0x00,0x00,0x00,0x00,0x00,0x00,0x00,0x00,0x00,0x00,0x00,0x00,
0x00,0x00,0x00,0x00,0x00,0x00,0x00,0x00,0x00,0x00,0x00,0x00,0x00,0x00,0x00,0x00,
0x00,0x00,0x00,0x00,0x00,0x00,0x00,0x00,0x00,0x00,0x00,0x00,0x00,0x00,0x00,0x00,
0x00,0x00,0x00,0x00,0x00,0x00,0x00,0x00,0x00,0x00,0x00,0x00,0x00,0x00,0x00,0x00,
0x00,0x00,0x00,0x00,0x00,0x00,0x00,0x00,0x00,0x00,0x00,0x00,0x00,0x00,0x00,0x00,
0x00,0x00,0x00,0x00,0x00,0x00,0x00,0x00,0x00,0x00,0x00,0x00,0x00,0x00,0x00,0x00,
0x00,0x00,0x00,0x00,0x00,0x00,0x00,0x00,0x00,0x00,0x00,0x00,0x00,0x00,0x00,0x00,
0x00,0x00,0x00,0x00,0x00,0x00,0x00,0x00,0x00,0x00,0x00,0x00,0x00,0x00,0x00,0x00,
0x00,0x00,0x00,0x00,0x00,0x00,0x00,0x00,0x00,0x00,0x00,0x00,0x00,0x00,0x00,0x00,
0x00,0x00,0x00,0x00,0x00,0x00,0x00,0x00,0x00,0x00,0x00,0x00,0x00,0x00,0x00,0x00,
0x00,0x00,0x00,0x00,0x00,0x00,0x00,0x00,0x00,0x00,0x00,0x00,0x00,0x00,0x00,0x00,
0x00,0x00,0x00,0x00,0x00,0x00,0x00,0x00,0x00,0x00,0x00,0x00,0x00,0x00,0x00,0x00,
0x00,0x00,0x00,0x00,0x00,0x00,0x00,0x00,0x00,0x00,0x00,0x00,0x00,0x00,0x00,0x00,
0x00,0x00,0x00,0x00,0x00,0x00,0x00,0x00,0x00,0x00,0x00,0x00,0x00,0x00,0x00,0x00,
0x00,0x00,0x00,0x00,0x00,0x00,0x00,0x00,0x00,0x00,0x00,0x00,0x00,0x00,0x00,0x00,
0x00,0x00,0x00,0x00,0x00,0x00,0x00,0x00,0x00,0x00,0x00,0x00,0x00,0x00,0x00,0x00,
0x00,0x00,0x00,0x00,0x00,0x00,0x00,0x00,0x00,0x00,0x00,0x00,0x00,0x00,0x00,0x00,
0x00,0x00,0x00,0x00,0x00,0x00,0x00,0x00,0x00,0x00,0x00,0x00,0x00,0x00,0x00,0x00,
0x00,0x00,0x00,0x00,0x00,0x00,0x00,0x00,0x00,0x00,0x00,0x00,0x00,0x00,0x00,0x00,
0x00,0x00,0x00,0x00,0x00,0x00,0x00,0x00,0x00,0x00,0x00,0x00,0x00,0x00,0x00,0x00,
0x00,0x00,0x00,0x00,0x00,0x00,0x00,0x00,0x00,0x00,0x00,0x00,0x00,0x00,0x00,0x00,
0x00,0x00,0x00,0x00,0x00,0x00,0x00,0x00,0x00,0x00,0x00,0x00,0x00,0x00,0x00,0x00,
0x00,0x00,0x00,0x00,0x00,0x00,0x00,0x00,0x00,0x00,0x00,0x00,0x00,0x00,0x00,0x00,
0x00,0x00,0x00,0x00,0x00,0x00,0x00,0x00,0x00,0x00,0x00,0x00,0x00,0x00,0x00,0x00,
0x00,0x00,0x00,0x00,0x00,0x00,0x00,0x00,0x00,0x00,0x00,0x00,0x00,0x00,0x00,0x00,
0x00,0x00,0x00,0x00,0x00,0x00,0x00,0x00,0x00,0x00,0x00,0x00,0x00,0x00,0x00,0x00,
0x00,0x00,0x00,0x00,0x00,0x00,0x00,0x00,0x00,0x00,0x00,0x00,0x00,0x00,0x00,0x00,
0x00,0x00,0x00,0x00,0x00,0x00,0x00,0x00,0x00,0x00,0x00,0x00,0x00,0x00,0x00,0x00,
0x00,0x00,0x00,0x00,0x00,0x00,0x00,0x00,0x00,0x00,0x00,0x00,0x00,0x00,0x00,0x00,
0x00,0x00,0x00,0x00,0x00,0x00,0x00,0x00,0x00,0x00,0x00,0x00,0x00,0x00,0x00,0x00,
0x00,0x00,0x00,0x00,0x00,0x00,0x00,0x00,0x00,0x00,0x00,0x00,0x00,0x00,0x00,0x00,
0x00,0x00,0x00,0x00,0x00,0x00,0x00,0x00,0x00,0x00,0x00,0x00,0x00,0x00,0x00,0x00,
0x00,0x00,0x00,0x00,0x00,0x00,0x00,0x00,0x00,0x00,0x00,0x00,0x00,0x00,0x00,0x00,
0x00,0x00,0x00,0x00,0x00,0x00,0x00,0x00,0x00,0x00,0x00,0x00,0x00,0x00,0x00,0x00,
0x00,0x00,0x00,0x00,0x00,0x00,0x00,0x00,0x00,0x00,0x00,0x00,0x00,0x00,0x00,0x00,
0x00,0x00,0x00,0x00,0x00,0x00,0x00,0x00,0x00,0x00,0x00,0x00,0x00,0x00,0x00,0x00,
0x00,0x00,0x00,0x00,0x00,0x00,0x00,0x00,0x00,0x00,0x00,0x00,0x00,0x00,0x00,0x00,
0x00,0x00,0x00,0x00,0x00,0x00,0x00,0x00,0x00,0x00,0x00,0x00,0x00,0x00,0x00,0x00,
0x00,0x00,0x00,0x00,0x00,0x00,0x00,0x00,0x00,0x00,0x00,0x00,0x00,0x00,0x00,0x00,
0x00,0x00,0x00,0x00,0x00,0x00,0x00,0x00,0x00,0x00,0x00,0x00,0x00,0x00,0x00,0x00,
0x00,0x00,0x00,0x00,0x00,0x00,0x00,0x00,0x00,0x00,0x00,0x00,0x00,0x00,0x00,0x00,
0x00,0x00,0x00,0x00,0x00,0x00,0x00,0x00,0x00,0x00,0x00,0x00,0x00,0x00,0x00,0x00,
0x00,0x00,0x00,0x00,0x00,0x00,0x00,0x00,0x00,0x00,0x00,0x00,0x00,0x00,0x00,0x00,
0x00,0x00,0x00,0x00,0x00,0x00,0x00,0x00,0x00,0x00,0x00,0x00,0x00,0x00,0x00,0x00,
0x00,0x00,0x00,0x00,0x00,0x00,0x00,0x00,0x00,0x00,0x00,0x00,0x00,0x00,0x00,0x00,
0x00,0x00,0x00,0x00,0x00,0x00,0x00,0x00,0x00,0x00,0x00,0x00,0x00,0x00,0x00,0x00,
0x00,0x00,0x00,0x00,0x00,0x00,0x00,0x00,0x00,0x00,0x00,0x00,0x00,0x00,0x00,0x00,
0x00,0x00,0x00,0x00,0x00,0x00,0x00,0x00,0x00,0x00,0x00,0x00,0x00,0x00,0x00,0x00,
0x00,0x00,0x00,0x00,0x00,0x00,0x00,0x00,0x00,0x00,0x00,0x00,0x00,0x00,0x00,0x00,
0x00,0x00,0x00,0x00,0x00,0x00,0x00,0x00,0x00,0x00,0x00,0x00,0x00,0x00,0x00,0x00,
0x00,0x00,0x00,0x00,0x00,0x00,0x00,0x00,0x00,0x00,0x00,0x00,0x00,0x00,0x00,0x00,
0x00,0x00,0x00,0x00,0x00,0x00,0x00,0x00,0x00,0x00,0x00,0x00,0x00,0x00,0x00,0x00,
0x00,0x00,0x00,0x00,0x00,0x00,0x00,0x00,0x00,0x00,0x00,0x00,0x00,0x00,0x00,0x00,
0x00,0x00,0x00,0x00,0x00,0x00,0x00,0x00,0x00,0x00,0x00,0x00,0x00,0x00,0x00,0x00,
0x00,0x00,0x00,0x00,0x00,0x00,0x00,0x00,0x00,0x00,0x00,0x00,0x00,0x00,0x00,0x00,
0x00,0x00,0x00,0x00,0x00,0x00,0x00,0x00,0x00,0x00,0x00,0x00,0x00,0x00,0x00,0x00,
0x00,0x00,0x00,0x00,0x00,0x00,0x00,0x00,0x00,0x00,0x00,0x00,0x00,0x00,0x00,0x00,
0x00,0x00,0x00,0x00,0x00,0x00,0x00,0x00,0x00,0x00,0x00,0x00,0x00,0x00,0x00,0x00,
0x00,0x00,0x00,0x00,0x00,0x00,0x00,0x00,0x00,0x00,0x00,0x00,0x00,0x00,0x00,0x00,
0x00,0x00,0x00,0x00,0x00,0x00,0x00,0x00,0x00,0x00,0x00,0x00,0x00,0x00,0x00,0x00,
0x00,0x00,0x00,0x00,0x00,0x00,0x00,0x00,0x00,0x00,0x00,0x00,0x00,0x00,0x00,0x00,
0x00,0x00,0x00,0x00,0x00,0x00,0x00,0x00,0x00,0x00,0x00,0x00,0x00,0x00,0x00,0x00,
0x00,0x00,0x00,0x00,0x00,0x00,0x00,0x00,0x00,0x00,0x00,0x00,0x00,0x00,0x00,0x00,
0x00,0x00,0x00,0x00,0x00,0x00,0x00,0x00,0x00,0x00,0x00,0x00,0x00,0x00,0x00,0x00,
0x00,0x00,0x00,0x00,0x00,0x00,0x00,0x00,0x00,0x00,0x00,0x00,0x00,0x00,0x00,0x00,
0x00,0x00,0x00,0x00,0x00,0x00,0x00,0x00,0x00,0x00,0x00,0x00,0x00,0x00,0x00,0x00,
0x00,0x00,0x00,0x00,0x00,0x00,0x00,0x00,0x00,0x00,0x00,0x00,0x00,0x00,0x00,0x00,
0x00,0x00,0x00,0x00,0x00,0x00,0x00,0x00,0x00,0x00,0x00,0x00,0x00,0x00,0x00,0x00,
0x00,0x00,0x00,0x00,0x00,0x00,0x00,0x00,0x00,0x00,0x00,0x00,0x00,0x00,0x00,0x00,
0x00,0x00,0x00,0x00,0x00,0x00,0x00,0x00,0x00,0x00,0x00,0x00,0x00,0x00,0x00,0x00,
0x00,0x00,0x00,0x00,0x00,0x00,0x00,0x00,0x00,0x00,0x00,0x00,0x00,0x00,0x00,0x00,
0x00,0x00,0x00,0x00,0x00,0x00,0x00,0x00,0x00,0x00,0x00,0x00,0x00,0x00,0x00,0x00,
0x00,0x00,0x00,0x00,0x00,0x00,0x00,0x00,0x00,0x00,0x00,0x00,0x00,0x00,0x00,0x00,
0x00,0x00,0x00,0x00,0x00,0x00,0x00,0x00,0x00,0x00,0x00,0x00,0x00,0x00,0x00,0x00,
0x00,0x00,0x00,0x00,0x00,0x00,0x00,0x00,0x00,0x00,0x00,0x00,0x00,0x00,0x00,0x00,
0x00,0x00,0x00,0x00,0x00,0x00,0x00,0x00,0x00,0x00,0x00,0x00,0x00,0x00,0x00,0x00,
0x00,0x00,0x00,0x00,0x00,0x00,0x00,0x00,0x00,0x00,0x00,0x00,0x00,0x00,0x00,0x00,
0x00,0x00,0x00,0x00,0x00,0x00,0x00,0x00,0x00,0x00,0x00,0x00,0x00,0x00,0x00,0x00,
0x00,0x00,0x00,0x00,0x00,0x00,0x00,0x00,0x00,0x00,0x00,0x00,0x00,0x00,0x00,0x00,
0x00,0x00,0x00,0x00,0x00,0x00,0x00,0x00,0x00,0x00,0x00,0x00,0x00,0x00,0x00,0x00,
0x00,0x00,0x00,0x00,0x00,0x00,0x00,0x00,0x00,0x00,0x00,0x00,0x00,0x00,0x00,0x00,
0x00,0x00,0x00,0x00,0x00,0x00,0x00,0x00,0x00,0x00,0x00,0x00,0x00,0x00,0x00,0x00,
0x00,0x00,0x00,0x00,0x00,0x00,0x00,0x00,0x00,0x00,0x00,0x00,0x00,0x00,0x00,0x00,
0x00,0x00,0x00,0x00,0x00,0x00,0x00,0x00,0x00,0x00,0x00,0x00,0x00,0x00,0x00,0x00,
0x00,0x00,0x00,0x00,0x00,0x00,0x00,0x00,0x00,0x00,0x00,0x00,0x00,0x00,0x00,0x00,
0x00,0x00,0x00,0x00,0x00,0x00,0x00,0x00,0x00,0x00,0x00,0x00,0x00,0x00,0x00,0x00,
0x00,0x00,0x00,0x00,0x00,0x00,0x00,0x00,0x00,0x00,0x00,0x00,0x00,0x00,0x00,0x00,
0x00,0x00,0x00,0x00,0x00,0x00,0x00,0x00,0x00,0x00,0x00,0x00,0x00,0x00,0x00,0x00,
0x00,0x00,0x00,0x00,0x00,0x00,0x00,0x00,0x00,0x00,0x00,0x00,0x00,0x00,0x00,0x00,
0x00,0x00,0x00,0x00,0x00,0x00,0x00,0x00,0x00,0x00,0x00,0x00,0x00,0x00,0x00,0x00,
0x00,0x00,0x00,0x00,0x00,0x00,0x00,0x00,0x00,0x00,0x00,0x00,0x00,0x00,0x00,0x00,
0x00,0x00,0x00,0x00,0x00,0x00,0x00,0x00,0x00,0x00,0x00,0x00,0x00,0x00,0x00,0x00,
0x00,0x00,0x00,0x00,0x00,0x00,0x00,0x00,0x00,0x00,0x00,0x00,0x00,0x00,0x00,0x00,
0x00,0x00,0x00,0x00,0x00,0x00,0x00,0x00,0x00,0x00,0x00,0x00,0x00,0x00,0x00,0x00,
0x00,0x00,0x00,0x00,0x00,0x00,0x00,0x00,0x00,0x00,0x00,0x00,0x00,0x00,0x00,0x00,
0x00,0x00,0x00,0x00,0x00,0x00,0x00,0x00,0x00,0x00,0x00,0x00,0x00,0x00,0x00,0x00,
0x00,0x00,0x00,0x00,0x00,0x00,0x00,0x00,0x00,0x00,0x00,0x00,0x00,0x00,0x00,0x00,
0x00,0x00,0x00,0x00,0x00,0x00,0x00,0x00,0x00,0x00,0x00,0x00,0x00,0x00,0x00,0x00,
0x00,0x00,0x00,0x00,0x00,0x00,0x00,0x00,0x00,0x00,0x00,0x00,0x00,0x00,0x00,0x00,
0x00,0x00,0x00,0x00,0x00,0x00,0x00,0x00,0x00,0x00,0x00,0x00,0x00,0x00,0x00,0x00,
0x00,0x00,0x00,0x00,0x00,0x00,0x00,0x00,0x00,0x00,0x00,0x00,0x00,0x00,0x00,0x00,
0x00,0x00,0x00,0x00,0x00,0x00,0x00,0x00,0x00,0x00,0x00,0x00,0x00,0x00,0x00,0x00,
0x00,0x00,0x00,0x00,0x00,0x00,0x00,0x00,0x00,0x00,0x00,0x00,0x00,0x00,0x00,0x00,
0x00,0x00,0x00,0x00,0x00,0x00,0x00,0x00,0x00,0x00,0x00,0x00,0x00,0x00,0x00,0x00,
0x00,0x00,0x00,0x00,0x00,0x00,0x00,0x00,0x00,0x00,0x00,0x00,0x00,0x00,0x00,0x00,
0x00,0x00,0x00,0x00,0x00,0x00,0x00,0x00,0x00,0x00,0x00,0x00,0x00,0x00,0x00,0x00,
0x00,0x00,0x00,0x00,0x00,0x00,0x00,0x00,0x00,0x00,0x00,0x00,0x00,0x00,0x00,0x00,
0x00,0x00,0x00,0x00,0x00,0x00,0x00,0x00,0x00,0x00,0x00,0x00,0x00,0x00,0x00,0x00,
0x00,0x00,0x00,0x00,0x00,0x00,0x00,0x00,0x00,0x00,0x00,0x00,0x00,0x00,0x00,0x00,
0x00,0x00,0x00,0x00,0x00,0x00,0x00,0x00,0x00,0x00,0x00,0x00,0x00,0x00,0x00,0x00,
0x00,0x00,0x00,0x00,0x00,0x00,0x00,0x00,0x00,0x00,0x00,0x00,0x00,0x00,0x00,0x00,
0x00,0x00,0x00,0x00,0x00,0x00,0x00,0x00,0x00,0x00,0x00,0x00,0x00,0x00,0x00,0x00,
0x00,0x00,0x00,0x00,0x00,0x00,0x00,0x00,0x00,0x00,0x00,0x00,0x00,0x00,0x00,0x00,
0x00,0x00,0x00,0x00,0x00,0x00,0x00,0x00,0x00,0x00,0x00,0x00,0x00,0x00,0x00,0x00,
0x00,0x00,0x00,0x00,0x00,0x00,0x00,0x00,0x00,0x00,0x00,0x00,0x00,0x00,0x00,0x00,
0x00,0x00,0x00,0x00,0x00,0x00,0x00,0x00,0x00,0x00,0x00,0x00,0x00,0x00,0x00,0x00,
0x00,0x00,0x00,0x00,0x00,0x00,0x00,0x00,0x00,0x00,0x00,0x00,0x00,0x00,0x00,0x00,
0x00,0x00,0x00,0x00,0x00,0x00,0x00,0x00,0x00,0x00,0x00,0x00,0x00,0x00,0x00,0x00,
0x00,0x00,0x00,0x00,0x00,0x00,0x00,0x00,0x00,0x00,0x00,0x00,0x00,0x00,0x00,0x00,
0x00,0x00,0x00,0x00,0x00,0x00,0x00,0x00,0x00,0x00,0x00,0x00,0x00,0x00,0x00,0x00,
0x00,0x00,0x00,0x00,0x00,0x00,0x00,0x00,0x00,0x00,0x00,0x00,0x00,0x00,0x00,0x00,
0x00,0x00,0x00,0x00,0x00,0x00,0x00,0x00,0x00,0x00,0x00,0x00,0x00,0x00,0x00,0x00,
0x00,0x00,0x00,0x00,0x00,0x00,0x00,0x00,0x00,0x00,0x00,0x00,0x00,0x00,0x00,0x00,
0x00,0x00,0x00,0x00,0x00,0x00,0x00,0x00,0x00,0x00,0x00,0x00,0x00,0x00,0x00,0x00,
0x00,0x00,0x00,0x00,0x00,0x00,0x00,0x00,0x00,0x00,0x00,0x00,0x00,0x00,0x00,0x00,
0x00,0x00,0x00,0x00,0x00,0x00,0x00,0x00,0x00,0x00,0x00,0x00,0x00,0x00,0x00,0x00,
0x00,0x00,0x00,0x00,0x00,0x00,0x00,0x00,0x00,0x00,0x00,0x00,0x00,0x00,0x00,0x00,
0x00,0x00,0x00,0x00,0x00,0x00,0x00,0x00,0x00,0x00,0x00,0x00,0x00,0x00,0x00,0x00,
0x00,0x00,0x00,0x00,0x00,0x00,0x00,0x00,0x00,0x00,0x00,0x00,0x00,0x00,0x00,0x00,
0x00,0x00,0x00,0x00,0x00,0x00,0x00,0x00,0x00,0x00,0x00,0x00,0x00,0x00,0x00,0x00,
0x00,0x00,0x00,0x00,0x00,0x00,0x00,0x00,0x00,0x00,0x00,0x00,0x00,0x00,0x00,0x00,
0x00,0x00,0x00,0x00,0x00,0x00,0x00,0x00,0x00,0x00,0x00,0x00,0x00,0x00,0x00,0x00,
0x00,0x00,0x00,0x00,0x00,0x00,0x00,0x00,0x00,0x00,0x00,0x00,0x00,0x00,0x00,0x00,
0x00,0x00,0x00,0x00,0x00,0x00,0x00,0x00,0x00,0x00,0x00,0x00,0x00,0x00,0x00,0x00,
0x00,0x00,0x00,0x00,0x00,0x00,0x00,0x00,0x00,0x00,0x00,0x00,0x00,0x00,0x00,0x00,
0x00,0x00,0x00,0x00,0x00,0x00,0x00,0x00,0x00,0x00,0x00,0x00,0x00,0x00,0x00,0x00,
0x00,0x00,0x00,0x00,0x00,0x00,0x00,0x00,0x00,0x00,0x00,0x00,0x00,0x00,0x00,0x00,
0x00,0x00,0x00,0x00,0x00,0x00,0x00,0x00,0x00,0x00,0x00,0x00,0x00,0x00,0x00,0x00,
0x00,0x00,0x00,0x00,0x00,0x00,0x00,0x00,0x00,0x00,0x00,0x00,0x00,0x00,0x00,0x00,
0x00,0x00,0x00,0x00,0x00,0x00,0x00,0x00,0x00,0x00,0x00,0x00,0x00,0x00,0x00,0x00,
0x00,0x00,0x00,0x00,0x00,0x00,0x00,0x00,0x00,0x00,0x00,0x00,0x00,0x00,0x00,0x00,
0x00,0x00,0x00,0x00,0x00,0x00,0x00,0x00,0x00,0x00,0x00,0x00,0x00,0x00,0x00,0x00,
0x00,0x00,0x00,0x00,0x00,0x00,0x00,0x00,0x00,0x00,0x00,0x00,0x00,0x00,0x00,0x00,
0x00,0x00,0x00,0x00,0x00,0x00,0x00,0x00,0x00,0x00,0x00,0x00,0x00,0x00,0x00,0x00,
0x00,0x00,0x00,0x00,0x00,0x00,0x00,0x00,0x00,0x00,0x00,0x00,0x00,0x00,0x00,0x00,
0x00,0x00,0x00,0x00,0x00,0x00,0x00,0x00,0x00,0x00,0x00,0x00,0x00,0x00,0x00,0x00,
0x00,0x00,0x00,0x00,0x00,0x00,0x00,0x00,0x00,0x00,0x00,0x00,0x00,0x00,0x00,0x00,
0x00,0x00,0x00,0x00,0x00,0x00,0x00,0x00,0x00,0x00,0x00,0x00,0x00,0x00,0x00,0x00,
0x00,0x00,0x00,0x00,0x00,0x00,0x00,0x00,0x00,0x00,0x00,0x00,0x00,0x00,0x00,0x00,
0x00,0x00,0x00,0x00,0x00,0x00,0x00,0x00,0x00,0x00,0x00,0x00,0x00,0x00,0x00,0x00,
0x00,0x00,0x00,0x00,0x00,0x00,0x00,0x00,0x00,0x00,0x00,0x00,0x00,0x00,0x00,0x00,
0x00,0x00,0x00,0x00,0x00,0x00,0x00,0x00,0x00,0x00,0x00,0x00,0x00,0x00,0x00,0x00,
0x00,0x00,0x00,0x00,0x00,0x00,0x00,0x00,0x00,0x00,0x00,0x00,0x00,0x00,0x00,0x00,
0x00,0x00,0x00,0x00,0x00,0x00,0x00,0x00,0x00,0x00,0x00,0x00,0x00,0x00,0x00,0x00,
0x00,0x00,0x00,0x00,0x00,0x00,0x00,0x00,0x00,0x00,0x00,0x00,0x00,0x00,0x00,0x00,
0x00,0x00,0x00,0x00,0x00,0x00,0x00,0x00,0x00,0x00,0x00,0x00,0x00,0x00,0x00,0x00,
0x00,0x00,0x00,0x00,0x00,0x00,0x00,0x00,0x00,0x00,0x00,0x00,0x00,0x00,0x00,0x00,
0x00,0x00,0x00,0x00,0x00,0x00,0x00,0x00,0x00,0x00,0x00,0x00,0x00,0x00,0x00,0x00,
0x00,0x00,0x00,0x00,0x00,0x00,0x00,0x00,0x00,0x00,0x00,0x00,0x00,0x00,0x00,0x00,
0x00,0x00,0x00,0x00,0x00,0x00,0x00,0x00,0x00,0x00,0x00,0x00,0x00,0x00,0x00,0x00,
0x00,0x00,0x00,0x00,0x00,0x00,0x00,0x00,0x00,0x00,0x00,0x00,0x00,0x00,0x00,0x00,
0x00,0x00,0x00,0x00,0x00,0x00,0x00,0x00,0x00,0x00,0x00,0x00,0x00,0x00,0x00,0x00,
0x00,0x00,0x00,0x00,0x00,0x00,0x00,0x00,0x00,0x00,0x00,0x00,0x00,0x00,0x00,0x00,
0x00,0x00,0x00,0x00,0x00,0x00,0x00,0x00,0x00,0x00,0x00,0x00,0x00,0x00,0x00,0x00,
0x00,0x00,0x00,0x00,0x00,0x00,0x00,0x00,0x00,0x00,0x00,0x00,0x00,0x00,0x00,0x00,
0x00,0x00,0x00,0x00,0x00,0x00,0x00,0x00,0x00,0x00,0x00,0x00,0x00,0x00,0x00,0x00,
0x00,0x00,0x00,0x00,0x00,0x00,0x00,0x00,0x00,0x00,0x00,0x00,0x00,0x00,0x00,0x00,
0x00,0x00,0x00,0x00,0x00,0x00,0x00,0x00,0x00,0x00,0x00,0x00,0x00,0x00,0x00,0x00,
0x00,0x00,0x00,0x00,0x00,0x00,0x00,0x00,0x00,0x00,0x00,0x00,0x00,0x00,0x00,0x00,
0x00,0x00,0x00,0x00,0x00,0x00,0x00,0x00,0x00,0x00,0x00,0x00,0x00,0x00,0x00,0x00,
0x00,0x00,0x00,0x00,0x00,0x00,0x00,0x00,0x00,0x00,0x00,0x00,0x00,0x00,0x00,0x00,
0x00,0x00,0x00,0x00,0x00,0x00,0x00,0x00,0x00,0x00,0x00,0x00,0x00,0x00,0x00,0x00,
0x00,0x00,0x00,0x00,0x00,0x00,0x00,0x00,0x00,0x00,0x00,0x00,0x00,0x00,0x00,0x00,
0x00,0x00,0x00,0x00,0x00,0x00,0x00,0x00,0x00,0x00,0x00,0x00,0x00,0x00,0x00,0x00,
0x00,0x00,0x00,0x00,0x00,0x00,0x00,0x00,0x00,0x00,0x00,0x00,0x00,0x00,0x00,0x00,
0x00,0x00,0x00,0x00,0x00,0x00,0x00,0x00,0x00,0x00,0x00,0x00,0x00,0x00,0x00,0x00,
0x00,0x00,0x00,0x00,0x00,0x00,0x00,0x00,0x00,0x00,0x00,0x00,0x00,0x00,0x00,0x00,
0x00,0x00,0x00,0x00,0x00,0x00,0x00,0x00,0x00,0x00,0x00,0x00,0x00,0x00,0x00,0x00,
0x00,0x00,0x00,0x00,0x00,0x00,0x00,0x00,0x00,0x00,0x00,0x00,0x00,0x00,0x00,0x00,
0x00,0x00,0x00,0x00,0x00,0x00,0x00,0x00,0x00,0x00,0x00,0x00,0x00,0x00,0x00,0x00,
0x00,0x00,0x00,0x00,0x00,0x00,0x00,0x00,0x00,0x00,0x00,0x00,0x00,0x00,0x00,0x00,
0x00,0x00,0x00,0x00,0x00,0x00,0x00,0x00,0x00,0x00,0x00,0x00,0x00,0x00,0x00,0x00,
0x00,0x00,0x00,0x00,0x00,0x00,0x00,0x00,0x00,0x00,0x00,0x00,0x00,0x00,0x00,0x00,
0x00,0x00,0x00,0x00,0x00,0x00,0x00,0x00,0x00,0x00,0x00,0x00,0x00,0x00,0x00,0x00,
0x00,0x00,0x00,0x00,0x00,0x00,0x00,0x00,0x00,0x00,0x00,0x00,0x00,0x00,0x00,0x00,
0x00,0x00,0x00,0x00,0x00,0x00,0x00,0x00,0x00,0x00,0x00,0x00,0x00,0x00,0x00,0x00,
0x00,0x00,0x00,0x00,0x00,0x00,0x00,0x00,0x00,0x00,0x00,0x00,0x00,0x00,0x00,0x00,
0x00,0x00,0x00,0x00,0x00,0x00,0x00,0x00,0x00,0x00,0x00,0x00,0x00,0x00,0x00,0x00,
0x00,0x00,0x00,0x00,0x00,0x00,0x00,0x00,0x00,0x00,0x00,0x00,0x00,0x00,0x00,0x00,
0x00,0x00,0x00,0x00,0x00,0x00,0x00,0x00,0x00,0x00,0x00,0x00,0x00,0x00,0x00,0x00,
0x00,0x00,0x00,0x00,0x00,0x00,0x00,0x00,0x00,0x00,0x00,0x00,0x00,0x00,0x00,0x00,
0x00,0x00,0x00,0x00,0x00,0x00,0x00,0x00,0x00,0x00,0x00,0x00,0x00,0x00,0x00,0x00,
0x00,0x00,0x00,0x00,0x00,0x00,0x00,0x00,0x00,0x00,0x00,0x00,0x00,0x00,0x00,0x00,
0x00,0x00,0x00,0x00,0x00,0x00,0x00,0x00,0x00,0x00,0x00,0x00,0x00,0x00,0x00,0x00,
0x00,0x00,0x00,0x00,0x00,0x00,0x00,0x00,0x00,0x00,0x00,0x00,0x00,0x00,0x00,0x00,
0x00,0x00,0x00,0x00,0x00,0x00,0x00,0x00,0x00,0x00,0x00,0x00,0x00,0x00,0x00,0x00,
0x00,0x00,0x00,0x00,0x00,0x00,0x00,0x00,0x00,0x00,0x00,0x00,0x00,0x00,0x00,0x00,
0x00,0x00,0x00,0x00,0x00,0x00,0x00,0x00,0x00,0x00,0x00,0x00,0x00,0x00,0x00,0x00,
0x00,0x00,0x00,0x00,0x00,0x00,0x00,0x00,0x00,0x00,0x00,0x00,0x00,0x00,0x00,0x00,
0x00,0x00,0x00,0x00,0x00,0x00,0x00,0x00,0x00,0x00,0x00,0x00,0x00,0x00,0x00,0x00,
0x00,0x00,0x00,0x00,0x00,0x00,0x00,0x00,0x00,0x00,0x00,0x00,0x00,0x00,0x00,0x00,
0x00,0x00,0x00,0x00,0x00,0x00,0x00,0x00,0x00,0x00,0x00,0x00,0x00,0x00,0x00,0x00,
0x00,0x00,0x00,0x00,0x00,0x00,0x00,0x00,0x00,0x00,0x00,0x00,0x00,0x00,0x00,0x00,
0x00,0x00,0x00,0x00,0x00,0x00,0x00,0x00,0x00,0x00,0x00,0x00,0x00,0x00,0x00,0x00,
0x00,0x00,0x00,0x00,0x00,0x00,0x00,0x00,0x00,0x00,0x00,0x00,0x00,0x00,0x00,0x00,
0x00,0x00,0x00,0x00,0x00,0x00,0x00,0x00,0x00,0x00,0x00,0x00,0x00,0x00,0x00,0x00,
0x00,0x00,0x00,0x00,0x00,0x00,0x00,0x00,0x00,0x00,0x00,0x00,0x00,0x00,0x00,0x00,
0x00,0x00,0x00,0x00,0x00,0x00,0x00,0x00,0x00,0x00,0x00,0x00,0x00,0x00,0x00,0x00,
0x00,0x00,0x00,0x00,0x00,0x00,0x00,0x00,0x00,0x00,0x00,0x00,0x00,0x00,0x00,0x00,
0x00,0x00,0x00,0x00,0x00,0x00,0x00,0x00,0x00,0x00,0x00,0x00,0x00,0x00,0x00,0x00,
0x00,0x00,0x00,0x00,0x00,0x00,0x00,0x00,0x00,0x00,0x00,0x00,0x00,0x00,0x00,0x00,
0x00,0x00,0x00,0x00,0x00,0x00,0x00,0x00,0x00,0x00,0x00,0x00,0x00,0x00,0x00,0x00,
0x00,0x00,0x00,0x00,0x00,0x00,0x00,0x00,0x00,0x00,0x00,0x00,0x00,0x00,0x00,0x00,
0x00,0x00,0x00,0x00,0x00,0x00,0x00,0x00,0x00,0x00,0x00,0x00,0x00,0x00,0x00,0x00,
0x00,0x00,0x00,0x00,0x00,0x00,0x00,0x00,0x00,0x00,0x00,0x00,0x00,0x00,0x00,0x00,
0x00,0x00,0x00,0x00,0x00,0x00,0x00,0x00,0x00,0x00,0x00,0x00,0x00,0x00,0x00,0x00,
0x00,0x00,0x00,0x00,0x00,0x00,0x00,0x00,0x00,0x00,0x00,0x00,0x00,0x00,0x00,0x00,
0x00,0x00,0x00,0x00,0x00,0x00,0x00,0x00,0x00,0x00,0x00,0x00,0x00,0x00,0x00,0x00,
0x00,0x00,0x00,0x00,0x00,0x00,0x00,0x00,0x00,0x00,0x00,0x00,0x00,0x00,0x00,0x00,
0x00,0x00,0x00,0x00,0x00,0x00,0x00,0x00,0x00,0x00,0x00,0x00,0x00,0x00,0x00,0x00,
0x00,0x00,0x00,0x00,0x00,0x00,0x00,0x00,0x00,0x00,0x00,0x00,0x00,0x00,0x00,0x00,
0x00,0x00,0x00,0x00,0x00,0x00,0x00,0x00,0x00,0x00,0x00,0x00,0x00,0x00,0x00,0x00,
0x00,0x00,0x00,0x00,0x00,0x00,0x00,0x00,0x00,0x00,0x00,0x00,0x00,0x00,0x00,0x00,
0x00,0x00,0x00,0x00,0x00,0x00,0x00,0x00,0x00,0x00,0x00,0x00,0x00,0x00,0x00,0x00,
0x00,0x00,0x00,0x00,0x00,0x00,0x00,0x00,0x00,0x00,0x00,0x00,0x00,0x00,0x00,0x00,
0x00,0x00,0x00,0x00,0x00,0x00,0x00,0x00,0x00,0x00,0x00,0x00,0x00,0x00,0x00,0x00,
0x00,0x00,0x00,0x00,0x00,0x00,0x00,0x00,0x00,0x00,0x00,0x00,0x00,0x00,0x00,0x00,
0x00,0x00,0x00,0x00,0x00,0x00,0x00,0x00,0x00,0x00,0x00,0x00,0x00,0x00,0x00,0x00,
0x00,0x00,0x00,0x00,0x00,0x00,0x00,0x00,0x00,0x00,0x00,0x00,0x00,0x00,0x00,0x00,
0x00,0x00,0x00,0x00,0x00,0x00,0x00,0x00,0x00,0x00,0x00,0x00,0x00,0x00,0x00,0x00,
0x00,0x00,0x00,0x00,0x00,0x00,0x00,0x00,0x00,0x00,0x00,0x00,0x00,0x00,0x00,0x00,
0x00,0x00,0x00,0x00,0x00,0x00,0x00,0x00,0x00,0x00,0x00,0x00,0x00,0x00,0x00,0x00,
0x00,0x00,0x00,0x00,0x00,0x00,0x00,0x00,0x00,0x00,0x00,0x00,0x00,0x00,0x00,0x00,
0x00,0x00,0x00,0x00,0x00,0x00,0x00,0x00,0x00,0x00,0x00,0x00,0x00,0x00,0x00,0x00,
0x00,0x00,0x00,0x00,0x00,0x00,0x00,0x00,0x00,0x00,0x00,0x00,0x00,0x00,0x00,0x00,
0x00,0x00,0x00,0x00,0x00,0x00,0x00,0x00,0x00,0x00,0x00,0x00,0x00,0x00,0x00,0x00,
0x00,0x00,0x00,0x00,0x00,0x00,0x00,0x00,0x00,0x00,0x00,0x00,0x00,0x00,0x00,0x00,
0x00,0x00,0x00,0x00,0x00,0x00,0x00,0x00,0x00,0x00,0x00,0x00,0x00,0x00,0x00,0x00,
0x00,0x00,0x00,0x00,0x00,0x00,0x00,0x00,0x00,0x00,0x00,0x00,0x00,0x00,0x00,0x00,
0x00,0x00,0x00,0x00,0x00,0x00,0x00,0x00,0x00,0x00,0x00,0x00,0x00,0x00,0x00,0x00,
0x00,0x00,0x00,0x00,0x00,0x00,0x00,0x00,0x00,0x00,0x00,0x00,0x00,0x00,0x00,0x00,
0x00,0x00,0x00,0x00,0x00,0x00,0x00,0x00,0x00,0x00,0x00,0x00,0x00,0x00,0x00,0x00,
0x00,0x00,0x00,0x00,0x00,0x00,0x00,0x00,0x00,0x00,0x00,0x00,0x00,0x00,0x00,0x00,
0x00,0x00,0x00,0x00,0x00,0x00,0x00,0x00,0x00,0x00,0x00,0x00,0x00,0x00,0x00,0x00,
0x00,0x00,0x00,0x00,0x00,0x00,0x00,0x00,0x00,0x00,0x00,0x00,0x00,0x00,0x00,0x00,
0x00,0x00,0x00,0x00,0x00,0x00,0x00,0x00,0x00,0x00,0x00,0x00,0x00,0x00,0x00,0x00,
0x00,0x00,0x00,0x00,0x00,0x00,0x00,0x00,0x00,0x00,0x00,0x00,0x00,0x00,0x00,0x00,
0x00,0x00,0x00,0x00,0x00,0x00,0x00,0x00,0x00,0x00,0x00,0x00,0x00,0x00,0x00,0x00,
0x00,0x00,0x00,0x00,0x00,0x00,0x00,0x00,0x00,0x00,0x00,0x00,0x00,0x00,0x00,0x00,
0x00,0x00,0x00,0x00,0x00,0x00,0x00,0x00,0x00,0x00,0x00,0x00,0x00,0x00,0x00,0x00,
0x00,0x00,0x00,0x00,0x00,0x00,0x00,0x00,0x00,0x00,0x00,0x00,0x00,0x00,0x00,0x00,
0x00,0x00,0x00,0x00,0x00,0x00,0x00,0x00,0x00,0x00,0x00,0x00,0x00,0x00,0x00,0x00,
0x00,0x00,0x00,0x00,0x00,0x00,0x00,0x00,0x00,0x00,0x00,0x00,0x00,0x00,0x00,0x00,
0x00,0x00,0x00,0x00,0x00,0x00,0x00,0x00,0x00,0x00,0x00,0x00,0x00,0x00,0x00,0x00,
0x00,0x00,0x00,0x00,0x00,0x00,0x00,0x00,0x00,0x00,0x00,0x00,0x00,0x00,0x00,0x00,
0x00,0x00,0x00,0x00,0x00,0x00,0x00,0x00,0x00,0x00,0x00,0x00,0x00,0x00,0x00,0x00,
0x00,0x00,0x00,0x00,0x00,0x00,0x00,0x00,0x00,0x00,0x00,0x00,0x00,0x00,0x00,0x00,
0x00,0x00,0x00,0x00,0x00,0x00,0x00,0x00,0x00,0x00,0x00,0x00,0x00,0x00,0x00,0x00,
0x00,0x00,0x00,0x00,0x00,0x00,0x00,0x00,0x00,0x00,0x00,0x00,0x00,0x00,0x00,0x00,
0x00,0x00,0x00,0x00,0x00,0x00,0x00,0x00,0x00,0x00,0x00,0x00,0x00,0x00,0x00,0x00,
0x00,0x00,0x00,0x00,0x00,0x00,0x00,0x00,0x00,0x00,0x00,0x00,0x00,0x00,0x00,0x00,
0x00,0x00,0x00,0x00,0x00,0x00,0x00,0x00,0x00,0x00,0x00,0x00,0x00,0x00,0x00,0x00,
0x00,0x00,0x00,0x00,0x00,0x00,0x00,0x00,0x00,0x00,0x00,0x00,0x00,0x00,0x00,0x00,
0x00,0x00,0x00,0x00,0x00,0x00,0x00,0x00,0x00,0x00,0x00,0x00,0x00,0x00,0x00,0x00,
0x00,0x00,0x00,0x00,0x00,0x00,0x00,0x00,0x00,0x00,0x00,0x00,0x00,0x00,0x00,0x00,
0x00,0x00,0x00,0x00,0x00,0x00,0x00,0x00,0x00,0x00,0x00,0x00,0x00,0x00,0x00,0x00,
0x00,0x00,0x00,0x00,0x00,0x00,0x00,0x00,0x00,0x00,0x00,0x00,0x00,0x00,0x00,0x00,
0x00,0x00,0x00,0x00,0x00,0x00,0x00,0x00,0x00,0x00,0x00,0x00,0x00,0x00,0x00,0x00,
0x00,0x00,0x00,0x00,0x00,0x00,0x00,0x00,0x00,0x00,0x00,0x00,0x00,0x00,0x00,0x00,
0x00,0x00,0x00,0x00,0x00,0x00,0x00,0x00,0x00,0x00,0x00,0x00,0x00,0x00,0x00,0x00,
0x00,0x00,0x00,0x00,0x00,0x00,0x00,0x00,0x00,0x00,0x00,0x00,0x00,0x00,0x00,0x00,
0x00,0x00,0x00,0x00,0x00,0x00,0x00,0x00,0x00,0x00,0x00,0x00,0x00,0x00,0x00,0x00,
0x00,0x00,0x00,0x00,0x00,0x00,0x00,0x00,0x00,0x00,0x00,0x00,0x00,0x00,0x00,0x00,
0x00,0x00,0x00,0x00,0x00,0x00,0x00,0x00,0x00,0x00,0x00,0x00,0x00,0x00,0x00,0x00,
0x00,0x00,0x00,0x00,0x00,0x00,0x00,0x00,0x00,0x00,0x00,0x00,0x00,0x00,0x00,0x00,
0x00,0x00,0x00,0x00,0x00,0x00,0x00,0x00,0x00,0x00,0x00,0x00,0x00,0x00,0x00,0x00,
0x00,0x00,0x00,0x00,0x00,0x00,0x00,0x00,0x00,0x00,0x00,0x00,0x00,0x00,0x00,0x00,
0x00,0x00,0x00,0x00,0x00,0x00,0x00,0x00,0x00,0x00,0x00,0x00,0x00,0x00,0x00,0x00,
0x00,0x00,0x00,0x00,0x00,0x00,0x00,0x00,0x00,0x00,0x00,0x00,0x00,0x00,0x00,0x00,
0x00,0x00,0x00,0x00,0x00,0x00,0x00,0x00,0x00,0x00,0x00,0x00,0x00,0x00,0x00,0x00,
0x00,0x00,0x00,0x00,0x00,0x00,0x00,0x00,0x00,0x00,0x00,0x00,0x00,0x00,0x00,0x00,
0x00,0x00,0x00,0x00,0x00,0x00,0x00,0x00,0x00,0x00,0x00,0x00,0x00,0x00,0x00,0x00,
0x00,0x00,0x00,0x00,0x00,0x00,0x00,0x00,0x00,0x00,0x00,0x00,0x00,0x00,0x00,0x00,
0x00,0x00,0x00,0x00,0x00,0x00,0x00,0x00,0x00,0x00,0x00,0x00,0x00,0x00,0x00,0x00,
0x00,0x00,0x00,0x00,0x00,0x00,0x00,0x00,0x00,0x00,0x00,0x00,0x00,0x00,0x00,0x00,
0x00,0x00,0x00,0x00,0x00,0x00,0x00,0x00,0x00,0x00,0x00,0x00,0x00,0x00,0x00,0x00,
0x00,0x00,0x00,0x00,0x00,0x00,0x00,0x00,0x00,0x00,0x00,0x00,0x00,0x00,0x00,0x00,
0x00,0x00,0x00,0x00,0x00,0x00,0x00,0x00,0x00,0x00,0x00,0x00,0x00,0x00,0x00,0x00,
0x00,0x00,0x00,0x00,0x00,0x00,0x00,0x00,0x00,0x00,0x00,0x00,0x00,0x00,0x00,0x00,
0x00,0x00,0x00,0x00,0x00,0x00,0x00,0x00,0x00,0x00,0x00,0x00,0x00,0x00,0x00,0x00,
0x00,0x00,0x00,0x00,0x00,0x00,0x00,0x00,0x00,0x00,0x00,0x00,0x00,0x00,0x00,0x00,
0x00,0x00,0x00,0x00,0x00,0x00,0x00,0x00,0x00,0x00,0x00,0x00,0x00,0x00,0x00,0x00,
0x00,0x00,0x00,0x00,0x00,0x00,0x00,0x00,0x00,0x00,0x00,0x00,0x00,0x00,0x00,0x00,
0x00,0x00,0x00,0x00,0x00,0x00,0x00,0x00,0x00,0x00,0x00,0x00,0x00,0x00,0x00,0x00,
0x00,0x00,0x00,0x00,0x00,0x00,0x00,0x00,0x00,0x00,0x00,0x00,0x00,0x00,0x00,0x00,
0x00,0x00,0x00,0x00,0x00,0x00,0x00,0x00,0x00,0x00,0x00,0x00,0x00,0x00,0x00,0x00,
0x00,0x00,0x00,0x00,0x00,0x00,0x00,0x00,0x00,0x00,0x00,0x00,0x00,0x00,0x00,0x00,
0x00,0x00,0x00,0x00,0x00,0x00,0x00,0x00,0x00,0x00,0x00,0x00,0x00,0x00,0x00,0x00,
0x00,0x00,0x00,0x00,0x00,0x00,0x00,0x00,0x00,0x00,0x00,0x00,0x00,0x00,0x00,0x00,
0x00,0x00,0x00,0x00,0x00,0x00,0x00,0x00,0x00,0x00,0x00,0x00,0x00,0x00,0x00,0x00,
0x00,0x00,0x00,0x00,0x00,0x00,0x00,0x00,0x00,0x00,0x00,0x00,0x00,0x00,0x00,0x00,
0x00,0x00,0x00,0x00,0x00,0x00,0x00,0x00,0x00,0x00,0x00,0x00,0x00,0x00,0x00,0x00,
0x00,0x00,0x00,0x00,0x00,0x00,0x00,0x00,0x00,0x00,0x00,0x00,0x00,0x00,0x00,0x00,
0x00,0x00,0x00,0x00,0x00,0x00,0x00,0x00,0x00,0x00,0x00,0x00,0x00,0x00,0x00,0x00,
0x00,0x00,0x00,0x00,0x00,0x00,0x00,0x00,0x00,0x00,0x00,0x00,0x00,0x00,0x00,0x00,
0x00,0x00,0x00,0x00,0x00,0x00,0x00,0x00,0x00,0x00,0x00,0x00,0x00,0x00,0x00,0x00,
0x00,0x00,0x00,0x00,0x00,0x00,0x00,0x00,0x00,0x00,0x00,0x00,0x00,0x00,0x00,0x00,
0x00,0x00,0x00,0x00,0x00,0x00,0x00,0x00,0x00,0x00,0x00,0x00,0x00,0x00,0x00,0x00,
0x00,0x00,0x00,0x00,0x00,0x00,0x00,0x00,0x00,0x00,0x00,0x00,0x00,0x00,0x00,0x00,
0x00,0x00,0x00,0x00,0x00,0x00,0x00,0x00,0x00,0x00,0x00,0x00,0x00,0x00,0x00,0x00,
0x00,0x00,0x00,0x00,0x00,0x00,0x00,0x00,0x00,0x00,0x00,0x00,0x00,0x00,0x00,0x00,
0x00,0x00,0x00,0x00,0x00,0x00,0x00,0x00,0x00,0x00,0x00,0x00,0x00,0x00,0x00,0x00,
0x00,0x00,0x00,0x00,0x00,0x00,0x00,0x00,0x00,0x00,0x00,0x00,0x00,0x00,0x00,0x00,
0x00,0x00,0x00,0x00,0x00,0x00,0x00,0x00,0x00,0x00,0x00,0x00,0x00,0x00,0x00,0x00,
0x00,0x00,0x00,0x00,0x00,0x00,0x00,0x00,0x00,0x00,0x00,0x00,0x00,0x00,0x00,0x00,
0x00,0x00,0x00,0x00,0x00,0x00,0x00,0x00,0x00,0x00,0x00,0x00,0x00,0x00,0x00,0x00,
0x00,0x00,0x00,0x00,0x00,0x00,0x00,0x00,0x00,0x00,0x00,0x00,0x00,0x00,0x00,0x00,
0x00,0x00,0x00,0x00,0x00,0x00,0x00,0x00,0x00,0x00,0x00,0x00,0x00,0x00,0x00,0x00,
0x00,0x00,0x00,0x00,0x00,0x00,0x00,0x00,0x00,0x00,0x00,0x00,0x00,0x00,0x00,0x00,
0x00,0x00,0x00,0x00,0x00,0x00,0x00,0x00,0x00,0x00,0x00,0x00,0x00,0x00,0x00,0x00,
0x00,0x00,0x00,0x00,0x00,0x00,0x00,0x00,0x00,0x00,0x00,0x00,0x00,0x00,0x00,0x00,
0x00,0x00,0x00,0x00,0x00,0x00,0x00,0x00,0x00,0x00,0x00,0x00,0x00,0x00,0x00,0x00,
0x00,0x00,0x00,0x00,0x00,0x00,0x00,0x00,0x00,0x00,0x00,0x00,0x00,0x00,0x00,0x00,
0x00,0x00,0x00,0x00,0x00,0x00,0x00,0x00,0x00,0x00,0x00,0x00,0x00,0x00,0x00,0x00,
0x00,0x00,0x00,0x00,0x00,0x00,0x00,0x00,0x00,0x00,0x00,0x00,0x00,0x00,0x00,0x00,
0x00,0x00,0x00,0x00,0x00,0x00,0x00,0x00,0x00,0x00,0x00,0x00,0x00,0x00,0x00,0x00,
0x00,0x00,0x00,0x00,0x00,0x00,0x00,0x00,0x00,0x00,0x00,0x00,0x00,0x00,0x00,0x00,
0x00,0x00,0x00,0x00,0x00,0x00,0x00,0x00,0x00,0x00,0x00,0x00,0x00,0x00,0x00,0x00,
0x00,0x00,0x00,0x00,0x00,0x00,0x00,0x00,0x00,0x00,0x00,0x00,0x00,0x00,0x00,0x00,
0x00,0x00,0x00,0x00,0x00,0x00,0x00,0x00,0x00,0x00,0x00,0x00,0x00,0x00,0x00,0x00,
0x00,0x00,0x00,0x00,0x00,0x00,0x00,0x00,0x00,0x00,0x00,0x00,0x00,0x00,0x00,0x00,
0x00,0x00,0x00,0x00,0x00,0x00,0x00,0x00,0x00,0x00,0x00,0x00,0x00,0x00,0x00,0x00,
0x00,0x00,0x00,0x00,0x00,0x00,0x00,0x00,0x00,0x00,0x00,0x00,0x00,0x00,0x00,0x00,
0x00,0x00,0x00,0x00,0x00,0x00,0x00,0x00,0x00,0x00,0x00,0x00,0x00,0x00,0x00,0x00,
0x00,0x00,0x00,0x00,0x00,0x00,0x00,0x00,0x00,0x00,0x00,0x00,0x00,0x00,0x00,0x00,
0x00,0x00,0x00,0x00,0x00,0x00,0x00,0x00,0x00,0x00,0x00,0x00,0x00,0x00,0x00,0x00,
0x00,0x00,0x00,0x00,0x00,0x00,0x00,0x00,0x00,0x00,0x00,0x00,0x00,0x00,0x00,0x00,
0x00,0x00,0x00,0x00,0x00,0x00,0x00,0x00,0x00,0x00,0x00,0x00,0x00,0x00,0x00,0x00,
0x00,0x00,0x00,0x00,0x00,0x00,0x00,0x00,0x00,0x00,0x00,0x00,0x00,0x00,0x00,0x00,
0x00,0x00,0x00,0x00,0x00,0x00,0x00,0x00,0x00,0x00,0x00,0x00,0x00,0x00,0x00,0x00,
0x00,0x00,0x00,0x00,0x00,0x00,0x00,0x00,0x00,0x00,0x00,0x00,0x00,0x00,0x00,0x00,
0x00,0x00,0x00,0x00,0x00,0x00,0x00,0x00,0x00,0x00,0x00,0x00,0x00,0x00,0x00,0x00,
0x00,0x00,0x00,0x00,0x00,0x00,0x00,0x00,0x00,0x00,0x00,0x00,0x00,0x00,0x00,0x00,
0x00,0x00,0x00,0x00,0x00,0x00,0x00,0x00,0x00,0x00,0x00,0x00,0x00,0x00,0x00,0x00,
0x00,0x00,0x00,0x00,0x00,0x00,0x00,0x00,0x00,0x00,0x00,0x00,0x00,0x00,0x00,0x00,
0x00,0x00,0x00,0x00,0x00,0x00,0x00,0x00,0x00,0x00,0x00,0x00,0x00,0x00,0x00,0x00,
0x00,0x00,0x00,0x00,0x00,0x00,0x00,0x00,0x00,0x00,0x00,0x00,0x00,0x00,0x00,0x00,
0x00,0x00,0x00,0x00,0x00,0x00,0x00,0x00,0x00,0x00,0x00,0x00,0x00,0x00,0x00,0x00,
0x00,0x00,0x00,0x00,0x00,0x00,0x00,0x00,0x00,0x00,0x00,0x00,0x00,0x00,0x00,0x00,
0x00,0x00,0x00,0x00,0x00,0x00,0x00,0x00,0x00,0x00,0x00,0x00,0x00,0x00,0x00,0x00,
0x00,0x00,0x00,0x00,0x00,0x00,0x00,0x00,0x00,0x00,0x00,0x00,0x00,0x00,0x00,0x00,
0x00,0x00,0x00,0x00,0x00,0x00,0x00,0x00,0x00,0x00,0x00,0x00,0x00,0x00,0x00,0x00,
0x00,0x00,0x00,0x00,0x00,0x00,0x00,0x00,0x00,0x00,0x00,0x00,0x00,0x00,0x00,0x00,
0x00,0x00,0x00,0x00,0x00,0x00,0x00,0x00,0x00,0x00,0x00,0x00,0x00,0x00,0x00,0x00,
0x00,0x00,0x00,0x00,0x00,0x00,0x00,0x00,0x00,0x00,0x00,0x00,0x00,0x00,0x00,0x00,
0x00,0x00,0x00,0x00,0x00,0x00,0x00,0x00,0x00,0x00,0x00,0x00,0x00,0x00,0x00,0x00,
0x00,0x00,0x00,0x00,0x00,0x00,0x00,0x00,0x00,0x00,0x00,0x00,0x00,0x00,0x00,0x00,
0x00,0x00,0x00,0x00,0x00,0x00,0x00,0x00,0x00,0x00,0x00,0x00,0x00,0x00,0x00,0x00,
0x00,0x00,0x00,0x00,0x00,0x00,0x00,0x00,0x00,0x00,0x00,0x00,0x00,0x00,0x00,0x00,
0x00,0x00,0x00,0x00,0x00,0x00,0x00,0x00,0x00,0x00,0x00,0x00,0x00,0x00,0x00,0x00,
0x00,0x00,0x00,0x00,0x00,0x00,0x00,0x00,0x00,0x00,0x00,0x00,0x00,0x00,0x00,0x00,
0x00,0x00,0x00,0x00,0x00,0x00,0x00,0x00,0x00,0x00,0x00,0x00,0x00,0x00,0x00,0x00,
0x00,0x00,0x00,0x00,0x00,0x00,0x00,0x00,0x00,0x00,0x00,0x00,0x00,0x00,0x00,0x00,
0x00,0x00,0x00,0x00,0x00,0x00,0x00,0x00,0x00,0x00,0x00,0x00,0x00,0x00,0x00,0x00,
0x00,0x00,0x00,0x00,0x00,0x00,0x00,0x00,0x00,0x00,0x00,0x00,0x00,0x00,0x00,0x00,
0x00,0x00,0x00,0x00,0x00,0x00,0x00,0x00,0x00,0x00,0x00,0x00,0x00,0x00,0x00,0x00,
0x00,0x00,0x00,0x00,0x00,0x00,0x00,0x00,0x00,0x00,0x00,0x00,0x00,0x00,0x00,0x00,
0x00,0x00,0x00,0x00,0x00,0x00,0x00,0x00,0x00,0x00,0x00,0x00,0x00,0x00,0x00,0x00,
0x00,0x00,0x00,0x00,0x00,0x00,0x00,0x00,0x00,0x00,0x00,0x00,0x00,0x00,0x00,0x00,
0x00,0x00,0x00,0x00,0x00,0x00,0x00,0x00,0x00,0x00,0x00,0x00,0x00,0x00,0x00,0x00,
0x00,0x00,0x00,0x00,0x00,0x00,0x00,0x00,0x00,0x00,0x00,0x00,0x00,0x00,0x00,0x00,
0x00,0x00,0x00,0x00,0x00,0x00,0x00,0x00,0x00,0x00,0x00,0x00,0x00,0x00,0x00,0x00,
0x00,0x00,0x00,0x00,0x00,0x00,0x00,0x00,0x00,0x00,0x00,0x00,0x00,0x00,0x00,0x00,
0x00,0x00,0x00,0x00,0x00,0x00,0x00,0x00,0x00,0x00,0x00,0x00,0x00,0x00,0x00,0x00,
0x00,0x00,0x00,0x00,0x00,0x00,0x00,0x00,0x00,0x00,0x00,0x00,0x00,0x00,0x00,0x00,
0x00,0x00,0x00,0x00,0x00,0x00,0x00,0x00,0x00,0x00,0x00,0x00,0x00,0x00,0x00,0x00,
0x00,0x00,0x00,0x00,0x00,0x00,0x00,0x00,0x00,0x00,0x00,0x00,0x00,0x00,0x00,0x00,
0x00,0x00,0x00,0x00,0x00,0x00,0x00,0x00,0x00,0x00,0x00,0x00,0x00,0x00,0x00,0x00,
0x00,0x00,0x00,0x00,0x00,0x00,0x00,0x00,0x00,0x00,0x00,0x00,0x00,0x00,0x00,0x00,
0x00,0x00,0x00,0x00,0x00,0x00,0x00,0x00,0x00,0x00,0x00,0x00,0x00,0x00,0x00,0x00,
0x00,0x00,0x00,0x00,0x00,0x00,0x00,0x00,0x00,0x00,0x00,0x00,0x00,0x00,0x00,0x00,
0x00,0x00,0x00,0x00,0x00,0x00,0x00,0x00,0x00,0x00,0x00,0x00,0x00,0x00,0x00,0x00,
0x00,0x00,0x00,0x00,0x00,0x00,0x00,0x00,0x00,0x00,0x00,0x00,0x00,0x00,0x00,0x00,
0x00,0x00,0x00,0x00,0x00,0x00,0x00,0x00,0x00,0x00,0x00,0x00,0x00,0x00,0x00,0x00,
0x00,0x00,0x00,0x00,0x00,0x00,0x00,0x00,0x00,0x00,0x00,0x00,0x00,0x00,0x00,0x00,
0x00,0x00,0x00,0x00,0x00,0x00,0x00,0x00,0x00,0x00,0x00,0x00,0x00,0x00,0x00,0x00,
0x00,0x00,0x00,0x00,0x00,0x00,0x00,0x00,0x00,0x00,0x00,0x00,0x00,0x00,0x00,0x00,
0x00,0x00,0x00,0x00,0x00,0x00,0x00,0x00,0x00,0x00,0x00,0x00,0x00,0x00,0x00,0x00,
0x00,0x00,0x00,0x00,0x00,0x00,0x00,0x00,0x00,0x00,0x00,0x00,0x00,0x00,0x00,0x00,
0x00,0x00,0x00,0x00,0x00,0x00,0x00,0x00,0x00,0x00,0x00,0x00,0x00,0x00,0x00,0x00,
0x00,0x00,0x00,0x00,0x00,0x00,0x00,0x00,0x00,0x00,0x00,0x00,0x00,0x00,0x00,0x00,
0x00,0x00,0x00,0x00,0x00,0x00,0x00,0x00,0x00,0x00,0x00,0x00,0x00,0x00,0x00,0x00,
0x00,0x00,0x00,0x00,0x00,0x00,0x00,0x00,0x00,0x00,0x00,0x00,0x00,0x00,0x00,0x00,
0x00,0x00,0x00,0x00,0x00,0x00,0x00,0x00,0x00,0x00,0x00,0x00,0x00,0x00,0x00,0x00,
0x00,0x00,0x00,0x00,0x00,0x00,0x00,0x00,0x00,0x00,0x00,0x00,0x00,0x00,0x00,0x00,
0x00,0x00,0x00,0x00,0x00,0x00,0x00,0x00,0x00,0x00,0x00,0x00,0x00,0x00,0x00,0x00,
0x00,0x00,0x00,0x00,0x00,0x00,0x00,0x00,0x00,0x00,0x00,0x00,0x00,0x00,0x00,0x00,
0x00,0x00,0x00,0x00,0x00,0x00,0x00,0x00,0x00,0x00,0x00,0x00,0x00,0x00,0x00,0x00,
0x00,0x00,0x00,0x00,0x00,0x00,0x00,0x00,0x00,0x00,0x00,0x00,0x00,0x00,0x00,0x00,
0x00,0x00,0x00,0x00,0x00,0x00,0x00,0x00,0x00,0x00,0x00,0x00,0x00,0x00,0x00,0x00,
0x00,0x00,0x00,0x00,0x00,0x00,0x00,0x00,0x00,0x00,0x00,0x00,0x00,0x00,0x00,0x00,
0x00,0x00,0x00,0x00,0x00,0x00,0x00,0x00,0x00,0x00,0x00,0x00,0x00,0x00,0x00,0x00,
0x00,0x00,0x00,0x00,0x00,0x00,0x00,0x00,0x00,0x00,0x00,0x00,0x00,0x00,0x00,0x00,
0x00,0x00,0x00,0x00,0x00,0x00,0x00,0x00,0x00,0x00,0x00,0x00,0x00,0x00,0x00,0x00,
0x00,0x00,0x00,0x00,0x00,0x00,0x00,0x00,0x00,0x00,0x00,0x00,0x00,0x00,0x00,0x00,
0x00,0x00,0x00,0x00,0x00,0x00,0x00,0x00,0x00,0x00,0x00,0x00,0x00,0x00,0x00,0x00,
0x00,0x00,0x00,0x00,0x00,0x00,0x00,0x00,0x00,0x00,0x00,0x00,0x00,0x00,0x00,0x00,
0x00,0x00,0x00,0x00,0x00,0x00,0x00,0x00,0x00,0x00,0x00,0x00,0x00,0x00,0x00,0x00,
0x00,0x00,0x00,0x00,0x00,0x00,0x00,0x00,0x00,0x00,0x00,0x00,0x00,0x00,0x00,0x00,
0x00,0x00,0x00,0x00,0x00,0x00,0x00,0x00,0x00,0x00,0x00,0x00,0x00,0x00,0x00,0x00,
0x00,0x00,0x00,0x00,0x00,0x00,0x00,0x00,0x00,0x00,0x00,0x00,0x00,0x00,0x00,0x00,
0x00,0x00,0x00,0x00,0x00,0x00,0x00,0x00,0x00,0x00,0x00,0x00,0x00,0x00,0x00,0x00,
0x00,0x00,0x00,0x00,0x00,0x00,0x00,0x00,0x00,0x00,0x00,0x00,0x00,0x00,0x00,0x00,
0x00,0x00,0x00,0x00,0x00,0x00,0x00,0x00,0x00,0x00,0x00,0x00,0x00,0x00,0x00,0x00,
0x00,0x00,0x00,0x00,0x00,0x00,0x00,0x00,0x00,0x00,0x00,0x00,0x00,0x00,0x00,0x00,
0x00,0x00,0x00,0x00,0x00,0x00,0x00,0x00,0x00,0x00,0x00,0x00,0x00,0x00,0x00,0x00,
0x00,0x00,0x00,0x00,0x00,0x00,0x00,0x00,0x00,0x00,0x00,0x00,0x00,0x00,0x00,0x00,
0x00,0x00,0x00,0x00,0x00,0x00,0x00,0x00,0x00,0x00,0x00,0x00,0x00,0x00,0x00,0x00,
0x00,0x00,0x00,0x00,0x00,0x00,0x00,0x00,0x00,0x00,0x00,0x00,0x00,0x00,0x00,0x00,
0x00,0x00,0x00,0x00,0x00,0x00,0x00,0x00,0x00,0x00,0x00,0x00,0x00,0x00,0x00,0x00,
0x00,0x00,0x00,0x00,0x00,0x00,0x00,0x00,0x00,0x00,0x00,0x00,0x00,0x00,0x00,0x00,
0x00,0x00,0x00,0x00,0x00,0x00,0x00,0x00,0x00,0x00,0x00,0x00,0x00,0x00,0x00,0x00,
0x00,0x00,0x00,0x00,0x00,0x00,0x00,0x00,0x00,0x00,0x00,0x00,0x00,0x00,0x00,0x00,
0x00,0x00,0x00,0x00,0x00,0x00,0x00,0x00,0x00,0x00,0x00,0x00,0x00,0x00,0x00,0x00,
0x00,0x00,0x00,0x00,0x00,0x00,0x00,0x00,0x00,0x00,0x00,0x00,0x00,0x00,0x00,0x00,
0x00,0x00,0x00,0x00,0x00,0x00,0x00,0x00,0x00,0x00,0x00,0x00,0x00,0x00,0x00,0x00,
0x00,0x00,0x00,0x00,0x00,0x00,0x00,0x00,0x00,0x00,0x00,0x00,0x00,0x00,0x00,0x00,
0x00,0x00,0x00,0x00,0x00,0x00,0x00,0x00,0x00,0x00,0x00,0x00,0x00,0x00,0x00,0x00,
0x00,0x00,0x00,0x00,0x00,0x00,0x00,0x00,0x00,0x00,0x00,0x00,0x00,0x00,0x00,0x00,
0x00,0x00,0x00,0x00,0x00,0x00,0x00,0x00,0x00,0x00,0x00,0x00,0x00,0x00,0x00,0x00,
0x00,0x00,0x00,0x00,0x00,0x00,0x00,0x00,0x00,0x00,0x00,0x00,0x00,0x00,0x00,0x00,
0x00,0x00,0x00,0x00,0x00,0x00,0x00,0x00,0x00,0x00,0x00,0x00,0x00,0x00,0x00,0x00,
0x00,0x00,0x00,0x00,0x00,0x00,0x00,0x00,0x00,0x00,0x00,0x00,0x00,0x00,0x00,0x00,
0x00,0x00,0x00,0x00,0x00,0x00,0x00,0x00,0x00,0x00,0x00,0x00,0x00,0x00,0x00,0x00,
0x00,0x00,0x00,0x00,0x00,0x00,0x00,0x00,0x00,0x00,0x00,0x00,0x00,0x00,0x00,0x00,
0x00,0x00,0x00,0x00,0x00,0x00,0x00,0x00,0x00,0x00,0x00,0x00,0x00,0x00,0x00,0x00,
0x00,0x00,0x00,0x00,0x00,0x00,0x00,0x00,0x00,0x00,0x00,0x00,0x00,0x00,0x00,0x00,
0x00,0x00,0x00,0x00,0x00,0x00,0x00,0x00,0x00,0x00,0x00,0x00,0x00,0x00,0x00,0x00,
0x00,0x00,0x00,0x00,0x00,0x00,0x00,0x00,0x00,0x00,0x00,0x00,0x00,0x00,0x00,0x00,
0x00,0x00,0x00,0x00,0x00,0x00,0x00,0x00,0x00,0x00,0x00,0x00,0x00,0x00,0x00,0x00,
0x00,0x00,0x00,0x00,0x00,0x00,0x00,0x00,0x00,0x00,0x00,0x00,0x00,0x00,0x00,0x00,
0x00,0x00,0x00,0x00,0x00,0x00,0x00,0x00,0x00,0x00,0x00,0x00,0x00,0x00,0x00,0x00,
0x00,0x00,0x00,0x00,0x00,0x00,0x00,0x00,0x00,0x00,0x00,0x00,0x00,0x00,0x00,0x00,
0x00,0x00,0x00,0x00,0x00,0x00,0x00,0x00,0x00,0x00,0x00,0x00,0x00,0x00,0x00,0x00,
0x00,0x00,0x00,0x00,0x00,0x00,0x00,0x00,0x00,0x00,0x00,0x00,0x00,0x00,0x00,0x00,
0x00,0x00,0x00,0x00,0x00,0x00,0x00,0x00,0x00,0x00,0x00,0x00,0x00,0x00,0x00,0x00,
0x00,0x00,0x00,0x00,0x00,0x00,0x00,0x00,0x00,0x00,0x00,0x00,0x00,0x00,0x00,0x00,
0x00,0x00,0x00,0x00,0x00,0x00,0x00,0x00,0x00,0x00,0x00,0x00,0x00,0x00,0x00,0x00,
0x00,0x00,0x00,0x00,0x00,0x00,0x00,0x00,0x00,0x00,0x00,0x00,0x00,0x00,0x00,0x00,
0x00,0x00,0x00,0x00,0x00,0x00,0x00,0x00,0x00,0x00,0x00,0x00,0x00,0x00,0x00,0x00,
0x00,0x00,0x00,0x00,0x00,0x00,0x00,0x00,0x00,0x00,0x00,0x00,0x00,0x00,0x00,0x00,
0x00,0x00,0x00,0x00,0x00,0x00,0x00,0x00,0x00,0x00,0x00,0x00,0x00,0x00,0x00,0x00,
0x00,0x00,0x00,0x00,0x00,0x00,0x00,0x00,0x00,0x00,0x00,0x00,0x00,0x00,0x00,0x00,
0x00,0x00,0x00,0x00,0x00,0x00,0x00,0x00,0x00,0x00,0x00,0x00,0x00,0x00,0x00,0x00,
0x00,0x00,0x00,0x00,0x00,0x00,0x00,0x00,0x00,0x00,0x00,0x00,0x00,0x00,0x00,0x00,
0x00,0x00,0x00,0x00,0x00,0x00,0x00,0x00,0x00,0x00,0x00,0x00,0x00,0x00,0x00,0x00,
0x00,0x00,0x00,0x00,0x00,0x00,0x00,0x00,0x00,0x00,0x00,0x00,0x00,0x00,0x00,0x00,
0x00,0x00,0x00,0x00,0x00,0x00,0x00,0x00,0x00,0x00,0x00,0x00,0x00,0x00,0x00,0x00,
0x00,0x00,0x00,0x00,0x00,0x00,0x00,0x00,0x00,0x00,0x00,0x00,0x00,0x00,0x00,0x00,
0x00,0x00,0x00,0x00,0x00,0x00,0x00,0x00,0x00,0x00,0x00,0x00,0x00,0x00,0x00,0x00,
0x00,0x00,0x00,0x00,0x00,0x00,0x00,0x00,0x00,0x00,0x00,0x00,0x00,0x00,0x00,0x00,
0x00,0x00,0x00,0x00,0x00,0x00,0x00,0x00,0x00,0x00,0x00,0x00,0x00,0x00,0x00,0x00,
0x00,0x00,0x00,0x00,0x00,0x00,0x00,0x00,0x00,0x00,0x00,0x00,0x00,0x00,0x00,0x00,
0x00,0x00,0x00,0x00,0x00,0x00,0x00,0x00,0x00,0x00,0x00,0x00,0x00,0x00,0x00,0x00,
0x00,0x00,0x00,0x00,0x00,0x00,0x00,0x00,0x00,0x00,0x00,0x00,0x00,0x00,0x00,0x00,
0x00,0x00,0x00,0x00,0x00,0x00,0x00,0x00,0x00,0x00,0x00,0x00,0x00,0x00,0x00,0x00,
0x00,0x00,0x00,0x00,0x00,0x00,0x00,0x00,0x00,0x00,0x00,0x00,0x00,0x00,0x00,0x00,
0x00,0x00,0x00,0x00,0x00,0x00,0x00,0x00,0x00,0x00,0x00,0x00,0x00,0x00,0x00,0x00,
0x00,0x00,0x00,0x00,0x00,0x00,0x00,0x00,0x00,0x00,0x00,0x00,0x00,0x00,0x00,0x00,
0x00,0x00,0x00,0x00,0x00,0x00,0x00,0x00,0x00,0x00,0x00,0x00,0x00,0x00,0x00,0x00,
0x00,0x00,0x00,0x00,0x00,0x00,0x00,0x00,0x00,0x00,0x00,0x00,0x00,0x00,0x00,0x00,
0x00,0x00,0x00,0x00,0x00,0x00,0x00,0x00,0x00,0x00,0x00,0x00,0x00,0x00,0x00,0x00,
0x00,0x00,0x00,0x00,0x00,0x00,0x00,0x00,0x00,0x00,0x00,0x00,0x00,0x00,0x00,0x00,
0x00,0x00,0x00,0x00,0x00,0x00,0x00,0x00,0x00,0x00,0x00,0x00,0x00,0x00,0x00,0x00,
0x00,0x00,0x00,0x00,0x00,0x00,0x00,0x00,0x00,0x00,0x00,0x00,0x00,0x00,0x00,0x00,
0x00,0x00,0x00,0x00,0x00,0x00,0x00,0x00,0x00,0x00,0x00,0x00,0x00,0x00,0x00,0x00,
0x00,0x00,0x00,0x00,0x00,0x00,0x00,0x00,0x00,0x00,0x00,0x00,0x00,0x00,0x00,0x00,
0x00,0x00,0x00,0x00,0x00,0x00,0x00,0x00,0x00,0x00,0x00,0x00,0x00,0x00,0x00,0x00,
0x00,0x00,0x00,0x00,0x00,0x00,0x00,0x00,0x00,0x00,0x00,0x00,0x00,0x00,0x00,0x00,
0x00,0x00,0x00,0x00,0x00,0x00,0x00,0x00,0x00,0x00,0x00,0x00,0x00,0x00,0x00,0x00,
0x00,0x00,0x00,0x00,0x00,0x00,0x00,0x00,0x00,0x00,0x00,0x00,0x00,0x00,0x00,0x00,
0x00,0x00,0x00,0x00,0x00,0x00,0x00,0x00,0x00,0x00,0x00,0x00,0x00,0x00,0x00,0x00,
0x00,0x00,0x00,0x00,0x00,0x00,0x00,0x00,0x00,0x00,0x00,0x00,0x00,0x00,0x00,0x00,
0x00,0x00,0x00,0x00,0x00,0x00,0x00,0x00,0x00,0x00,0x00,0x00,0x00,0x00,0x00,0x00,
0x00,0x00,0x00,0x00,0x00,0x00,0x00,0x00,0x00,0x00,0x00,0x00,0x00,0x00,0x00,0x00,
0x00,0x00,0x00,0x00,0x00,0x00,0x00,0x00,0x00,0x00,0x00,0x00,0x00,0x00,0x00,0x00,
0x00,0x00,0x00,0x00,0x00,0x00,0x00,0x00,0x00,0x00,0x00,0x00,0x00,0x00,0x00,0x00,
0x00,0x00,0x00,0x00,0x00,0x00,0x00,0x00,0x00,0x00,0x00,0x00,0x00,0x00,0x00,0x00,
0x00,0x00,0x00,0x00,0x00,0x00,0x00,0x00,0x00,0x00,0x00,0x00,0x00,0x00,0x00,0x00,
0x00,0x00,0x00,0x00,0x00,0x00,0x00,0x00,0x00,0x00,0x00,0x00,0x00,0x00,0x00,0x00,
0x00,0x00,0x00,0x00,0x00,0x00,0x00,0x00,0x00,0x00,0x00,0x00,0x00,0x00,0x00,0x00,
0x00,0x00,0x00,0x00,0x00,0x00,0x00,0x00,0x00,0x00,0x00,0x00,0x00,0x00,0x00,0x00,
0x00,0x00,0x00,0x00,0x00,0x00,0x00,0x00,0x00,0x00,0x00,0x00,0x00,0x00,0x00,0x00,
0x00,0x00,0x00,0x00,0x00,0x00,0x00,0x00,0x00,0x00,0x00,0x00,0x00,0x00,0x00,0x00,
0x00,0x00,0x00,0x00,0x00,0x00,0x00,0x00,0x00,0x00,0x00,0x00,0x00,0x00,0x00,0x00,
0x00,0x00,0x00,0x00,0x00,0x00,0x00,0x00,0x00,0x00,0x00,0x00,0x00,0x00,0x00,0x00,
0x00,0x00,0x00,0x00,0x00,0x00,0x00,0x00,0x00,0x00,0x00,0x00,0x00,0x00,0x00,0x00,
0x00,0x00,0x00,0x00,0x00,0x00,0x00,0x00,0x00,0x00,0x00,0x00,0x00,0x00,0x00,0x00,
0x00,0x00,0x00,0x00,0x00,0x00,0x00,0x00,0x00,0x00,0x00,0x00,0x00,0x00,0x00,0x00,
0x00,0x00,0x00,0x00,0x00,0x00,0x00,0x00,0x00,0x00,0x00,0x00,0x00,0x00,0x00,0x00,
0x00,0x00,0x00,0x00,0x00,0x00,0x00,0x00,0x00,0x00,0x00,0x00,0x00,0x00,0x00,0x00,
0x00,0x00,0x00,0x00,0x00,0x00,0x00,0x00,0x00,0x00,0x00,0x00,0x00,0x00,0x00,0x00,
0x00,0x00,0x00,0x00,0x00,0x00,0x00,0x00,0x00,0x00,0x00,0x00,0x00,0x00,0x00,0x00,
0x00,0x00,0x00,0x00,0x00,0x00,0x00,0x00,0x00,0x00,0x00,0x00,0x00,0x00,0x00,0x00,
0x00,0x00,0x00,0x00,0x00,0x00,0x00,0x00,0x00,0x00,0x00,0x00,0x00,0x00,0x00,0x00,
0x00,0x00,0x00,0x00,0x00,0x00,0x00,0x00,0x00,0x00,0x00,0x00,0x00,0x00,0x00,0x00,
0x00,0x00,0x00,0x00,0x00,0x00,0x00,0x00,0x00,0x00,0x00,0x00,0x00,0x00,0x00,0x00,
0x00,0x00,0x00,0x00,0x00,0x00,0x00,0x00,0x00,0x00,0x00,0x00,0x00,0x00,0x00,0x00,
0x00,0x00,0x00,0x00,0x00,0x00,0x00,0x00,0x00,0x00,0x00,0x00,0x00,0x00,0x00,0x00,
0x00,0x00,0x00,0x00,0x00,0x00,0x00,0x00,0x00,0x00,0x00,0x00,0x00,0x00,0x00,0x00,
0x00,0x00,0x00,0x00,0x00,0x00,0x00,0x00,0x00,0x00,0x00,0x00,0x00,0x00,0x00,0x00,
0x00,0x00,0x00,0x00,0x00,0x00,0x00,0x00,0x00,0x00,0x00,0x00,0x00,0x00,0x00,0x00,
0x00,0x00,0x00,0x00,0x00,0x00,0x00,0x00,0x00,0x00,0x00,0x00,0x00,0x00,0x00,0x00,
0x00,0x00,0x00,0x00,0x00,0x00,0x00,0x00,0x00,0x00,0x00,0x00,0x00,0x00,0x00,0x00,
0x00,0x00,0x00,0x00,0x00,0x00,0x00,0x00,0x00,0x00,0x00,0x00,0x00,0x00,0x00,0x00,
0x00,0x00,0x00,0x00,0x00,0x00,0x00,0x00,0x00,0x00,0x00,0x00,0x00,0x00,0x00,0x00,
0x00,0x00,0x00,0x00,0x00,0x00,0x00,0x00,0x00,0x00,0x00,0x00,0x00,0x00,0x00,0x00,
0x00,0x00,0x00,0x00,0x00,0x00,0x00,0x00,0x00,0x00,0x00,0x00,0x00,0x00,0x00,0x00,
0x00,0x00,0x00,0x00,0x00,0x00,0x00,0x00,0x00,0x00,0x00,0x00,0x00,0x00,0x00,0x00,
0x00,0x00,0x00,0x00,0x00,0x00,0x00,0x00,0x00,0x00,0x00,0x00,0x00,0x00,0x00,0x00,
0x00,0x00,0x00,0x00,0x00,0x00,0x00,0x00,0x00,0x00,0x00,0x00,0x00,0x00,0x00,0x00,
0x00,0x00,0x00,0x00,0x00,0x00,0x00,0x00,0x00,0x00,0x00,0x00,0x00,0x00,0x00,0x00,
0x00,0x00,0x00,0x00,0x00,0x00,0x00,0x00,0x00,0x00,0x00,0x00,0x00,0x00,0x00,0x00,
0x00,0x00,0x00,0x00,0x00,0x00,0x00,0x00,0x00,0x00,0x00,0x00,0x00,0x00,0x00,0x00,
0x00,0x00,0x00,0x00,0x00,0x00,0x00,0x00,0x00,0x00,0x00,0x00,0x00,0x00,0x00,0x00,
0x00,0x00,0x00,0x00,0x00,0x00,0x00,0x00,0x00,0x00,0x00,0x00,0x00,0x00,0x00,0x00,
0x00,0x00,0x00,0x00,0x00,0x00,0x00,0x00,0x00,0x00,0x00,0x00,0x00,0x00,0x00,0x00,
0x00,0x00,0x00,0x00,0x00,0x00,0x00,0x00,0x00,0x00,0x00,0x00,0x00,0x00,0x00,0x00,
0x00,0x00,0x00,0x00,0x00,0x00,0x00,0x00,0x00,0x00,0x00,0x00,0x00,0x00,0x00,0x00,
0x00,0x00,0x00,0x00,0x00,0x00,0x00,0x00,0x00,0x00,0x00,0x00,0x00,0x00,0x00,0x00,
0x00,0x00,0x00,0x00,0x00,0x00,0x00,0x00,0x00,0x00,0x00,0x00,0x00,0x00,0x00,0x00,
0x00,0x00,0x00,0x00,0x00,0x00,0x00,0x00,0x00,0x00,0x00,0x00,0x00,0x00,0x00,0x00,
0x00,0x00,0x00,0x00,0x00,0x00,0x00,0x00,0x00,0x00,0x00,0x00,0x00,0x00,0x00,0x00,
0x00,0x00,0x00,0x00,0x00,0x00,0x00,0x00,0x00,0x00,0x00,0x00,0x00,0x00,0x00,0x00,
0x00,0x00,0x00,0x00,0x00,0x00,0x00,0x00,0x00,0x00,0x00,0x00,0x00,0x00,0x00,0x00,
0x00,0x00,0x00,0x00,0x00,0x00,0x00,0x00,0x00,0x00,0x00,0x00,0x00,0x00,0x00,0x00,
0x00,0x00,0x00,0x00,0x00,0x00,0x00,0x00,0x00,0x00,0x00,0x00,0x00,0x00,0x00,0x00,
0x00,0x00,0x00,0x00,0x00,0x00,0x00,0x00,0x00,0x00,0x00,0x00,0x00,0x00,0x00,0x00,
0x00,0x00,0x00,0x00,0x00,0x00,0x00,0x00,0x00,0x00,0x00,0x00,0x00,0x00,0x00,0x00,
0x00,0x00,0x00,0x00,0x00,0x00,0x00,0x00,0x00,0x00,0x00,0x00,0x00,0x00,0x00,0x00,
0x00,0x00,0x00,0x00,0x00,0x00,0x00,0x00,0x00,0x00,0x00,0x00,0x00,0x00,0x00,0x00,
0x00,0x00,0x00,0x00,0x00,0x00,0x00,0x00,0x00,0x00,0x00,0x00,0x00,0x00,0x00,0x00,
0x00,0x00,0x00,0x00,0x00,0x00,0x00,0x00,0x00,0x00,0x00,0x00,0x00,0x00,0x00,0x00,
0x00,0x00,0x00,0x00,0x00,0x00,0x00,0x00,0x00,0x00,0x00,0x00,0x00,0x00,0x00,0x00,
0x00,0x00,0x00,0x00,0x00,0x00,0x00,0x00,0x00,0x00,0x00,0x00,0x00,0x00,0x00,0x00,
0x00,0x00,0x00,0x00,0x00,0x00,0x00,0x00,0x00,0x00,0x00,0x00,0x00,0x00,0x00,0x00,
0x00,0x00,0x00,0x00,0x00,0x00,0x00,0x00,0x00,0x00,0x00,0x00,0x00,0x00,0x00,0x00,
0x00,0x00,0x00,0x00,0x00,0x00,0x00,0x00,0x00,0x00,0x00,0x00,0x00,0x00,0x00,0x00,
0x00,0x00,0x00,0x00,0x00,0x00,0x00,0x00,0x00,0x00,0x00,0x00,0x00,0x00,0x00,0x00,
0x00,0x00,0x00,0x00,0x00,0x00,0x00,0x00,0x00,0x00,0x00,0x00,0x00,0x00,0x00,0x00,
0x00,0x00,0x00,0x00,0x00,0x00,0x00,0x00,0x00,0x00,0x00,0x00,0x00,0x00,0x00,0x00,
0x00,0x00,0x00,0x00,0x00,0x00,0x00,0x00,0x00,0x00,0x00,0x00,0x00,0x00,0x00,0x00,
0x00,0x00,0x00,0x00,0x00,0x00,0x00,0x00,0x00,0x00,0x00,0x00,0x00,0x00,0x00,0x00,
0x00,0x00,0x00,0x00,0x00,0x00,0x00,0x00,0x00,0x00,0x00,0x00,0x00,0x00,0x00,0x00,
0x00,0x00,0x00,0x00,0x00,0x00,0x00,0x00,0x00,0x00,0x00,0x00,0x00,0x00,0x00,0x00,
0x00,0x00,0x00,0x00,0x00,0x00,0x00,0x00,0x00,0x00,0x00,0x00,0x00,0x00,0x00,0x00,
0x00,0x00,0x00,0x00,0x00,0x00,0x00,0x00,0x00,0x00,0x00,0x00,0x00,0x00,0x00,0x00,
0x00,0x00,0x00,0x00,0x00,0x00,0x00,0x00,0x00,0x00,0x00,0x00,0x00,0x00,0x00,0x00,
0x00,0x00,0x00,0x00,0x00,0x00,0x00,0x00,0x00,0x00,0x00,0x00,0x00,0x00,0x00,0x00,
0x00,0x00,0x00,0x00,0x00,0x00,0x00,0x00,0x00,0x00,0x00,0x00,0x00,0x00,0x00,0x00,
0x00,0x00,0x00,0x00,0x00,0x00,0x00,0x00,0x00,0x00,0x00,0x00,0x00,0x00,0x00,0x00,
0x00,0x00,0x00,0x00,0x00,0x00,0x00,0x00,0x00,0x00,0x00,0x00,0x00,0x00,0x00,0x00,
0x00,0x00,0x00,0x00,0x00,0x00,0x00,0x00,0x00,0x00,0x00,0x00,0x00,0x00,0x00,0x00,
0x00,0x00,0x00,0x00,0x00,0x00,0x00,0x00,0x00,0x00,0x00,0x00,0x00,0x00,0x00,0x00,
0x00,0x00,0x00,0x00,0x00,0x00,0x00,0x00,0x00,0x00,0x00,0x00,0x00,0x00,0x00,0x00,
0x00,0x00,0x00,0x00,0x00,0x00,0x00,0x00,0x00,0x00,0x00,0x00,0x00,0x00,0x00,0x00,
0x00,0x00,0x00,0x00,0x00,0x00,0x00,0x00,0x00,0x00,0x00,0x00,0x00,0x00,0x00,0x00,
0x00,0x00,0x00,0x00,0x00,0x00,0x00,0x00,0x00,0x00,0x00,0x00,0x00,0x00,0x00,0x00,
0x00,0x00,0x00,0x00,0x00,0x00,0x00,0x00,0x00,0x00,0x00,0x00,0x00,0x00,0x00,0x00,
0x00,0x00,0x00,0x00,0x00,0x00,0x00,0x00,0x00,0x00,0x00,0x00,0x00,0x00,0x00,0x00,
0x00,0x00,0x00,0x00,0x00,0x00,0x00,0x00,0x00,0x00,0x00,0x00,0x00,0x00,0x00,0x00,
0x00,0x00,0x00,0x00,0x00,0x00,0x00,0x00,0x00,0x00,0x00,0x00,0x00,0x00,0x00,0x00,
0x00,0x00,0x00,0x00,0x00,0x00,0x00,0x00,0x00,0x00,0x00,0x00,0x00,0x00,0x00,0x00,
0x00,0x00,0x00,0x00,0x00,0x00,0x00,0x00,0x00,0x00,0x00,0x00,0x00,0x00,0x00,0x00,
0x00,0x00,0x00,0x00,0x00,0x00,0x00,0x00,0x00,0x00,0x00,0x00,0x00,0x00,0x00,0x00,
0x00,0x00,0x00,0x00,0x00,0x00,0x00,0x00,0x00,0x00,0x00,0x00,0x00,0x00,0x00,0x00,
0x00,0x00,0x00,0x00,0x00,0x00,0x00,0x00,0x00,0x00,0x00,0x00,0x00,0x00,0x00,0x00,
0x00,0x00,0x00,0x00,0x00,0x00,0x00,0x00,0x00,0x00,0x00,0x00,0x00,0x00,0x00,0x00,
0x00,0x00,0x00,0x00,0x00,0x00,0x00,0x00,0x00,0x00,0x00,0x00,0x00,0x00,0x00,0x00,
0x00,0x00,0x00,0x00,0x00,0x00,0x00,0x00,0x00,0x00,0x00,0x00,0x00,0x00,0x00,0x00,
0x00,0x00,0x00,0x00,0x00,0x00,0x00,0x00,0x00,0x00,0x00,0x00,0x00,0x00,0x00,0x00,
0x00,0x00,0x00,0x00,0x00,0x00,0x00,0x00,0x00,0x00,0x00,0x00,0x00,0x00,0x00,0x00,
0x00,0x00,0x00,0x00,0x00,0x00,0x00,0x00,0x00,0x00,0x00,0x00,0x00,0x00,0x00,0x00,
0x00,0x00,0x00,0x00,0x00,0x00,0x00,0x00,0x00,0x00,0x00,0x00,0x00,0x00,0x00,0x00,
0x00,0x00,0x00,0x00,0x00,0x00,0x00,0x00,0x00,0x00,0x00,0x00,0x00,0x00,0x00,0x00,
0x00,0x00,0x00,0x00,0x00,0x00,0x00,0x00,0x00,0x00,0x00,0x00,0x00,0x00,0x00,0x00,
0x00,0x00,0x00,0x00,0x00,0x00,0x00,0x00,0x00,0x00,0x00,0x00,0x00,0x00,0x00,0x00,
0x00,0x00,0x00,0x00,0x00,0x00,0x00,0x00,0x00,0x00,0x00,0x00,0x00,0x00,0x00,0x00,
0x00,0x00,0x00,0x00,0x00,0x00,0x00,0x00,0x00,0x00,0x00,0x00,0x00,0x00,0x00,0x00,
0x00,0x00,0x00,0x00,0x00,0x00,0x00,0x00,0x00,0x00,0x00,0x00,0x00,0x00,0x00,0x00,
0x00,0x00,0x00,0x00,0x00,0x00,0x00,0x00,0x00,0x00,0x00,0x00,0x00,0x00,0x00,0x00,
0x00,0x00,0x00,0x00,0x00,0x00,0x00,0x00,0x00,0x00,0x00,0x00,0x00,0x00,0x00,0x00,
0x00,0x00,0x00,0x00,0x00,0x00,0x00,0x00,0x00,0x00,0x00,0x00,0x00,0x00,0x00,0x00,
0x00,0x00,0x00,0x00,0x00,0x00,0x00,0x00,0x00,0x00,0x00,0x00,0x00,0x00,0x00,0x00,
0x00,0x00,0x00,0x00,0x00,0x00,0x00,0x00,0x00,0x00,0x00,0x00,0x00,0x00,0x00,0x00,
0x00,0x00,0x00,0x00,0x00,0x00,0x00,0x00,0x00,0x00,0x00,0x00,0x00,0x00,0x00,0x00,
0x00,0x00,0x00,0x00,0x00,0x00,0x00,0x00,0x00,0x00,0x00,0x00,0x00,0x00,0x00,0x00,
0x00,0x00,0x00,0x00,0x00,0x00,0x00,0x00,0x00,0x00,0x00,0x00,0x00,0x00,0x00,0x00,
0x00,0x00,0x00,0x00,0x00,0x00,0x00,0x00,0x00,0x00,0x00,0x00,0x00,0x00,0x00,0x00,
0x00,0x00,0x00,0x00,0x00,0x00,0x00,0x00,0x00,0x00,0x00,0x00,0x00,0x00,0x00,0x00,
0x00,0x00,0x00,0x00,0x00,0x00,0x00,0x00,0x00,0x00,0x00,0x00,0x00,0x00,0x00,0x00,
0x00,0x00,0x00,0x00,0x00,0x00,0x00,0x00,0x00,0x00,0x00,0x00,0x00,0x00,0x00,0x00,
0x00,0x00,0x00,0x00,0x00,0x00,0x00,0x00,0x00,0x00,0x00,0x00,0x00,0x00,0x00,0x00,
0x00,0x00,0x00,0x00,0x00,0x00,0x00,0x00,0x00,0x00,0x00,0x00,0x00,0x00,0x00,0x00,
0x00,0x00,0x00,0x00,0x00,0x00,0x00,0x00,0x00,0x00,0x00,0x00,0x00,0x00,0x00,0x00,
0x00,0x00,0x00,0x00,0x00,0x00,0x00,0x00,0x00,0x00,0x00,0x00,0x00,0x00,0x00,0x00,
0x00,0x00,0x00,0x00,0x00,0x00,0x00,0x00,0x00,0x00,0x00,0x00,0x00,0x00,0x00,0x00,
0x00,0x00,0x00,0x00,0x00,0x00,0x00,0x00,0x00,0x00,0x00,0x00,0x00,0x00,0x00,0x00,
0x00,0x00,0x00,0x00,0x00,0x00,0x00,0x00,0x00,0x00,0x00,0x00,0x00,0x00,0x00,0x00,
0x00,0x00,0x00,0x00,0x00,0x00,0x00,0x00,0x00,0x00,0x00,0x00,0x00,0x00,0x00,0x00,
0x00,0x00,0x00,0x00,0x00,0x00,0x00,0x00,0x00,0x00,0x00,0x00,0x00,0x00,0x00,0x00,
0x00,0x00,0x00,0x00,0x00,0x00,0x00,0x00,0x00,0x00,0x00,0x00,0x00,0x00,0x00,0x00,
0x00,0x00,0x00,0x00,0x00,0x00,0x00,0x00,0x00,0x00,0x00,0x00,0x00,0x00,0x00,0x00,
0x00,0x00,0x00,0x00,0x00,0x00,0x00,0x00,0x00,0x00,0x00,0x00,0x00,0x00,0x00,0x00,
0x00,0x00,0x00,0x00,0x00,0x00,0x00,0x00,0x00,0x00,0x00,0x00,0x00,0x00,0x00,0x00,
0x00,0x00,0x00,0x00,0x00,0x00,0x00,0x00,0x00,0x00,0x00,0x00,0x00,0x00,0x00,0x00,
0x00,0x00,0x00,0x00,0x00,0x00,0x00,0x00,0x00,0x00,0x00,0x00,0x00,0x00,0x00,0x00,
0x00,0x00,0x00,0x00,0x00,0x00,0x00,0x00,0x00,0x00,0x00,0x00,0x00,0x00,0x00,0x00,
0x00,0x00,0x00,0x00,0x00,0x00,0x00,0x00,0x00,0x00,0x00,0x00,0x00,0x00,0x00,0x00,
0x00,0x00,0x00,0x00,0x00,0x00,0x00,0x00,0x00,0x00,0x00,0x00,0x00,0x00,0x00,0x00,
0x00,0x00,0x00,0x00,0x00,0x00,0x00,0x00,0x00,0x00,0x00,0x00,0x00,0x00,0x00,0x00,
0x00,0x00,0x00,0x00,0x00,0x00,0x00,0x00,0x00,0x00,0x00,0x00,0x00,0x00,0x00,0x00,
0x00,0x00,0x00,0x00,0x00,0x00,0x00,0x00,0x00,0x00,0x00,0x00,0x00,0x00,0x00,0x00,
0x00,0x00,0x00,0x00,0x00,0x00,0x00,0x00,0x00,0x00,0x00,0x00,0x00,0x00,0x00,0x00,
0x00,0x00,0x00,0x00,0x00,0x00,0x00,0x00,0x00,0x00,0x00,0x00,0x00,0x00,0x00,0x00,
0x00,0x00,0x00,0x00,0x00,0x00,0x00,0x00,0x00,0x00,0x00,0x00,0x00,0x00,0x00,0x00,
0x00,0x00,0x00,0x00,0x00,0x00,0x00,0x00,0x00,0x00,0x00,0x00,0x00,0x00,0x00,0x00,
0x00,0x00,0x00,0x00,0x00,0x00,0x00,0x00,0x00,0x00,0x00,0x00,0x00,0x00,0x00,0x00,
0x00,0x00,0x00,0x00,0x00,0x00,0x00,0x00,0x00,0x00,0x00,0x00,0x00,0x00,0x00,0x00,
0x00,0x00,0x00,0x00,0x00,0x00,0x00,0x00,0x00,0x00,0x00,0x00,0x00,0x00,0x00,0x00,
0x00,0x00,0x00,0x00,0x00,0x00,0x00,0x00,0x00,0x00,0x00,0x00,0x00,0x00,0x00,0x00,
0x00,0x00,0x00,0x00,0x00,0x00,0x00,0x00,0x00,0x00,0x00,0x00,0x00,0x00,0x00,0x00,
0x00,0x00,0x00,0x00,0x00,0x00,0x00,0x00,0x00,0x00,0x00,0x00,0x00,0x00,0x00,0x00,
0x00,0x00,0x00,0x00,0x00,0x00,0x00,0x00,0x00,0x00,0x00,0x00,0x00,0x00,0x00,0x00,
0x00,0x00,0x00,0x00,0x00,0x00,0x00,0x00,0x00,0x00,0x00,0x00,0x00,0x00,0x00,0x00,
0x00,0x00,0x00,0x00,0x00,0x00,0x00,0x00,0x00,0x00,0x00,0x00,0x00,0x00,0x00,0x00,
0x00,0x00,0x00,0x00,0x00,0x00,0x00,0x00,0x00,0x00,0x00,0x00,0x00,0x00,0x00,0x00,
0x00,0x00,0x00,0x00,0x00,0x00,0x00,0x00,0x00,0x00,0x00,0x00,0x00,0x00,0x00,0x00,
0x00,0x00,0x00,0x00,0x00,0x00,0x00,0x00,0x00,0x00,0x00,0x00,0x00,0x00,0x00,0x00,
0x00,0x00,0x00,0x00,0x00,0x00,0x00,0x00,0x00,0x00,0x00,0x00,0x00,0x00,0x00,0x00,
0x00,0x00,0x00,0x00,0x00,0x00,0x00,0x00,0x00,0x00,0x00,0x00,0x00,0x00,0x00,0x00,
0x00,0x00,0x00,0x00,0x00,0x00,0x00,0x00,0x00,0x00,0x00,0x00,0x00,0x00,0x00,0x00,
0x00,0x00,0x00,0x00,0x00,0x00,0x00,0x00,0x00,0x00,0x00,0x00,0x00,0x00,0x00,0x00,
0x00,0x00,0x00,0x00,0x00,0x00,0x00,0x00,0x00,0x00,0x00,0x00,0x00,0x00,0x00,0x00,
0x00,0x00,0x00,0x00,0x00,0x00,0x00,0x00,0x00,0x00,0x00,0x00,0x00,0x00,0x00,0x00,
0x00,0x00,0x00,0x00,0x00,0x00,0x00,0x00,0x00,0x00,0x00,0x00,0x00,0x00,0x00,0x00,
0x00,0x00,0x00,0x00,0x00,0x00,0x00,0x00,0x00,0x00,0x00,0x00,0x00,0x00,0x00,0x00,
0x00,0x00,0x00,0x00,0x00,0x00,0x00,0x00,0x00,0x00,0x00,0x00,0x00,0x00,0x00,0x00,
0x00,0x00,0x00,0x00,0x00,0x00,0x00,0x00,0x00,0x00,0x00,0x00,0x00,0x00,0x00,0x00,
0x00,0x00,0x00,0x00,0x00,0x00,0x00,0x00,0x00,0x00,0x00,0x00,0x00,0x00,0x00,0x00,
0x00,0x00,0x00,0x00,0x00,0x00,0x00,0x00,0x00,0x00,0x00,0x00,0x00,0x00,0x00,0x00,
0x00,0x00,0x00,0x00,0x00,0x00,0x00,0x00,0x00,0x00,0x00,0x00,0x00,0x00,0x00,0x00,
0x00,0x00,0x00,0x00,0x00,0x00,0x00,0x00,0x00,0x00,0x00,0x00,0x00,0x00,0x00,0x00,
0x00,0x00,0x00,0x00,0x00,0x00,0x00,0x00,0x00,0x00,0x00,0x00,0x00,0x00,0x00,0x00,
0x00,0x00,0x00,0x00,0x00,0x00,0x00,0x00,0x00,0x00,0x00,0x00,0x00,0x00,0x00,0x00,
0x00,0x00,0x00,0x00,0x00,0x00,0x00,0x00,0x00,0x00,0x00,0x00,0x00,0x00,0x00,0x00,
0x00,0x00,0x00,0x00,0x00,0x00,0x00,0x00,0x00,0x00,0x00,0x00,0x00,0x00,0x00,0x00,
0x00,0x00,0x00,0x00,0x00,0x00,0x00,0x00,0x00,0x00,0x00,0x00,0x00,0x00,0x00,0x00,
0x00,0x00,0x00,0x00,0x00,0x00,0x00,0x00,0x00,0x00,0x00,0x00,0x00,0x00,0x00,0x00,
0x00,0x00,0x00,0x00,0x00,0x00,0x00,0x00,0x00,0x00,0x00,0x00,0x00,0x00,0x00,0x00,
0x00,0x00,0x00,0x00,0x00,0x00,0x00,0x00,0x00,0x00,0x00,0x00,0x00,0x00,0x00,0x00,
0x00,0x00,0x00,0x00,0x00,0x00,0x00,0x00,0x00,0x00,0x00,0x00,0x00,0x00,0x00,0x00,
0x00,0x00,0x00,0x00,0x00,0x00,0x00,0x00,0x00,0x00,0x00,0x00,0x00,0x00,0x00,0x00,
0x00,0x00,0x00,0x00,0x00,0x00,0x00,0x00,0x00,0x00,0x00,0x00,0x00,0x00,0x00,0x00,
0x00,0x00,0x00,0x00,0x00,0x00,0x00,0x00,0x00,0x00,0x00,0x00,0x00,0x00,0x00,0x00,
0x00,0x00,0x00,0x00,0x00,0x00,0x00,0x00,0x00,0x00,0x00,0x00,0x00,0x00,0x00,0x00,
0x00,0x00,0x00,0x00,0x00,0x00,0x00,0x00,0x00,0x00,0x00,0x00,0x00,0x00,0x00,0x00,
0x00,0x00,0x00,0x00,0x00,0x00,0x00,0x00,0x00,0x00,0x00,0x00,0x00,0x00,0x00,0x00,
0x00,0x00,0x00,0x00,0x00,0x00,0x00,0x00,0x00,0x00,0x00,0x00,0x00,0x00,0x00,0x00,
0x00,0x00,0x00,0x00,0x00,0x00,0x00,0x00,0x00,0x00,0x00,0x00,0x00,0x00,0x00,0x00,
0x00,0x00,0x00,0x00,0x00,0x00,0x00,0x00,0x00,0x00,0x00,0x00,0x00,0x00,0x00,0x00,
0x00,0x00,0x00,0x00,0x00,0x00,0x00,0x00,0x00,0x00,0x00,0x00,0x00,0x00,0x00,0x00,
0x00,0x00,0x00,0x00,0x00,0x00,0x00,0x00,0x00,0x00,0x00,0x00,0x00,0x00,0x00,0x00,
0x00,0x00,0x00,0x00,0x00,0x00,0x00,0x00,0x00,0x00,0x00,0x00,0x00,0x00,0x00,0x00,
0x00,0x00,0x00,0x00,0x00,0x00,0x00,0x00,0x00,0x00,0x00,0x00,0x00,0x00,0x00,0x00,
0x00,0x00,0x00,0x00,0x00,0x00,0x00,0x00,0x00,0x00,0x00,0x00,0x00,0x00,0x00,0x00,
0x00,0x00,0x00,0x00,0x00,0x00,0x00,0x00,0x00,0x00,0x00,0x00,0x00,0x00,0x00,0x00,
0x00,0x00,0x00,0x00,0x00,0x00,0x00,0x00,0x00,0x00,0x00,0x00,0x00,0x00,0x00,0x00,
0x00,0x00,0x00,0x00,0x00,0x00,0x00,0x00,0x00,0x00,0x00,0x00,0x00,0x00,0x00,0x00,
0x00,0x00,0x00,0x00,0x00,0x00,0x00,0x00,0x00,0x00,0x00,0x00,0x00,0x00,0x00,0x00,
0x00,0x00,0x00,0x00,0x00,0x00,0x00,0x00,0x00,0x00,0x00,0x00,0x00,0x00,0x00,0x00,
0x00,0x00,0x00,0x00,0x00,0x00,0x00,0x00,0x00,0x00,0x00,0x00,0x00,0x00,0x00,0x00,
0x00,0x00,0x00,0x00,0x00,0x00,0x00,0x00,0x00,0x00,0x00,0x00,0x00,0x00,0x00,0x00,
0x00,0x00,0x00,0x00,0x00,0x00,0x00,0x00,0x00,0x00,0x00,0x00,0x00,0x00,0x00,0x00,
0x00,0x00,0x00,0x00,0x00,0x00,0x00,0x00,0x00,0x00,0x00,0x00,0x00,0x00,0x00,0x00,
0x00,0x00,0x00,0x00,0x00,0x00,0x00,0x00,0x00,0x00,0x00,0x00,0x00,0x00,0x00,0x00,
0x00,0x00,0x00,0x00,0x00,0x00,0x00,0x00,0x00,0x00,0x00,0x00,0x00,0x00,0x00,0x00,
0x00,0x00,0x00,0x00,0x00,0x00,0x00,0x00,0x00,0x00,0x00,0x00,0x00,0x00,0x00,0x00,
0x00,0x00,0x00,0x00,0x00,0x00,0x00,0x00,0x00,0x00,0x00,0x00,0x00,0x00,0x00,0x00,
0x00,0x00,0x00,0x00,0x00,0x00,0x00,0x00,0x00,0x00,0x00,0x00,0x00,0x00,0x00,0x00,
0x00,0x00,0x00,0x00,0x00,0x00,0x00,0x00,0x00,0x00,0x00,0x00,0x00,0x00,0x00,0x00,
0x00,0x00,0x00,0x00,0x00,0x00,0x00,0x00,0x00,0x00,0x00,0x00,0x00,0x00,0x00,0x00,
0x00,0x00,0x00,0x00,0x00,0x00,0x00,0x00,0x00,0x00,0x00,0x00,0x00,0x00,0x00,0x00,
0x00,0x00,0x00,0x00,0x00,0x00,0x00,0x00,0x00,0x00,0x00,0x00,0x00,0x00,0x00,0x00,
0x00,0x00,0x00,0x00,0x00,0x00,0x00,0x00,0x00,0x00,0x00,0x00,0x00,0x00,0x00,0x00,
0x00,0x00,0x00,0x00,0x00,0x00,0x00,0x00,0x00,0x00,0x00,0x00,0x00,0x00,0x00,0x00,
0x00,0x00,0x00,0x00,0x00,0x00,0x00,0x00,0x00,0x00,0x00,0x00,0x00,0x00,0x00,0x00,
0x00,0x00,0x00,0x00,0x00,0x00,0x00,0x00,0x00,0x00,0x00,0x00,0x00,0x00,0x00,0x00,
0x00,0x00,0x00,0x00,0x00,0x00,0x00,0x00,0x00,0x00,0x00,0x00,0x00,0x00,0x00,0x00,
0x00,0x00,0x00,0x00,0x00,0x00,0x00,0x00,0x00,0x00,0x00,0x00,0x00,0x00,0x00,0x00,
0x00,0x00,0x00,0x00,0x00,0x00,0x00,0x00,0x00,0x00,0x00,0x00,0x00,0x00,0x00,0x00,
0x00,0x00,0x00,0x00,0x00,0x00,0x00,0x00,0x00,0x00,0x00,0x00,0x00,0x00,0x00,0x00,
0x00,0x00,0x00,0x00,0x00,0x00,0x00,0x00,0x00,0x00,0x00,0x00,0x00,0x00,0x00,0x00,
0x00,0x00,0x00,0x00,0x00,0x00,0x00,0x00,0x00,0x00,0x00,0x00,0x00,0x00,0x00,0x00,
0x00,0x00,0x00,0x00,0x00,0x00,0x00,0x00,0x00,0x00,0x00,0x00,0x00,0x00,0x00,0x00,
0x00,0x00,0x00,0x00,0x00,0x00,0x00,0x00,0x00,0x00,0x00,0x00,0x00,0x00,0x00,0x00,
0x00,0x00,0x00,0x00,0x00,0x00,0x00,0x00,0x00,0x00,0x00,0x00,0x00,0x00,0x00,0x00,
0x00,0x00,0x00,0x00,0x00,0x00,0x00,0x00,0x00,0x00,0x00,0x00,0x00,0x00,0x00,0x00,
0x00,0x00,0x00,0x00,0x00,0x00,0x00,0x00,0x00,0x00,0x00,0x00,0x00,0x00,0x00,0x00,
0x00,0x00,0x00,0x00,0x00,0x00,0x00,0x00,0x00,0x00,0x00,0x00,0x00,0x00,0x00,0x00,
0x00,0x00,0x00,0x00,0x00,0x00,0x00,0x00,0x00,0x00,0x00,0x00,0x00,0x00,0x00,0x00,
0x00,0x00,0x00,0x00,0x00,0x00,0x00,0x00,0x00,0x00,0x00,0x00,0x00,0x00,0x00,0x00,
0x00,0x00,0x00,0x00,0x00,0x00,0x00,0x00,0x00,0x00,0x00,0x00,0x00,0x00,0x00,0x00,
0x00,0x00,0x00,0x00,0x00,0x00,0x00,0x00,0x00,0x00,0x00,0x00,0x00,0x00,0x00,0x00,
0x00,0x00,0x00,0x00,0x00,0x00,0x00,0x00,0x00,0x00,0x00,0x00,0x00,0x00,0x00,0x00,
0x00,0x00,0x00,0x00,0x00,0x00,0x00,0x00,0x00,0x00,0x00,0x00,0x00,0x00,0x00,0x00,
0x00,0x00,0x00,0x00,0x00,0x00,0x00,0x00,0x00,0x00,0x00,0x00,0x00,0x00,0x00,0x00,
0x00,0x00,0x00,0x00,0x00,0x00,0x00,0x00,0x00,0x00,0x00,0x00,0x00,0x00,0x00,0x00,
0x00,0x00,0x00,0x00,0x00,0x00,0x00,0x00,0x00,0x00,0x00,0x00,0x00,0x00,0x00,0x00,
0x00,0x00,0x00,0x00,0x00,0x00,0x00,0x00,0x00,0x00,0x00,0x00,0x00,0x00,0x00,0x00,
0x00,0x00,0x00,0x00,0x00,0x00,0x00,0x00,0x00,0x00,0x00,0x00,0x00,0x00,0x00,0x00,
0x00,0x00,0x00,0x00,0x00,0x00,0x00,0x00,0x00,0x00,0x00,0x00,0x00,0x00,0x00,0x00,
0x00,0x00,0x00,0x00,0x00,0x00,0x00,0x00,0x00,0x00,0x00,0x00,0x00,0x00,0x00,0x00,
0x00,0x00,0x00,0x00,0x00,0x00,0x00,0x00,0x00,0x00,0x00,0x00,0x00,0x00,0x00,0x00,
0x00,0x00,0x00,0x00,0x00,0x00,0x00,0x00,0x00,0x00,0x00,0x00,0x00,0x00,0x00,0x00,
0x00,0x00,0x00,0x00,0x00,0x00,0x00,0x00,0x00,0x00,0x00,0x00,0x00,0x00,0x00,0x00,
0x00,0x00,0x00,0x00,0x00,0x00,0x00,0x00,0x00,0x00,0x00,0x00,0x00,0x00,0x00,0x00,
0x00,0x00,0x00,0x00,0x00,0x00,0x00,0x00,0x00,0x00,0x00,0x00,0x00,0x00,0x00,0x00,
0x00,0x00,0x00,0x00,0x00,0x00,0x00,0x00,0x00,0x00,0x00,0x00,0x00,0x00,0x00,0x00,
0x00,0x00,0x00,0x00,0x00,0x00,0x00,0x00,0x00,0x00,0x00,0x00,0x00,0x00,0x00,0x00,
0x00,0x00,0x00,0x00,0x00,0x00,0x00,0x00,0x00,0x00,0x00,0x00,0x00,0x00,0x00,0x00,
0x00,0x00,0x00,0x00,0x00,0x00,0x00,0x00,0x00,0x00,0x00,0x00,0x00,0x00,0x00,0x00,
0x00,0x00,0x00,0x00,0x00,0x00,0x00,0x00,0x00,0x00,0x00,0x00,0x00,0x00,0x00,0x00,
0x00,0x00,0x00,0x00,0x00,0x00,0x00,0x00,0x00,0x00,0x00,0x00,0x00,0x00,0x00,0x00,
0x00,0x00,0x00,0x00,0x00,0x00,0x00,0x00,0x00,0x00,0x00,0x00,0x00,0x00,0x00,0x00,
0x00,0x00,0x00,0x00,0x00,0x00,0x00,0x00,0x00,0x00,0x00,0x00,0x00,0x00,0x00,0x00,
0x00,0x00,0x00,0x00,0x00,0x00,0x00,0x00,0x00,0x00,0x00,0x00,0x00,0x00,0x00,0x00,
0x00,0x00,0x00,0x00,0x00,0x00,0x00,0x00,0x00,0x00,0x00,0x00,0x00,0x00,0x00,0x00,
0x00,0x00,0x00,0x00,0x00,0x00,0x00,0x00,0x00,0x00,0x00,0x00,0x00,0x00,0x00,0x00,
0x00,0x00,0x00,0x00,0x00,0x00,0x00,0x00,0x00,0x00,0x00,0x00,0x00,0x00,0x00,0x00,
0x00,0x00,0x00,0x00,0x00,0x00,0x00,0x00,0x00,0x00,0x00,0x00,0x00,0x00,0x00,0x00,
0x00,0x00,0x00,0x00,0x00,0x00,0x00,0x00,0x00,0x00,0x00,0x00,0x00,0x00,0x00,0x00,
0x00,0x00,0x00,0x00,0x00,0x00,0x00,0x00,0x00,0x00,0x00,0x00,0x00,0x00,0x00,0x00,
0x00,0x00,0x00,0x00,0x00,0x00,0x00,0x00,0x00,0x00,0x00,0x00,0x00,0x00,0x00,0x00,
0x00,0x00,0x00,0x00,0x00,0x00,0x00,0x00,0x00,0x00,0x00,0x00,0x00,0x00,0x00,0x00,
0x00,0x00,0x00,0x00,0x00,0x00,0x00,0x00,0x00,0x00,0x00,0x00,0x00,0x00,0x00,0x00,
0x00,0x00,0x00,0x00,0x00,0x00,0x00,0x00,0x00,0x00,0x00,0x00,0x00,0x00,0x00,0x00,
0x00,0x00,0x00,0x00,0x00,0x00,0x00,0x00,0x00,0x00,0x00,0x00,0x00,0x00,0x00,0x00,
0x00,0x00,0x00,0x00,0x00,0x00,0x00,0x00,0x00,0x00,0x00,0x00,0x00,0x00,0x00,0x00,
0x00,0x00,0x00,0x00,0x00,0x00,0x00,0x00,0x00,0x00,0x00,0x00,0x00,0x00,0x00,0x00,
0x00,0x00,0x00,0x00,0x00,0x00,0x00,0x00,0x00,0x00,0x00,0x00,0x00,0x00,0x00,0x00,
0x00,0x00,0x00,0x00,0x00,0x00,0x00,0x00,0x00,0x00,0x00,0x00,0x00,0x00,0x00,0x00,
0x00,0x00,0x00,0x00,0x00,0x00,0x00,0x00,0x00,0x00,0x00,0x00,0x00,0x00,0x00,0x00,
0x00,0x00,0x00,0x00,0x00,0x00,0x00,0x00,0x00,0x00,0x00,0x00,0x00,0x00,0x00,0x00,
0x00,0x00,0x00,0x00,0x00,0x00,0x00,0x00,0x00,0x00,0x00,0x00,0x00,0x00,0x00,0x00,
0x00,0x00,0x00,0x00,0x00,0x00,0x00,0x00,0x00,0x00,0x00,0x00,0x00,0x00,0x00,0x00,
0x00,0x00,0x00,0x00,0x00,0x00,0x00,0x00,0x00,0x00,0x00,0x00,0x00,0x00,0x00,0x00,
0x00,0x00,0x00,0x00,0x00,0x00,0x00,0x00,0x00,0x00,0x00,0x00,0x00,0x00,0x00,0x00,
0x00,0x00,0x00,0x00,0x00,0x00,0x00,0x00,0x00,0x00,0x00,0x00,0x00,0x00,0x00,0x00,
0x00,0x00,0x00,0x00,0x00,0x00,0x00,0x00,0x00,0x00,0x00,0x00,0x00,0x00,0x00,0x00,
0x00,0x00,0x00,0x00,0x00,0x00,0x00,0x00,0x00,0x00,0x00,0x00,0x00,0x00,0x00,0x00,
0x00,0x00,0x00,0x00,0x00,0x00,0x00,0x00,0x00,0x00,0x00,0x00,0x00,0x00,0x00,0x00,
0x00,0x00,0x00,0x00,0x00,0x00,0x00,0x00,0x00,0x00,0x00,0x00,0x00,0x00,0x00,0x00,
0x00,0x00,0x00,0x00,0x00,0x00,0x00,0x00,0x00,0x00,0x00,0x00,0x00,0x00,0x00,0x00,
0x00,0x00,0x00,0x00,0x00,0x00,0x00,0x00,0x00,0x00,0x00,0x00,0x00,0x00,0x00,0x00,
0x00,0x00,0x00,0x00,0x00,0x00,0x00,0x00,0x00,0x00,0x00,0x00,0x00,0x00,0x00,0x00,
0x00,0x00,0x00,0x00,0x00,0x00,0x00,0x00,0x00,0x00,0x00,0x00,0x00,0x00,0x00,0x00,
0x00,0x00,0x00,0x00,0x00,0x00,0x00,0x00,0x00,0x00,0x00,0x00,0x00,0x00,0x00,0x00,
0x00,0x00,0x00,0x00,0x00,0x00,0x00,0x00,0x00,0x00,0x00,0x00,0x00,0x00,0x00,0x00,
0x00,0x00,0x00,0x00,0x00,0x00,0x00,0x00,0x00,0x00,0x00,0x00,0x00,0x00,0x00,0x00,
0x00,0x00,0x00,0x00,0x00,0x00,0x00,0x00,0x00,0x00,0x00,0x00,0x00,0x00,0x00,0x00,
0x00,0x00,0x00,0x00,0x00,0x00,0x00,0x00,0x00,0x00,0x00,0x00,0x00,0x00,0x00,0x00,
0x00,0x00,0x00,0x00,0x00,0x00,0x00,0x00,0x00,0x00,0x00,0x00,0x00,0x00,0x00,0x00,
0x00,0x00,0x00,0x00,0x00,0x00,0x00,0x00,0x00,0x00,0x00,0x00,0x00,0x00,0x00,0x00,
0x00,0x00,0x00,0x00,0x00,0x00,0x00,0x00,0x00,0x00,0x00,0x00,0x00,0x00,0x00,0x00,
0x00,0x00,0x00,0x00,0x00,0x00,0x00,0x00,0x00,0x00,0x00,0x00,0x00,0x00,0x00,0x00,
0x00,0x00,0x00,0x00,0x00,0x00,0x00,0x00,0x00,0x00,0x00,0x00,0x00,0x00,0x00,0x00,
0x00,0x00,0x00,0x00,0x00,0x00,0x00,0x00,0x00,0x00,0x00,0x00,0x00,0x00,0x00,0x00,
0x00,0x00,0x00,0x00,0x00,0x00,0x00,0x00,0x00,0x00,0x00,0x00,0x00,0x00,0x00,0x00,
0x00,0x00,0x00,0x00,0x00,0x00,0x00,0x00,0x00,0x00,0x00,0x00,0x00,0x00,0x00,0x00,
0x00,0x00,0x00,0x00,0x00,0x00,0x00,0x00,0x00,0x00,0x00,0x00,0x00,0x00,0x00,0x00,
0x00,0x00,0x00,0x00,0x00,0x00,0x00,0x00,0x00,0x00,0x00,0x00,0x00,0x00,0x00,0x00,
0x00,0x00,0x00,0x00,0x00,0x00,0x00,0x00,0x00,0x00,0x00,0x00,0x00,0x00,0x00,0x00,
0x00,0x00,0x00,0x00,0x00,0x00,0x00,0x00,0x00,0x00,0x00,0x00,0x00,0x00,0x00,0x00,
0x00,0x00,0x00,0x00,0x00,0x00,0x00,0x00,0x00,0x00,0x00,0x00,0x00,0x00,0x00,0x00,
0x00,0x00,0x00,0x00,0x00,0x00,0x00,0x00,0x00,0x00,0x00,0x00,0x00,0x00,0x00,0x00,
0x00,0x00,0x00,0x00,0x00,0x00,0x00,0x00,0x00,0x00,0x00,0x00,0x00,0x00,0x00,0x00,
0x00,0x00,0x00,0x00,0x00,0x00,0x00,0x00,0x00,0x00,0x00,0x00,0x00,0x00,0x00,0x00,
0x00,0x00,0x00,0x00,0x00,0x00,0x00,0x00,0x00,0x00,0x00,0x00,0x00,0x00,0x00,0x00,
0x00,0x00,0x00,0x00,0x00,0x00,0x00,0x00,0x00,0x00,0x00,0x00,0x00,0x00,0x00,0x00,
0x00,0x00,0x00,0x00,0x00,0x00,0x00,0x00,0x00,0x00,0x00,0x00,0x00,0x00,0x00,0x00,
0x00,0x00,0x00,0x00,0x00,0x00,0x00,0x00,0x00,0x00,0x00,0x00,0x00,0x00,0x00,0x00,
0x00,0x00,0x00,0x00,0x00,0x00,0x00,0x00,0x00,0x00,0x00,0x00,0x00,0x00,0x00,0x00,
0x00,0x00,0x00,0x00,0x00,0x00,0x00,0x00,0x00,0x00,0x00,0x00,0x00,0x00,0x00,0x00,
0x00,0x00,0x00,0x00,0x00,0x00,0x00,0x00,0x00,0x00,0x00,0x00,0x00,0x00,0x00,0x00,
0x00,0x00,0x00,0x00,0x00,0x00,0x00,0x00,0x00,0x00,0x00,0x00,0x00,0x00,0x00,0x00,
0x00,0x00,0x00,0x00,0x00,0x00,0x00,0x00,0x00,0x00,0x00,0x00,0x00,0x00,0x00,0x00,
0x00,0x00,0x00,0x00,0x00,0x00,0x00,0x00,0x00,0x00,0x00,0x00,0x00,0x00,0x00,0x00,
0x00,0x00,0x00,0x00,0x00,0x00,0x00,0x00,0x00,0x00,0x00,0x00,0x00,0x00,0x00,0x00,
0x00,0x00,0x00,0x00,0x00,0x00,0x00,0x00,0x00,0x00,0x00,0x00,0x00,0x00,0x00,0x00,
0x00,0x00,0x00,0x00,0x00,0x00,0x00,0x00,0x00,0x00,0x00,0x00,0x00,0x00,0x00,0x00,
0x00,0x00,0x00,0x00,0x00,0x00,0x00,0x00,0x00,0x00,0x00,0x00,0x00,0x00,0x00,0x00,
0x00,0x00,0x00,0x00,0x00,0x00,0x00,0x00,0x00,0x00,0x00,0x00,0x00,0x00,0x00,0x00,
0x00,0x00,0x00,0x00,0x00,0x00,0x00,0x00,0x00,0x00,0x00,0x00,0x00,0x00,0x00,0x00,
0x00,0x00,0x00,0x00,0x00,0x00,0x00,0x00,0x00,0x00,0x00,0x00,0x00,0x00,0x00,0x00,
0x00,0x00,0x00,0x00,0x00,0x00,0x00,0x00,0x00,0x00,0x00,0x00,0x00,0x00,0x00,0x00,
0x00,0x00,0x00,0x00,0x00,0x00,0x00,0x00,0x00,0x00,0x00,0x00,0x00,0x00,0x00,0x00,
0x00,0x00,0x00,0x00,0x00,0x00,0x00,0x00,0x00,0x00,0x00,0x00,0x00,0x00,0x00,0x00,
0x00,0x00,0x00,0x00,0x00,0x00,0x00,0x00,0x00,0x00,0x00,0x00,0x00,0x00,0x00,0x00,
0x00,0x00,0x00,0x00,0x00,0x00,0x00,0x00,0x00,0x00,0x00,0x00,0x00,0x00,0x00,0x00,
0x00,0x00,0x00,0x00,0x00,0x00,0x00,0x00,0x00,0x00,0x00,0x00,0x00,0x00,0x00,0x00,
0x00,0x00,0x00,0x00,0x00,0x00,0x00,0x00,0x00,0x00,0x00,0x00,0x00,0x00,0x00,0x00,
0x00,0x00,0x00,0x00,0x00,0x00,0x00,0x00,0x00,0x00,0x00,0x00,0x00,0x00,0x00,0x00,
0x00,0x00,0x00,0x00,0x00,0x00,0x00,0x00,0x00,0x00,0x00,0x00,0x00,0x00,0x00,0x00,
0x00,0x00,0x00,0x00,0x00,0x00,0x00,0x00,0x00,0x00,0x00,0x00,0x00,0x00,0x00,0x00,
0x00,0x00,0x00,0x00,0x00,0x00,0x00,0x00,0x00,0x00,0x00,0x00,0x00,0x00,0x00,0x00,
0x00,0x00,0x00,0x00,0x00,0x00,0x00,0x00,0x00,0x00,0x00,0x00,0x00,0x00,0x00,0x00,
0x00,0x00,0x00,0x00,0x00,0x00,0x00,0x00,0x00,0x00,0x00,0x00,0x00,0x00,0x00,0x00,
0x00,0x00,0x00,0x00,0x00,0x00,0x00,0x00,0x00,0x00,0x00,0x00,0x00,0x00,0x00,0x00,
0x00,0x00,0x00,0x00,0x00,0x00,0x00,0x00,0x00,0x00,0x00,0x00,0x00,0x00,0x00,0x00,
0x00,0x00,0x00,0x00,0x00,0x00,0x00,0x00,0x00,0x00,0x00,0x00,0x00,0x00,0x00,0x00,
0x00,0x00,0x00,0x00,0x00,0x00,0x00,0x00,0x00,0x00,0x00,0x00,0x00,0x00,0x00,0x00,
0x00,0x00,0x00,0x00,0x00,0x00,0x00,0x00,0x00,0x00,0x00,0x00,0x00,0x00,0x00,0x00,
0x00,0x00,0x00,0x00,0x00,0x00,0x00,0x00,0x00,0x00,0x00,0x00,0x00,0x00,0x00,0x00,
0x00,0x00,0x00,0x00,0x00,0x00,0x00,0x00,0x00,0x00,0x00,0x00,0x00,0x00,0x00,0x00,
0x00,0x00,0x00,0x00,0x00,0x00,0x00,0x00,0x00,0x00,0x00,0x00,0x00,0x00,0x00,0x00,
0x00,0x00,0x00,0x00,0x00,0x00,0x00,0x00,0x00,0x00,0x00,0x00,0x00,0x00,0x00,0x00,
0x00,0x00,0x00,0x00,0x00,0x00,0x00,0x00,0x00,0x00,0x00,0x00,0x00,0x00,0x00,0x00,
0x00,0x00,0x00,0x00,0x00,0x00,0x00,0x00,0x00,0x00,0x00,0x00,0x00,0x00,0x00,0x00,
0x00,0x00,0x00,0x00,0x00,0x00,0x00,0x00,0x00,0x00,0x00,0x00,0x00,0x00,0x00,0x00,
0x00,0x00,0x00,0x00,0x00,0x00,0x00,0x00,0x00,0x00,0x00,0x00,0x00,0x00,0x00,0x00,
0x00,0x00,0x00,0x00,0x00,0x00,0x00,0x00,0x00,0x00,0x00,0x00,0x00,0x00,0x00,0x00,
0x00,0x00,0x00,0x00,0x00,0x00,0x00,0x00,0x00,0x00,0x00,0x00,0x00,0x00,0x00,0x00,
0x00,0x00,0x00,0x00,0x00,0x00,0x00,0x00,0x00,0x00,0x00,0x00,0x00,0x00,0x00,0x00,
0x00,0x00,0x00,0x00,0x00,0x00,0x00,0x00,0x00,0x00,0x00,0x00,0x00,0x00,0x00,0x00,
0x00,0x00,0x00,0x00,0x00,0x00,0x00,0x00,0x00,0x00,0x00,0x00,0x00,0x00,0x00,0x00,
0x00,0x00,0x00,0x00,0x00,0x00,0x00,0x00,0x00,0x00,0x00,0x00,0x00,0x00,0x00,0x00,
0x00,0x00,0x00,0x00,0x00,0x00,0x00,0x00,0x00,0x00,0x00,0x00,0x00,0x00,0x00,0x00,
0x00,0x00,0x00,0x00,0x00,0x00,0x00,0x00,0x00,0x00,0x00,0x00,0x00,0x00,0x00,0x00,
0x00,0x00,0x00,0x00,0x00,0x00,0x00,0x00,0x00,0x00,0x00,0x00,0x00,0x00,0x00,0x00,
0x00,0x00,0x00,0x00,0x00,0x00,0x00,0x00,0x00,0x00,0x00,0x00,0x00,0x00,0x00,0x00,
0x00,0x00,0x00,0x00,0x00,0x00,0x00,0x00,0x00,0x00,0x00,0x00,0x00,0x00,0x00,0x00,
0x00,0x00,0x00,0x00,0x00,0x00,0x00,0x00,0x00,0x00,0x00,0x00,0x00,0x00,0x00,0x00,
0x00,0x00,0x00,0x00,0x00,0x00,0x00,0x00,0x00,0x00,0x00,0x00,0x00,0x00,0x00,0x00,
0x00,0x00,0x00,0x00,0x00,0x00,0x00,0x00,0x00,0x00,0x00,0x00,0x00,0x00,0x00,0x00,
0x00,0x00,0x00,0x00,0x00,0x00,0x00,0x00,0x00,0x00,0x00,0x00,0x00,0x00,0x00,0x00,
0x00,0x00,0x00,0x00,0x00,0x00,0x00,0x00,0x00,0x00,0x00,0x00,0x00,0x00,0x00,0x00,
0x00,0x00,0x00,0x00,0x00,0x00,0x00,0x00,0x00,0x00,0x00,0x00,0x00,0x00,0x00,0x00,
0x00,0x00,0x00,0x00,0x00,0x00,0x00,0x00,0x00,0x00,0x00,0x00,0x00,0x00,0x00,0x00,
0x00,0x00,0x00,0x00,0x00,0x00,0x00,0x00,0x00,0x00,0x00,0x00,0x00,0x00,0x00,0x00,
0x00,0x00,0x00,0x00,0x00,0x00,0x00,0x00,0x00,0x00,0x00,0x00,0x00,0x00,0x00,0x00,
0x00,0x00,0x00,0x00,0x00,0x00,0x00,0x00,0x00,0x00,0x00,0x00,0x00,0x00,0x00,0x00,
0x00,0x00,0x00,0x00,0x00,0x00,0x00,0x00,0x00,0x00,0x00,0x00,0x00,0x00,0x00,0x00,
0x00,0x00,0x00,0x00,0x00,0x00,0x00,0x00,0x00,0x00,0x00,0x00,0x00,0x00,0x00,0x00,
0x00,0x00,0x00,0x00,0x00,0x00,0x00,0x00,0x00,0x00,0x00,0x00,0x00,0x00,0x00,0x00,
0x00,0x00,0x00,0x00,0x00,0x00,0x00,0x00,0x00,0x00,0x00,0x00,0x00,0x00,0x00,0x00,
0x00,0x00,0x00,0x00,0x00,0x00,0x00,0x00,0x00,0x00,0x00,0x00,0x00,0x00,0x00,0x00,
0x00,0x00,0x00,0x00,0x00,0x00,0x00,0x00,0x00,0x00,0x00,0x00,0x00,0x00,0x00,0x00,
0x00,0x00,0x00,0x00,0x00,0x00,0x00,0x00,0x00,0x00,0x00,0x00,0x00,0x00,0x00,0x00,
0x00,0x00,0x00,0x00,0x00,0x00,0x00,0x00,0x00,0x00,0x00,0x00,0x00,0x00,0x00,0x00,
0x00,0x00,0x00,0x00,0x00,0x00,0x00,0x00,0x00,0x00,0x00,0x00,0x00,0x00,0x00,0x00,
0x00,0x00,0x00,0x00,0x00,0x00,0x00,0x00,0x00,0x00,0x00,0x00,0x00,0x00,0x00,0x00,
0x00,0x00,0x00,0x00,0x00,0x00,0x00,0x00,0x00,0x00,0x00,0x00,0x00,0x00,0x00,0x00,
0x00,0x00,0x00,0x00,0x00,0x00,0x00,0x00,0x00,0x00,0x00,0x00,0x00,0x00,0x00,0x00,
0x00,0x00,0x00,0x00,0x00,0x00,0x00,0x00,0x00,0x00,0x00,0x00,0x00,0x00,0x00,0x00,
0x00,0x00,0x00,0x00,0x00,0x00,0x00,0x00,0x00,0x00,0x00,0x00,0x00,0x00,0x00,0x00,
0x00,0x00,0x00,0x00,0x00,0x00,0x00,0x00,0x00,0x00,0x00,0x00,0x00,0x00,0x00,0x00,
0x00,0x00,0x00,0x00,0x00,0x00,0x00,0x00,0x00,0x00,0x00,0x00,0x00,0x00,0x00,0x00,
0x00,0x00,0x00,0x00,0x00,0x00,0x00,0x00,0x00,0x00,0x00,0x00,0x00,0x00,0x00,0x00,
0x00,0x00,0x00,0x00,0x00,0x00,0x00,0x00,0x00,0x00,0x00,0x00,0x00,0x00,0x00,0x00,
0x00,0x00,0x00,0x00,0x00,0x00,0x00,0x00,0x00,0x00,0x00,0x00,0x00,0x00,0x00,0x00,
0x00,0x00,0x00,0x00,0x00,0x00,0x00,0x00,0x00,0x00,0x00,0x00,0x00,0x00,0x00,0x00,
0x00,0x00,0x00,0x00,0x00,0x00,0x00,0x00,0x00,0x00,0x00,0x00,0x00,0x00,0x00,0x00,
0x00,0x00,0x00,0x00,0x00,0x00,0x00,0x00,0x00,0x00,0x00,0x00,0x00,0x00,0x00,0x00,
0x00,0x00,0x00,0x00,0x00,0x00,0x00,0x00,0x00,0x00,0x00,0x00,0x00,0x00,0x00,0x00,
0x00,0x00,0x00,0x00,0x00,0x00,0x00,0x00,0x00,0x00,0x00,0x00,0x00,0x00,0x00,0x00,
0x00,0x00,0x00,0x00,0x00,0x00,0x00,0x00,0x00,0x00,0x00,0x00,0x00,0x00,0x00,0x00,
0x00,0x00,0x00,0x00,0x00,0x00,0x00,0x00,0x00,0x00,0x00,0x00,0x00,0x00,0x00,0x00,
0x00,0x00,0x00,0x00,0x00,0x00,0x00,0x00,0x00,0x00,0x00,0x00,0x00,0x00,0x00,0x00,
0x00,0x00,0x00,0x00,0x00,0x00,0x00,0x00,0x00,0x00,0x00,0x00,0x00,0x00,0x00,0x00,
0x00,0x00,0x00,0x00,0x00,0x00,0x00,0x00,0x00,0x00,0x00,0x00,0x00,0x00,0x00,0x00,
0x00,0x00,0x00,0x00,0x00,0x00,0x00,0x00,0x00,0x00,0x00,0x00,0x00,0x00,0x00,0x00,
0x00,0x00,0x00,0x00,0x00,0x00,0x00,0x00,0x00,0x00,0x00,0x00,0x00,0x00,0x00,0x00,
0x00,0x00,0x00,0x00,0x00,0x00,0x00,0x00,0x00,0x00,0x00,0x00,0x00,0x00,0x00,0x00,
0x00,0x00,0x00,0x00,0x00,0x00,0x00,0x00,0x00,0x00,0x00,0x00,0x00,0x00,0x00,0x00,
0x00,0x00,0x00,0x00,0x00,0x00,0x00,0x00,0x00,0x00,0x00,0x00,0x00,0x00,0x00,0x00,
0x00,0x00,0x00,0x00,0x00,0x00,0x00,0x00,0x00,0x00,0x00,0x00,0x00,0x00,0x00,0x00,
0x00,0x00,0x00,0x00,0x00,0x00,0x00,0x00,0x00,0x00,0x00,0x00,0x00,0x00,0x00,0x00,
0x00,0x00,0x00,0x00,0x00,0x00,0x00,0x00,0x00,0x00,0x00,0x00,0x00,0x00,0x00,0x00,
0x00,0x00,0x00,0x00,0x00,0x00,0x00,0x00,0x00,0x00,0x00,0x00,0x00,0x00,0x00,0x00,
0x00,0x00,0x00,0x00,0x00,0x00,0x00,0x00,0x00,0x00,0x00,0x00,0x00,0x00,0x00,0x00,
0x00,0x00,0x00,0x00,0x00,0x00,0x00,0x00,0x00,0x00,0x00,0x00,0x00,0x00,0x00,0x00,
0x00,0x00,0x00,0x00,0x00,0x00,0x00,0x00,0x00,0x00,0x00,0x00,0x00,0x00,0x00,0x00,
0x00,0x00,0x00,0x00,0x00,0x00,0x00,0x00,0x00,0x00,0x00,0x00,0x00,0x00,0x00,0x00,
0x00,0x00,0x00,0x00,0x00,0x00,0x00,0x00,0x00,0x00,0x00,0x00,0x00,0x00,0x00,0x00,
0x00,0x00,0x00,0x00,0x00,0x00,0x00,0x00,0x00,0x00,0x00,0x00,0x00,0x00,0x00,0x00,
0x00,0x00,0x00,0x00,0x00,0x00,0x00,0x00,0x00,0x00,0x00,0x00,0x00,0x00,0x00,0x00,
0x00,0x00,0x00,0x00,0x00,0x00,0x00,0x00,0x00,0x00,0x00,0x00,0x00,0x00,0x00,0x00,
0x00,0x00,0x00,0x00,0x00,0x00,0x00,0x00,0x00,0x00,0x00,0x00,0x00,0x00,0x00,0x00,
0x00,0x00,0x00,0x00,0x00,0x00,0x00,0x00,0x00,0x00,0x00,0x00,0x00,0x00,0x00,0x00,
0x00,0x00,0x00,0x00,0x00,0x00,0x00,0x00,0x00,0x00,0x00,0x00,0x00,0x00,0x00,0x00,
0x00,0x00,0x00,0x00,0x00,0x00,0x00,0x00,0x00,0x00,0x00,0x00,0x00,0x00,0x00,0x00,
0x00,0x00,0x00,0x00,0x00,0x00,0x00,0x00,0x00,0x00,0x00,0x00,0x00,0x00,0x00,0x00,
0x00,0x00,0x00,0x00,0x00,0x00,0x00,0x00,0x00,0x00,0x00,0x00,0x00,0x00,0x00,0x00,
0x00,0x00,0x00,0x00,0x00,0x00,0x00,0x00,0x00,0x00,0x00,0x00,0x00,0x00,0x00,0x00,
0x00,0x00,0x00,0x00,0x00,0x00,0x00,0x00,0x00,0x00,0x00,0x00,0x00,0x00,0x00,0x00,
0x00,0x00,0x00,0x00,0x00,0x00,0x00,0x00,0x00,0x00,0x00,0x00,0x00,0x00,0x00,0x00,
0x00,0x00,0x00,0x00,0x00,0x00,0x00,0x00,0x00,0x00,0x00,0x00,0x00,0x00,0x00,0x00,
0x00,0x00,0x00,0x00,0x00,0x00,0x00,0x00,0x00,0x00,0x00,0x00,0x00,0x00,0x00,0x00,
0x00,0x00,0x00,0x00,0x00,0x00,0x00,0x00,0x00,0x00,0x00,0x00,0x00,0x00,0x00,0x00,
0x00,0x00,0x00,0x00,0x00,0x00,0x00,0x00,0x00,0x00,0x00,0x00,0x00,0x00,0x00,0x00,
0x00,0x00,0x00,0x00,0x00,0x00,0x00,0x00,0x00,0x00,0x00,0x00,0x00,0x00,0x00,0x00,
0x00,0x00,0x00,0x00,0x00,0x00,0x00,0x00,0x00,0x00,0x00,0x00,0x00,0x00,0x00,0x00,
0x00,0x00,0x00,0x00,0x00,0x00,0x00,0x00,0x00,0x00,0x00,0x00,0x00,0x00,0x00,0x00,
0x00,0x00,0x00,0x00,0x00,0x00,0x00,0x00,0x00,0x00,0x00,0x00,0x00,0x00,0x00,0x00,
0x00,0x00,0x00,0x00,0x00,0x00,0x00,0x00,0x00,0x00,0x00,0x00,0x00,0x00,0x00,0x00,
0x00,0x00,0x00,0x00,0x00,0x00,0x00,0x00,0x00,0x00,0x00,0x00,0x00,0x00,0x00,0x00,
0x00,0x00,0x00,0x00,0x00,0x00,0x00,0x00,0x00,0x00,0x00,0x00,0x00,0x00,0x00,0x00,
0x00,0x00,0x00,0x00,0x00,0x00,0x00,0x00,0x00,0x00,0x00,0x00,0x00,0x00,0x00,0x00,
0x00,0x00,0x00,0x00,0x00,0x00,0x00,0x00,0x00,0x00,0x00,0x00,0x00,0x00,0x00,0x00,
0x00,0x00,0x00,0x00,0x00,0x00,0x00,0x00,0x00,0x00,0x00,0x00,0x00,0x00,0x00,0x00,
0x00,0x00,0x00,0x00,0x00,0x00,0x00,0x00,0x00,0x00,0x00,0x00,0x00,0x00,0x00,0x00,
0x00,0x00,0x00,0x00,0x00,0x00,0x00,0x00,0x00,0x00,0x00,0x00,0x00,0x00,0x00,0x00,
0x00,0x00,0x00,0x00,0x00,0x00,0x00,0x00,0x00,0x00,0x00,0x00,0x00,0x00,0x00,0x00,
0x00,0x00,0x00,0x00,0x00,0x00,0x00,0x00,0x00,0x00,0x00,0x00,0x00,0x00,0x00,0x00,
0x00,0x00,0x00,0x00,0x00,0x00,0x00,0x00,0x00,0x00,0x00,0x00,0x00,0x00,0x00,0x00,
0x00,0x00,0x00,0x00,0x00,0x00,0x00,0x00,0x00,0x00,0x00,0x00,0x00,0x00,0x00,0x00,
0x00,0x00,0x00,0x00,0x00,0x00,0x00,0x00,0x00,0x00,0x00,0x00,0x00,0x00,0x00,0x00,
0x00,0x00,0x00,0x00,0x00,0x00,0x00,0x00,0x00,0x00,0x00,0x00,0x00,0x00,0x00,0x00,
0x00,0x00,0x00,0x00,0x00,0x00,0x00,0x00,0x00,0x00,0x00,0x00,0x00,0x00,0x00,0x00,
0x00,0x00,0x00,0x00,0x00,0x00,0x00,0x00,0x00,0x00,0x00,0x00,0x00,0x00,0x00,0x00,
0x00,0x00,0x00,0x00,0x00,0x00,0x00,0x00,0x00,0x00,0x00,0x00,0x00,0x00,0x00,0x00,
0x00,0x00,0x00,0x00,0x00,0x00,0x00,0x00,0x00,0x00,0x00,0x00,0x00,0x00,0x00,0x00,
0x00,0x00,0x00,0x00,0x00,0x00,0x00,0x00,0x00,0x00,0x00,0x00,0x00,0x00,0x00,0x00,
0x00,0x00,0x00,0x00,0x00,0x00,0x00,0x00,0x00,0x00,0x00,0x00,0x00,0x00,0x00,0x00,
0x00,0x00,0x00,0x00,0x00,0x00,0x00,0x00,0x00,0x00,0x00,0x00,0x00,0x00,0x00,0x00,
0x00,0x00,0x00,0x00,0x00,0x00,0x00,0x00,0x00,0x00,0x00,0x00,0x00,0x00,0x00,0x00,
0x00,0x00,0x00,0x00,0x00,0x00,0x00,0x00,0x00,0x00,0x00,0x00,0x00,0x00,0x00,0x00,
0x00,0x00,0x00,0x00,0x00,0x00,0x00,0x00,0x00,0x00,0x00,0x00,0x00,0x00,0x00,0x00,
0x00,0x00,0x00,0x00,0x00,0x00,0x00,0x00,0x00,0x00,0x00,0x00,0x00,0x00,0x00,0x00,
0x00,0x00,0x00,0x00,0x00,0x00,0x00,0x00,0x00,0x00,0x00,0x00,0x00,0x00,0x00,0x00,
0x00,0x00,0x00,0x00,0x00,0x00,0x00,0x00,0x00,0x00,0x00,0x00,0x00,0x00,0x00,0x00,
0x00,0x00,0x00,0x00,0x00,0x00,0x00,0x00,0x00,0x00,0x00,0x00,0x00,0x00,0x00,0x00,
0x00,0x00,0x00,0x00,0x00,0x00,0x00,0x00,0x00,0x00,0x00,0x00,0x00,0x00,0x00,0x00,
0x00,0x00,0x00,0x00,0x00,0x00,0x00,0x00,0x00,0x00,0x00,0x00,0x00,0x00,0x00,0x00,
0x00,0x00,0x00,0x00,0x00,0x00,0x00,0x00,0x00,0x00,0x00,0x00,0x00,0x00,0x00,0x00,
0x00,0x00,0x00,0x00,0x00,0x00,0x00,0x00,0x00,0x00,0x00,0x00,0x00,0x00,0x00,0x00,
0x00,0x00,0x00,0x00,0x00,0x00,0x00,0x00,0x00,0x00,0x00,0x00,0x00,0x00,0x00,0x00,
0x00,0x00,0x00,0x00,0x00,0x00,0x00,0x00,0x00,0x00,0x00,0x00,0x00,0x00,0x00,0x00,
0x00,0x00,0x00,0x00,0x00,0x00,0x00,0x00,0x00,0x00,0x00,0x00,0x00,0x00,0x00,0x00,
0x00,0x00,0x00,0x00,0x00,0x00,0x00,0x00,0x00,0x00,0x00,0x00,0x00,0x00,0x00,0x00,
0x00,0x00,0x00,0x00,0x00,0x00,0x00,0x00,0x00,0x00,0x00,0x00,0x00,0x00,0x00,0x00,
0x00,0x00,0x00,0x00,0x00,0x00,0x00,0x00,0x00,0x00,0x00,0x00,0x00,0x00,0x00,0x00,
0x00,0x00,0x00,0x00,0x00,0x00,0x00,0x00,0x00,0x00,0x00,0x00,0x00,0x00,0x00,0x00,
0x00,0x00,0x00,0x00,0x00,0x00,0x00,0x00,0x00,0x00,0x00,0x00,0x00,0x00,0x00,0x00,
0x00,0x00,0x00,0x00,0x00,0x00,0x00,0x00,0x00,0x00,0x00,0x00,0x00,0x00,0x00,0x00,
0x00,0x00,0x00,0x00,0x00,0x00,0x00,0x00,0x00,0x00,0x00,0x00,0x00,0x00,0x00,0x00,
0x00,0x00,0x00,0x00,0x00,0x00,0x00,0x00,0x00,0x00,0x00,0x00,0x00,0x00,0x00,0x00,
0x00,0x00,0x00,0x00,0x00,0x00,0x00,0x00,0x00,0x00,0x00,0x00,0x00,0x00,0x00,0x00,
0x00,0x00,0x00,0x00,0x00,0x00,0x00,0x00,0x00,0x00,0x00,0x00,0x00,0x00,0x00,0x00,
0x00,0x00,0x00,0x00,0x00,0x00,0x00,0x00,0x00,0x00,0x00,0x00,0x00,0x00,0x00,0x00,
0x00,0x00,0x00,0x00,0x00,0x00,0x00,0x00,0x00,0x00,0x00,0x00,0x00,0x00,0x00,0x00,
0x00,0x00,0x00,0x00,0x00,0x00,0x00,0x00,0x00,0x00,0x00,0x00,0x00,0x00,0x00,0x00,
0x00,0x00,0x00,0x00,0x00,0x00,0x00,0x00,0x00,0x00,0x00,0x00,0x00,0x00,0x00,0x00,
0x00,0x00,0x00,0x00,0x00,0x00,0x00,0x00,0x00,0x00,0x00,0x00,0x00,0x00,0x00,0x00,
0x00,0x00,0x00,0x00,0x00,0x00,0x00,0x00,0x00,0x00,0x00,0x00,0x00,0x00,0x00,0x00,
0x00,0x00,0x00,0x00,0x00,0x00,0x00,0x00,0x00,0x00,0x00,0x00,0x00,0x00,0x00,0x00,
0x00,0x00,0x00,0x00,0x00,0x00,0x00,0x00,0x00,0x00,0x00,0x00,0x00,0x00,0x00,0x00,
0x00,0x00,0x00,0x00,0x00,0x00,0x00,0x00,0x00,0x00,0x00,0x00,0x00,0x00,0x00,0x00,
0x00,0x00,0x00,0x00,0x00,0x00,0x00,0x00,0x00,0x00,0x00,0x00,0x00,0x00,0x00,0x00,
0x00,0x00,0x00,0x00,0x00,0x00,0x00,0x00,0x00,0x00,0x00,0x00,0x00,0x00,0x00,0x00,
0x00,0x00,0x00,0x00,0x00,0x00,0x00,0x00,0x00,0x00,0x00,0x00,0x00,0x00,0x00,0x00,
0x00,0x00,0x00,0x00,0x00,0x00,0x00,0x00,0x00,0x00,0x00,0x00,0x00,0x00,0x00,0x00,
0x00,0x00,0x00,0x00,0x00,0x00,0x00,0x00,0x00,0x00,0x00,0x00,0x00,0x00,0x00,0x00,
0x00,0x00,0x00,0x00,0x00,0x00,0x00,0x00,0x00,0x00,0x00,0x00,0x00,0x00,0x00,0x00,
0x00,0x00,0x00,0x00,0x00,0x00,0x00,0x00,0x00,0x00,0x00,0x00,0x00,0x00,0x00,0x00,
0x00,0x00,0x00,0x00,0x00,0x00,0x00,0x00,0x00,0x00,0x00,0x00,0x00,0x00,0x00,0x00,
0x00,0x00,0x00,0x00,0x00,0x00,0x00,0x00,0x00,0x00,0x00,0x00,0x00,0x00,0x00,0x00,
0x00,0x00,0x00,0x00,0x00,0x00,0x00,0x00,0x00,0x00,0x00,0x00,0x00,0x00,0x00,0x00,
0x00,0x00,0x00,0x00,0x00,0x00,0x00,0x00,0x00,0x00,0x00,0x00,0x00,0x00,0x00,0x00,
0x00,0x00,0x00,0x00,0x00,0x00,0x00,0x00,0x00,0x00,0x00,0x00,0x00,0x00,0x00,0x00,
0x00,0x00,0x00,0x00,0x00,0x00,0x00,0x00,0x00,0x00,0x00,0x00,0x00,0x00,0x00,0x00,
0x00,0x00,0x00,0x00,0x00,0x00,0x00,0x00,0x00,0x00,0x00,0x00,0x00,0x00,0x00,0x00,
0x00,0x00,0x00,0x00,0x00,0x00,0x00,0x00,0x00,0x00,0x00,0x00,0x00,0x00,0x00,0x00,
0x00,0x00,0x00,0x00,0x00,0x00,0x00,0x00,0x00,0x00,0x00,0x00,0x00,0x00,0x00,0x00,
0x00,0x00,0x00,0x00,0x00,0x00,0x00,0x00,0x00,0x00,0x00,0x00,0x00,0x00,0x00,0x00,
0x00,0x00,0x00,0x00,0x00,0x00,0x00,0x00,0x00,0x00,0x00,0x00,0x00,0x00,0x00,0x00,
0x00,0x00,0x00,0x00,0x00,0x00,0x00,0x00,0x00,0x00,0x00,0x00,0x00,0x00,0x00,0x00,
0x00,0x00,0x00,0x00,0x00,0x00,0x00,0x00,0x00,0x00,0x00,0x00,0x00,0x00,0x00,0x00,
0x00,0x00,0x00,0x00,0x00,0x00,0x00,0x00,0x00,0x00,0x00,0x00,0x00,0x00,0x00,0x00,
0x00,0x00,0x00,0x00,0x00,0x00,0x00,0x00,0x00,0x00,0x00,0x00,0x00,0x00,0x00,0x00,
0x00,0x00,0x00,0x00,0x00,0x00,0x00,0x00,0x00,0x00,0x00,0x00,0x00,0x00,0x00,0x00,
0x00,0x00,0x00,0x00,0x00,0x00,0x00,0x00,0x00,0x00,0x00,0x00,0x00,0x00,0x00,0x00,
0x00,0x00,0x00,0x00,0x00,0x00,0x00,0x00,0x00,0x00,0x00,0x00,0x00,0x00,0x00,0x00,
0x00,0x00,0x00,0x00,0x00,0x00,0x00,0x00,0x00,0x00,0x00,0x00,0x00,0x00,0x00,0x00,
0x00,0x00,0x00,0x00,0x00,0x00,0x00,0x00,0x00,0x00,0x00,0x00,0x00,0x00,0x00,0x00,
0x00,0x00,0x00,0x00,0x00,0x00,0x00,0x00,0x00,0x00,0x00,0x00,0x00,0x00,0x00,0x00,
0x00,0x00,0x00,0x00,0x00,0x00,0x00,0x00,0x00,0x00,0x00,0x00,0x00,0x00,0x00,0x00,
0x00,0x00,0x00,0x00,0x00,0x00,0x00,0x00,0x00,0x00,0x00,0x00,0x00,0x00,0x00,0x00,
0x00,0x00,0x00,0x00,0x00,0x00,0x00,0x00,0x00,0x00,0x00,0x00,0x00,0x00,0x00,0x00,
0x00,0x00,0x00,0x00,0x00,0x00,0x00,0x00,0x00,0x00,0x00,0x00,0x00,0x00,0x00,0x00,
0x00,0x00,0x00,0x00,0x00,0x00,0x00,0x00,0x00,0x00,0x00,0x00,0x00,0x00,0x00,0x00,
0x00,0x00,0x00,0x00,0x00,0x00,0x00,0x00,0x00,0x00,0x00,0x00,0x00,0x00,0x00,0x00,
0x00,0x00,0x00,0x00,0x00,0x00,0x00,0x00,0x00,0x00,0x00,0x00,0x00,0x00,0x00,0x00,
0x00,0x00,0x00,0x00,0x00,0x00,0x00,0x00,0x00,0x00,0x00,0x00,0x00,0x00,0x00,0x00,
0x00,0x00,0x00,0x00,0x00,0x00,0x00,0x00,0x00,0x00,0x00,0x00,0x00,0x00,0x00,0x00,
0x00,0x00,0x00,0x00,0x00,0x00,0x00,0x00,0x00,0x00,0x00,0x00,0x00,0x00,0x00,0x00,
0x00,0x00,0x00,0x00,0x00,0x00,0x00,0x00,0x00,0x00,0x00,0x00,0x00,0x00,0x00,0x00,
0x00,0x00,0x00,0x00,0x00,0x00,0x00,0x00,0x00,0x00,0x00,0x00,0x00,0x00,0x00,0x00,
0x00,0x00,0x00,0x00,0x00,0x00,0x00,0x00,0x00,0x00,0x00,0x00,0x00,0x00,0x00,0x00,
0x00,0x00,0x00,0x00,0x00,0x00,0x00,0x00,0x00,0x00,0x00,0x00,0x00,0x00,0x00,0x00,
0x00,0x00,0x00,0x00,0x00,0x00,0x00,0x00,0x00,0x00,0x00,0x00,0x00,0x00,0x00,0x00,
0x00,0x00,0x00,0x00,0x00,0x00,0x00,0x00,0x00,0x00,0x00,0x00,0x00,0x00,0x00,0x00,
0x00,0x00,0x00,0x00,0x00,0x00,0x00,0x00,0x00,0x00,0x00,0x00,0x00,0x00,0x00,0x00,
0x00,0x00,0x00,0x00,0x00,0x00,0x00,0x00,0x00,0x00,0x00,0x00,0x00,0x00,0x00,0x00,
0x00,0x00,0x00,0x00,0x00,0x00,0x00,0x00,0x00,0x00,0x00,0x00,0x00,0x00,0x00,0x00,
0x00,0x00,0x00,0x00,0x00,0x00,0x00,0x00,0x00,0x00,0x00,0x00,0x00,0x00,0x00,0x00,
0x00,0x00,0x00,0x00,0x00,0x00,0x00,0x00,0x00,0x00,0x00,0x00,0x00,0x00,0x00,0x00,
0x00,0x00,0x00,0x00,0x00,0x00,0x00,0x00,0x00,0x00,0x00,0x00,0x00,0x00,0x00,0x00,
0x00,0x00,0x00,0x00,0x00,0x00,0x00,0x00,0x00,0x00,0x00,0x00,0x00,0x00,0x00,0x00,
0x00,0x00,0x00,0x00,0x00,0x00,0x00,0x00,0x00,0x00,0x00,0x00,0x00,0x00,0x00,0x00,
0x00,0x00,0x00,0x00,0x00,0x00,0x00,0x00,0x00,0x00,0x00,0x00,0x00,0x00,0x00,0x00,
0x00,0x00,0x00,0x00,0x00,0x00,0x00,0x00,0x00,0x00,0x00,0x00,0x00,0x00,0x00,0x00,
0x00,0x00,0x00,0x00,0x00,0x00,0x00,0x00,0x00,0x00,0x00,0x00,0x00,0x00,0x00,0x00,
0x00,0x00,0x00,0x00,0x00,0x00,0x00,0x00,0x00,0x00,0x00,0x00,0x00,0x00,0x00,0x00,
0x00,0x00,0x00,0x00,0x00,0x00,0x00,0x00,0x00,0x00,0x00,0x00,0x00,0x00,0x00,0x00,
0x00,0x00,0x00,0x00,0x00,0x00,0x00,0x00,0x00,0x00,0x00,0x00,0x00,0x00,0x00,0x00,
0x00,0x00,0x00,0x00,0x00,0x00,0x00,0x00,0x00,0x00,0x00,0x00,0x00,0x00,0x00,0x00,
0x00,0x00,0x00,0x00,0x00,0x00,0x00,0x00,0x00,0x00,0x00,0x00,0x00,0x00,0x00,0x00,
0x00,0x00,0x00,0x00,0x00,0x00,0x00,0x00,0x00,0x00,0x00,0x00,0x00,0x00,0x00,0x00,
0x00,0x00,0x00,0x00,0x00,0x00,0x00,0x00,0x00,0x00,0x00,0x00,0x00,0x00,0x00,0x00,
0x00,0x00,0x00,0x00,0x00,0x00,0x00,0x00,0x00,0x00,0x00,0x00,0x00,0x00,0x00,0x00,
0x00,0x00,0x00,0x00,0x00,0x00,0x00,0x00,0x00,0x00,0x00,0x00,0x00,0x00,0x00,0x00,
0x00,0x00,0x00,0x00,0x00,0x00,0x00,0x00,0x00,0x00,0x00,0x00,0x00,0x00,0x00,0x00,
0x00,0x00,0x00,0x00,0x00,0x00,0x00,0x00,0x00,0x00,0x00,0x00,0x00,0x00,0x00,0x00,
0x00,0x00,0x00,0x00,0x00,0x00,0x00,0x00,0x00,0x00,0x00,0x00,0x00,0x00,0x00,0x00,
0x00,0x00,0x00,0x00,0x00,0x00,0x00,0x00,0x00,0x00,0x00,0x00,0x00,0x00,0x00,0x00,
0x00,0x00,0x00,0x00,0x00,0x00,0x00,0x00,0x00,0x00,0x00,0x00,0x00,0x00,0x00,0x00,
0x00,0x00,0x00,0x00,0x00,0x00,0x00,0x00,0x00,0x00,0x00,0x00,0x00,0x00,0x00,0x00,
0x00,0x00,0x00,0x00,0x00,0x00,0x00,0x00,0x00,0x00,0x00,0x00,0x00,0x00,0x00,0x00,
0x00,0x00,0x00,0x00,0x00,0x00,0x00,0x00,0x00,0x00,0x00,0x00,0x00,0x00,0x00,0x00,
0x00,0x00,0x00,0x00,0x00,0x00,0x00,0x00,0x00,0x00,0x00,0x00,0x00,0x00,0x00,0x00,
0x00,0x00,0x00,0x00,0x00,0x00,0x00,0x00,0x00,0x00,0x00,0x00,0x00,0x00,0x00,0x00,
0x00,0x00,0x00,0x00,0x00,0x00,0x00,0x00,0x00,0x00,0x00,0x00,0x00,0x00,0x00,0x00,
0x00,0x00,0x00,0x00,0x00,0x00,0x00,0x00,0x00,0x00,0x00,0x00,0x00,0x00,0x00,0x00,
0x00,0x00,0x00,0x00,0x00,0x00,0x00,0x00,0x00,0x00,0x00,0x00,0x00,0x00,0x00,0x00,
0x00,0x00,0x00,0x00,0x00,0x00,0x00,0x00,0x00,0x00,0x00,0x00,0x00,0x00,0x00,0x00,
0x00,0x00,0x00,0x00,0x00,0x00,0x00,0x00,0x00,0x00,0x00,0x00,0x00,0x00,0x00,0x00,
0x00,0x00,0x00,0x00,0x00,0x00,0x00,0x00,0x00,0x00,0x00,0x00,0x00,0x00,0x00,0x00,
0x00,0x00,0x00,0x00,0x00,0x00,0x00,0x00,0x00,0x00,0x00,0x00,0x00,0x00,0x00,0x00,
0x00,0x00,0x00,0x00,0x00,0x00,0x00,0x00,0x00,0x00,0x00,0x00,0x00,0x00,0x00,0x00,
0x00,0x00,0x00,0x00,0x00,0x00,0x00,0x00,0x00,0x00,0x00,0x00,0x00,0x00,0x00,0x00,
0x00,0x00,0x00,0x00,0x00,0x00,0x00,0x00,0x00,0x00,0x00,0x00,0x00,0x00,0x00,0x00,
0x00,0x00,0x00,0x00,0x00,0x00,0x00,0x00,0x00,0x00,0x00,0x00,0x00,0x00,0x00,0x00,
0x00,0x00,0x00,0x00,0x00,0x00,0x00,0x00,0x00,0x00,0x00,0x00,0x00,0x00,0x00,0x00,
0x00,0x00,0x00,0x00,0x00,0x00,0x00,0x00,0x00,0x00,0x00,0x00,0x00,0x00,0x00,0x00,
0x00,0x00,0x00,0x00,0x00,0x00,0x00,0x00,0x00,0x00,0x00,0x00,0x00,0x00,0x00,0x00,
0x00,0x00,0x00,0x00,0x00,0x00,0x00,0x00,0x00,0x00,0x00,0x00,0x00,0x00,0x00,0x00,
0x00,0x00,0x00,0x00,0x00,0x00,0x00,0x00,0x00,0x00,0x00,0x00,0x00,0x00,0x00,0x00,
0x00,0x00,0x00,0x00,0x00,0x00,0x00,0x00,0x00,0x00,0x00,0x00,0x00,0x00,0x00,0x00,
0x00,0x00,0x00,0x00,0x00,0x00,0x00,0x00,0x00,0x00,0x00,0x00,0x00,0x00,0x00,0x00,
0x00,0x00,0x00,0x00,0x00,0x00,0x00,0x00,0x00,0x00,0x00,0x00,0x00,0x00,0x00,0x00,
0x00,0x00,0x00,0x00,0x00,0x00,0x00,0x00,0x00,0x00,0x00,0x00,0x00,0x00,0x00,0x00,
0x00,0x00,0x00,0x00,0x00,0x00,0x00,0x00,0x00,0x00,0x00,0x00,0x00,0x00,0x00,0x00,
0x00,0x00,0x00,0x00,0x00,0x00,0x00,0x00,0x00,0x00,0x00,0x00,0x00,0x00,0x00,0x00,
0x00,0x00,0x00,0x00,0x00,0x00,0x00,0x00,0x00,0x00,0x00,0x00,0x00,0x00,0x00,0x00,
0x00,0x00,0x00,0x00,0x00,0x00,0x00,0x00,0x00,0x00,0x00,0x00,0x00,0x00,0x00,0x00,
0x00,0x00,0x00,0x00,0x00,0x00,0x00,0x00,0x00,0x00,0x00,0x00,0x00,0x00,0x00,0x00,
0x00,0x00,0x00,0x00,0x00,0x00,0x00,0x00,0x00,0x00,0x00,0x00,0x00,0x00,0x00,0x00,
0x00,0x00,0x00,0x00,0x00,0x00,0x00,0x00,0x00,0x00,0x00,0x00,0x00,0x00,0x00,0x00,
0x00,0x00,0x00,0x00,0x00,0x00,0x00,0x00,0x00,0x00,0x00,0x00,0x00,0x00,0x00,0x00,
0x00,0x00,0x00,0x00,0x00,0x00,0x00,0x00,0x00,0x00,0x00,0x00,0x00,0x00,0x00,0x00,
0x00,0x00,0x00,0x00,0x00,0x00,0x00,0x00,0x00,0x00,0x00,0x00,0x00,0x00,0x00,0x00,
0x00,0x00,0x00,0x00,0x00,0x00,0x00,0x00,0x00,0x00,0x00,0x00,0x00,0x00,0x00,0x00,
0x00,0x00,0x00,0x00,0x00,0x00,0x00,0x00,0x00,0x00,0x00,0x00,0x00,0x00,0x00,0x00,
0x00,0x00,0x00,0x00,0x00,0x00,0x00,0x00,0x00,0x00,0x00,0x00,0x00,0x00,0x00,0x00,
0x00,0x00,0x00,0x00,0x00,0x00,0x00,0x00,0x00,0x00,0x00,0x00,0x00,0x00,0x00,0x00,
0x00,0x00,0x00,0x00,0x00,0x00,0x00,0x00,0x00,0x00,0x00,0x00,0x00,0x00,0x00,0x00,
0x00,0x00,0x00,0x00,0x00,0x00,0x00,0x00,0x00,0x00,0x00,0x00,0x00,0x00,0x00,0x00,
0x00,0x00,0x00,0x00,0x00,0x00,0x00,0x00,0x00,0x00,0x00,0x00,0x00,0x00,0x00,0x00,
0x00,0x00,0x00,0x00,0x00,0x00,0x00,0x00,0x00,0x00,0x00,0x00,0x00,0x00,0x00,0x00,
0x00,0x00,0x00,0x00,0x00,0x00,0x00,0x00,0x00,0x00,0x00,0x00,0x00,0x00,0x00,0x00,
0x00,0x00,0x00,0x00,0x00,0x00,0x00,0x00,0x00,0x00,0x00,0x00,0x00,0x00,0x00,0x00,
0x00,0x00,0x00,0x00,0x00,0x00,0x00,0x00,0x00,0x00,0x00,0x00,0x00,0x00,0x00,0x00,
0x00,0x00,0x00,0x00,0x00,0x00,0x00,0x00,0x00,0x00,0x00,0x00,0x00,0x00,0x00,0x00,
0x00,0x00,0x00,0x00,0x00,0x00,0x00,0x00,0x00,0x00,0x00,0x00,0x00,0x00,0x00,0x00,
0x00,0x00,0x00,0x00,0x00,0x00,0x00,0x00,0x00,0x00,0x00,0x00,0x00,0x00,0x00,0x00,
0x00,0x00,0x00,0x00,0x00,0x00,0x00,0x00,0x00,0x00,0x00,0x00,0x00,0x00,0x00,0x00,
0x00,0x00,0x00,0x00,0x00,0x00,0x00,0x00,0x00,0x00,0x00,0x00,0x00,0x00,0x00,0x00,
0x00,0x00,0x00,0x00,0x00,0x00,0x00,0x00,0x00,0x00,0x00,0x00,0x00,0x00,0x00,0x00,
0x00,0x00,0x00,0x00,0x00,0x00,0x00,0x00,0x00,0x00,0x00,0x00,0x00,0x00,0x00,0x00,
0x00,0x00,0x00,0x00,0x00,0x00,0x00,0x00,0x00,0x00,0x00,0x00,0x00,0x00,0x00,0x00,
0x00,0x00,0x00,0x00,0x00,0x00,0x00,0x00,0x00,0x00,0x00,0x00,0x00,0x00,0x00,0x00,
0x00,0x00,0x00,0x00,0x00,0x00,0x00,0x00,0x00,0x00,0x00,0x00,0x00,0x00,0x00,0x00,
0x00,0x00,0x00,0x00,0x00,0x00,0x00,0x00,0x00,0x00,0x00,0x00,0x00,0x00,0x00,0x00,
0x00,0x00,0x00,0x00,0x00,0x00,0x00,0x00,0x00,0x00,0x00,0x00,0x00,0x00,0x00,0x00,
0x00,0x00,0x00,0x00,0x00,0x00,0x00,0x00,0x00,0x00,0x00,0x00,0x00,0x00,0x00,0x00,
0x00,0x00,0x00,0x00,0x00,0x00,0x00,0x00,0x00,0x00,0x00,0x00,0x00,0x00,0x00,0x00,
0x00,0x00,0x00,0x00,0x00,0x00,0x00,0x00,0x00,0x00,0x00,0x00,0x00,0x00,0x00,0x00,
0x00,0x00,0x00,0x00,0x00,0x00,0x00,0x00,0x00,0x00,0x00,0x00,0x00,0x00,0x00,0x00,
0x00,0x00,0x00,0x00,0x00,0x00,0x00,0x00,0x00,0x00,0x00,0x00,0x00,0x00,0x00,0x00,
0x00,0x00,0x00,0x00,0x00,0x00,0x00,0x00,0x00,0x00,0x00,0x00,0x00,0x00,0x00,0x00,
0x00,0x00,0x00,0x00,0x00,0x00,0x00,0x00,0x00,0x00,0x00,0x00,0x00,0x00,0x00,0x00,
0x00,0x00,0x00,0x00,0x00,0x00,0x00,0x00,0x00,0x00,0x00,0x00,0x00,0x00,0x00,0x00,
0x00,0x00,0x00,0x00,0x00,0x00,0x00,0x00,0x00,0x00,0x00,0x00,0x00,0x00,0x00,0x00,
0x00,0x00,0x00,0x00,0x00,0x00,0x00,0x00,0x00,0x00,0x00,0x00,0x00,0x00,0x00,0x00,
0x00,0x00,0x00,0x00,0x00,0x00,0x00,0x00,0x00,0x00,0x00,0x00,0x00,0x00,0x00,0x00,
0x00,0x00,0x00,0x00,0x00,0x00,0x00,0x00,0x00,0x00,0x00,0x00,0x00,0x00,0x00,0x00,
0x00,0x00,0x00,0x00,0x00,0x00,0x00,0x00,0x00,0x00,0x00,0x00,0x00,0x00,0x00,0x00,
0x00,0x00,0x00,0x00,0x00,0x00,0x00,0x00,0x00,0x00,0x00,0x00,0x00,0x00,0x00,0x00,
0x00,0x00,0x00,0x00,0x00,0x00,0x00,0x00,0x00,0x00,0x00,0x00,0x00,0x00,0x00,0x00,
0x00,0x00,0x00,0x00,0x00,0x00,0x00,0x00,0x00,0x00,0x00,0x00,0x00,0x00,0x00,0x00,
0x00,0x00,0x00,0x00,0x00,0x00,0x00,0x00,0x00,0x00,0x00,0x00,0x00,0x00,0x00,0x00,
0x00,0x00,0x00,0x00,0x00,0x00,0x00,0x00,0x00,0x00,0x00,0x00,0x00,0x00,0x00,0x00,
0x00,0x00,0x00,0x00,0x00,0x00,0x00,0x00,0x00,0x00,0x00,0x00,0x00,0x00,0x00,0x00,
0x00,0x00,0x00,0x00,0x00,0x00,0x00,0x00,0x00,0x00,0x00,0x00,0x00,0x00,0x00,0x00,
0x00,0x00,0x00,0x00,0x00,0x00,0x00,0x00,0x00,0x00,0x00,0x00,0x00,0x00,0x00,0x00,
0x00,0x00,0x00,0x00,0x00,0x00,0x00,0x00,0x00,0x00,0x00,0x00,0x00,0x00,0x00,0x00,
0x00,0x00,0x00,0x00,0x00,0x00,0x00,0x00,0x00,0x00,0x00,0x00,0x00,0x00,0x00,0x00,
0x00,0x00,0x00,0x00,0x00,0x00,0x00,0x00,0x00,0x00,0x00,0x00,0x00,0x00,0x00,0x00,
0x00,0x00,0x00,0x00,0x00,0x00,0x00,0x00,0x00,0x00,0x00,0x00,0x00,0x00,0x00,0x00,
0x00,0x00,0x00,0x00,0x00,0x00,0x00,0x00,0x00,0x00,0x00,0x00,0x00,0x00,0x00,0x00,
0x00,0x00,0x00,0x00,0x00,0x00,0x00,0x00,0x00,0x00,0x00,0x00,0x00,0x00,0x00,0x00,
0x00,0x00,0x00,0x00,0x00,0x00,0x00,0x00,0x00,0x00,0x00,0x00,0x00,0x00,0x00,0x00,
0x00,0x00,0x00,0x00,0x00,0x00,0x00,0x00,0x00,0x00,0x00,0x00,0x00,0x00,0x00,0x00,
0x00,0x00,0x00,0x00,0x00,0x00,0x00,0x00,0x00,0x00,0x00,0x00,0x00,0x00,0x00,0x00,
0x00,0x00,0x00,0x00,0x00,0x00,0x00,0x00,0x00,0x00,0x00,0x00,0x00,0x00,0x00,0x00,
0x00,0x00,0x00,0x00,0x00,0x00,0x00,0x00,0x00,0x00,0x00,0x00,0x00,0x00,0x00,0x00,
0x00,0x00,0x00,0x00,0x00,0x00,0x00,0x00,0x00,0x00,0x00,0x00,0x00,0x00,0x00,0x00,
0x00,0x00,0x00,0x00,0x00,0x00,0x00,0x00,0x00,0x00,0x00,0x00,0x00,0x00,0x00,0x00,
0x00,0x00,0x00,0x00,0x00,0x00,0x00,0x00,0x00,0x00,0x00,0x00,0x00,0x00,0x00,0x00,
0x00,0x00,0x00,0x00,0x00,0x00,0x00,0x00,0x00,0x00,0x00,0x00,0x00,0x00,0x00,0x00,
0x00,0x00,0x00,0x00,0x00,0x00,0x00,0x00,0x00,0x00,0x00,0x00,0x00,0x00,0x00,0x00,
0x00,0x00,0x00,0x00,0x00,0x00,0x00,0x00,0x00,0x00,0x00,0x00,0x00,0x00,0x00,0x00,
0x00,0x00,0x00,0x00,0x00,0x00,0x00,0x00,0x00,0x00,0x00,0x00,0x00,0x00,0x00,0x00,
0x00,0x00,0x00,0x00,0x00,0x00,0x00,0x00,0x00,0x00,0x00,0x00,0x00,0x00,0x00,0x00,
0x00,0x00,0x00,0x00,0x00,0x00,0x00,0x00,0x00,0x00,0x00,0x00,0x00,0x00,0x00,0x00,
0x00,0x00,0x00,0x00,0x00,0x00,0x00,0x00,0x00,0x00,0x00,0x00,0x00,0x00,0x00,0x00,
0x00,0x00,0x00,0x00,0x00,0x00,0x00,0x00,0x00,0x00,0x00,0x00,0x00,0x00,0x00,0x00,
0x00,0x00,0x00,0x00,0x00,0x00,0x00,0x00,0x00,0x00,0x00,0x00,0x00,0x00,0x00,0x00,
0x00,0x00,0x00,0x00,0x00,0x00,0x00,0x00,0x00,0x00,0x00,0x00,0x00,0x00,0x00,0x00,
0x00,0x00,0x00,0x00,0x00,0x00,0x00,0x00,0x00,0x00,0x00,0x00,0x00,0x00,0x00,0x00,
0x00,0x00,0x00,0x00,0x00,0x00,0x00,0x00,0x00,0x00,0x00,0x00,0x00,0x00,0x00,0x00,
0x00,0x00,0x00,0x00,0x00,0x00,0x00,0x00,0x00,0x00,0x00,0x00,0x00,0x00,0x00,0x00,
0x00,0x00,0x00,0x00,0x00,0x00,0x00,0x00,0x00,0x00,0x00,0x00,0x00,0x00,0x00,0x00,
0x00,0x00,0x00,0x00,0x00,0x00,0x00,0x00,0x00,0x00,0x00,0x00,0x00,0x00,0x00,0x00,
0x00,0x00,0x00,0x00,0x00,0x00,0x00,0x00,0x00,0x00,0x00,0x00,0x00,0x00,0x00,0x00,
0x00,0x00,0x00,0x00,0x00,0x00,0x00,0x00,0x00,0x00,0x00,0x00,0x00,0x00,0x00,0x00,
0x00,0x00,0x00,0x00,0x00,0x00,0x00,0x00,0x00,0x00,0x00,0x00,0x00,0x00,0x00,0x00,
0x00,0x00,0x00,0x00,0x00,0x00,0x00,0x00,0x00,0x00,0x00,0x00,0x00,0x00,0x00,0x00,
0x00,0x00,0x00,0x00,0x00,0x00,0x00,0x00,0x00,0x00,0x00,0x00,0x00,0x00,0x00,0x00,
0x00,0x00,0x00,0x00,0x00,0x00,0x00,0x00,0x00,0x00,0x00,0x00,0x00,0x00,0x00,0x00,
0x00,0x00,0x00,0x00,0x00,0x00,0x00,0x00,0x00,0x00,0x00,0x00,0x00,0x00,0x00,0x00,
0x00,0x00,0x00,0x00,0x00,0x00,0x00,0x00,0x00,0x00,0x00,0x00,0x00,0x00,0x00,0x00,
0x00,0x00,0x00,0x00,0x00,0x00,0x00,0x00,0x00,0x00,0x00,0x00,0x00,0x00,0x00,0x00,
0x00,0x00,0x00,0x00,0x00,0x00,0x00,0x00,0x00,0x00,0x00,0x00,0x00,0x00,0x00,0x00,
0x00,0x00,0x00,0x00,0x00,0x00,0x00,0x00,0x00,0x00,0x00,0x00,0x00,0x00,0x00,0x00,
0x00,0x00,0x00,0x00,0x00,0x00,0x00,0x00,0x00,0x00,0x00,0x00,0x00,0x00,0x00,0x00,
0x00,0x00,0x00,0x00,0x00,0x00,0x00,0x00,0x00,0x00,0x00,0x00,0x00,0x00,0x00,0x00,
0x00,0x00,0x00,0x00,0x00,0x00,0x00,0x00,0x00,0x00,0x00,0x00,0x00,0x00,0x00,0x00,
0x00,0x00,0x00,0x00,0x00,0x00,0x00,0x00,0x00,0x00,0x00,0x00,0x00,0x00,0x00,0x00,
0x00,0x00,0x00,0x00,0x00,0x00,0x00,0x00,0x00,0x00,0x00,0x00,0x00,0x00,0x00,0x00,
0x00,0x00,0x00,0x00,0x00,0x00,0x00,0x00,0x00,0x00,0x00,0x00,0x00,0x00,0x00,0x00,
0x00,0x00,0x00,0x00,0x00,0x00,0x00,0x00,0x00,0x00,0x00,0x00,0x00,0x00,0x00,0x00,
0x00,0x00,0x00,0x00,0x00,0x00,0x00,0x00,0x00,0x00,0x00,0x00,0x00,0x00,0x00,0x00,
0x00,0x00,0x00,0x00,0x00,0x00,0x00,0x00,0x00,0x00,0x00,0x00,0x00,0x00,0x00,0x00,
0x00,0x00,0x00,0x00,0x00,0x00,0x00,0x00,0x00,0x00,0x00,0x00,0x00,0x00,0x00,0x00,
0x00,0x00,0x00,0x00,0x00,0x00,0x00,0x00,0x00,0x00,0x00,0x00,0x00,0x00,0x00,0x00,
0x00,0x00,0x00,0x00,0x00,0x00,0x00,0x00,0x00,0x00,0x00,0x00,0x00,0x00,0x00,0x00,
0x00,0x00,0x00,0x00,0x00,0x00,0x00,0x00,0x00,0x00,0x00,0x00,0x00,0x00,0x00,0x00,
0x00,0x00,0x00,0x00,0x00,0x00,0x00,0x00,0x00,0x00,0x00,0x00,0x00,0x00,0x00,0x00,
0x00,0x00,0x00,0x00,0x00,0x00,0x00,0x00,0x00,0x00,0x00,0x00,0x00,0x00,0x00,0x00,
0x00,0x00,0x00,0x00,0x00,0x00,0x00,0x00,0x00,0x00,0x00,0x00,0x00,0x00,0x00,0x00,
0x00,0x00,0x00,0x00,0x00,0x00,0x00,0x00,0x00,0x00,0x00,0x00,0x00,0x00,0x00,0x00,
0x00,0x00,0x00,0x00,0x00,0x00,0x00,0x00,0x00,0x00,0x00,0x00,0x00,0x00,0x00,0x00,
0x00,0x00,0x00,0x00,0x00,0x00,0x00,0x00,0x00,0x00,0x00,0x00,0x00,0x00,0x00,0x00,
0x00,0x00,0x00,0x00,0x00,0x00,0x00,0x00,0x00,0x00,0x00,0x00,0x00,0x00,0x00,0x00,
0x00,0x00,0x00,0x00,0x00,0x00,0x00,0x00,0x00,0x00,0x00,0x00,0x00,0x00,0x00,0x00,
0x00,0x00,0x00,0x00,0x00,0x00,0x00,0x00,0x00,0x00,0x00,0x00,0x00,0x00,0x00,0x00,
0x00,0x00,0x00,0x00,0x00,0x00,0x00,0x00,0x00,0x00,0x00,0x00,0x00,0x00,0x00,0x00,
0x00,0x00,0x00,0x00,0x00,0x00,0x00,0x00,0x00,0x00,0x00,0x00,0x00,0x00,0x00,0x00,
0x00,0x00,0x00,0x00,0x00,0x00,0x00,0x00,0x00,0x00,0x00,0x00,0x00,0x00,0x00,0x00,
0x00,0x00,0x00,0x00,0x00,0x00,0x00,0x00,0x00,0x00,0x00,0x00,0x00,0x00,0x00,0x00,
0x00,0x00,0x00,0x00,0x00,0x00,0x00,0x00,0x00,0x00,0x00,0x00,0x00,0x00,0x00,0x00,
0x00,0x00,0x00,0x00,0x00,0x00,0x00,0x00,0x00,0x00,0x00,0x00,0x00,0x00,0x00,0x00,
0x00,0x00,0x00,0x00,0x00,0x00,0x00,0x00,0x00,0x00,0x00,0x00,0x00,0x00,0x00,0x00,
0x00,0x00,0x00,0x00,0x00,0x00,0x00,0x00,0x00,0x00,0x00,0x00,0x00,0x00,0x00,0x00,
0x00,0x00,0x00,0x00,0x00,0x00,0x00,0x00,0x00,0x00,0x00,0x00,0x00,0x00,0x00,0x00,
0x00,0x00,0x00,0x00,0x00,0x00,0x00,0x00,0x00,0x00,0x00,0x00,0x00,0x00,0x00,0x00,
0x00,0x00,0x00,0x00,0x00,0x00,0x00,0x00,0x00,0x00,0x00,0x00,0x00,0x00,0x00,0x00,
0x00,0x00,0x00,0x00,0x00,0x00,0x00,0x00,0x00,0x00,0x00,0x00,0x00,0x00,0x00,0x00,
0x00,0x00,0x00,0x00,0x00,0x00,0x00,0x00,0x00,0x00,0x00,0x00,0x00,0x00,0x00,0x00,
0x00,0x00,0x00,0x00,0x00,0x00,0x00,0x00,0x00,0x00,0x00,0x00,0x00,0x00,0x00,0x00,
0x00,0x00,0x00,0x00,0x00,0x00,0x00,0x00,0x00,0x00,0x00,0x00,0x00,0x00,0x00,0x00,
0x00,0x00,0x00,0x00,0x00,0x00,0x00,0x00,0x00,0x00,0x00,0x00,0x00,0x00,0x00,0x00,
0x00,0x00,0x00,0x00,0x00,0x00,0x00,0x00,0x00,0x00,0x00,0x00,0x00,0x00,0x00,0x00,
0x00,0x00,0x00,0x00,0x00,0x00,0x00,0x00,0x00,0x00,0x00,0x00,0x00,0x00,0x00,0x00,
0x00,0x00,0x00,0x00,0x00,0x00,0x00,0x00,0x00,0x00,0x00,0x00,0x00,0x00,0x00,0x00,
0x00,0x00,0x00,0x00,0x00,0x00,0x00,0x00,0x00,0x00,0x00,0x00,0x00,0x00,0x00,0x00,
0x00,0x00,0x00,0x00,0x00,0x00,0x00,0x00,0x00,0x00,0x00,0x00,0x00,0x00,0x00,0x00,
0x00,0x00,0x00,0x00,0x00,0x00,0x00,0x00,0x00,0x00,0x00,0x00,0x00,0x00,0x00,0x00,
0x00,0x00,0x00,0x00,0x00,0x00,0x00,0x00,0x00,0x00,0x00,0x00,0x00,0x00,0x00,0x00,
0x00,0x00,0x00,0x00,0x00,0x00,0x00,0x00,0x00,0x00,0x00,0x00,0x00,0x00,0x00,0x00,
0x00,0x00,0x00,0x00,0x00,0x00,0x00,0x00,0x00,0x00,0x00,0x00,0x00,0x00,0x00,0x00,
0x00,0x00,0x00,0x00,0x00,0x00,0x00,0x00,0x00,0x00,0x00,0x00,0x00,0x00,0x00,0x00,
0x00,0x00,0x00,0x00,0x00,0x00,0x00,0x00,0x00,0x00,0x00,0x00,0x00,0x00,0x00,0x00,
0x00,0x00,0x00,0x00,0x00,0x00,0x00,0x00,0x00,0x00,0x00,0x00,0x00,0x00,0x00,0x00,
0x00,0x00,0x00,0x00,0x00,0x00,0x00,0x00,0x00,0x00,0x00,0x00,0x00,0x00,0x00,0x00,
0x00,0x00,0x00,0x00,0x00,0x00,0x00,0x00,0x00,0x00,0x00,0x00,0x00,0x00,0x00,0x00,
0x00,0x00,0x00,0x00,0x00,0x00,0x00,0x00,0x00,0x00,0x00,0x00,0x00,0x00,0x00,0x00,
0x00,0x00,0x00,0x00,0x00,0x00,0x00,0x00,0x00,0x00,0x00,0x00,0x00,0x00,0x00,0x00,
0x00,0x00,0x00,0x00,0x00,0x00,0x00,0x00,0x00,0x00,0x00,0x00,0x00,0x00,0x00,0x00,
0x00,0x00,0x00,0x00,0x00,0x00,0x00,0x00,0x00,0x00,0x00,0x00,0x00,0x00,0x00,0x00,
0x00,0x00,0x00,0x00,0x00,0x00,0x00,0x00,0x00,0x00,0x00,0x00,0x00,0x00,0x00,0x00,
0x00,0x00,0x00,0x00,0x00,0x00,0x00,0x00,0x00,0x00,0x00,0x00,0x00,0x00,0x00,0x00,
0x00,0x00,0x00,0x00,0x00,0x00,0x00,0x00,0x00,0x00,0x00,0x00,0x00,0x00,0x00,0x00,
0x00,0x00,0x00,0x00,0x00,0x00,0x00,0x00,0x00,0x00,0x00,0x00,0x00,0x00,0x00,0x00,
0x00,0x00,0x00,0x00,0x00,0x00,0x00,0x00,0x00,0x00,0x00,0x00,0x00,0x00,0x00,0x00,
0x00,0x00,0x00,0x00,0x00,0x00,0x00,0x00,0x00,0x00,0x00,0x00,0x00,0x00,0x00,0x00,
0x00,0x00,0x00,0x00,0x00,0x00,0x00,0x00,0x00,0x00,0x00,0x00,0x00,0x00,0x00,0x00,
0x00,0x00,0x00,0x00,0x00,0x00,0x00,0x00,0x00,0x00,0x00,0x00,0x00,0x00,0x00,0x00,
0x00,0x00,0x01,0x02,0x02,0x00,0x00,0x00,0x00,0x00,0x01,0x03,0x06,0x02,0x05,0x00,
0x00,0x00,0x00,0x05,0x06,0x09,0x05,0x00,0x00,0x00,0x00,0x01,0x03,0x06,0x03,0x01,
0x00,0x00,0x00,0x00,0x00,0x00,0x00,0x00,0x00,0x00,0x00,0x00,0x00,0x00,0x00,0x00,
0x00,0x00,0x00,0x00,0x00,0x00,0x00,0x00,0x00,0x00,0x00,0x00,0x00,0x00,0x00,0x00,
0x00,0x00,0x00,0x00,0x00,0x00,0x00,0x03,0x00,0x00,0x00,0x00,0x00,0x00,0x05,0x07,
0x00,0x00,0x00,0x00,0x00,0x00,0x01,0x0a,0x00,0x00,0x05,0x05,0x01,0x05,0x05,0x0a,
0x04,0x05,0x00,0x00,0x00,0x00,0x00,0x00,0x08,0x02,0x00,0x00,0x00,0x00,0x00,0x00,
0x0b,0x03,0x01,0x00,0x00,0x00,0x00,0x01,0x0c,0x06,0x01,0x05,0x05,0x01,0x05,0x00,
0x00,0x00,0x00,0x00,0x00,0x00,0x00,0x00,0x00,0x00,0x00,0x00,0x00,0x00,0x00,0x00,
0x00,0x00,0x00,0x00,0x00,0x00,0x00,0x00,0x00,0x00,0x00,0x00,0x00,0x00,0x00,0x00,
0x00,0x00,0x00,0x00,0x00,0x00,0x00,0x00,0x00,0x00,0x00,0x00,0x00,0x00,0x00,0x00,
0x00,0x00,0x00,0x00,0x00,0x00,0x00,0x00,0x00,0x00,0x00,0x00,0x00,0x00,0x00,0x00,
0x00,0x00,0x00,0x00,0x00,0x00,0x00,0x00,0x00,0x00,0x00,0x00,0x00,0x00,0x00,0x00,
0x00,0x00,0x00,0x00,0x00,0x00,0x00,0x00,0x00,0x00,0x00,0x00,0x00,0x00,0x00,0x01,
0x00,0x00,0x00,0x00,0x00,0x00,0x00,0x00,0x00,0x00,0x00,0x00,0x00,0x00,0x00,0x00,
0x05,0x05,0x00,0x00,0x00,0x00,0x00,0x00,0x02,0x03,0x02,0x01,0x00,0x00,0x00,0x00,
0x00,0x00,0x00,0x00,0x01,0x03,0x06,0x05,0x00,0x00,0x00,0x00,0x00,0x01,0x03,0x09,
0x00,0x00,0x00,0x00,0x00,0x00,0x03,0x09,0x00,0x00,0x00,0x00,0x00,0x00,0x00,0x09,
0x01,0x00,0x00,0x00,0x01,0x00,0x01,0x01,0x05,0x00,0x00,0x01,0x01,0x05,0x02,0x03,
0x03,0x01,0x05,0x01,0x02,0x03,0x03,0x03,0x04,0x09,0x02,0x03,0x03,0x06,0x07,0x07,
0x05,0x02,0x05,0x02,0x03,0x03,0x03,0x0d,0x03,0x03,0x09,0x09,0x03,0x09,0x07,0x0c,
0x06,0x06,0x07,0x07,0x10,0x10,0x08,0x11,0x07,0x0a,0x0a,0x13,0x0d,0x0d,0x0b,0x0f,
0x0e,0x04,0x03,0x03,0x02,0x02,0x05,0x05,0x0f,0x10,0x09,0x09,0x09,0x03,0x09,0x03,
0x12,0x0d,0x07,0x07,0x07,0x07,0x06,0x06,0x14,0x0e,0x0d,0x13,0x13,0x0a,0x0a,0x0a,
0x00,0x05,0x00,0x00,0x00,0x00,0x00,0x00,0x02,0x05,0x05,0x05,0x01,0x00,0x00,0x00,
0x06,0x03,0x03,0x03,0x02,0x00,0x00,0x00,0x07,0x07,0x09,0x09,0x03,0x02,0x05,0x05,
0x00,0x00,0x00,0x00,0x00,0x00,0x00,0x00,0x00,0x00,0x00,0x00,0x00,0x00,0x00,0x00,
0x00,0x00,0x00,0x00,0x00,0x00,0x00,0x00,0x00,0x00,0x00,0x00,0x00,0x00,0x00,0x00,
0x00,0x00,0x00,0x00,0x00,0x00,0x02,0x03,0x00,0x00,0x00,0x00,0x01,0x03,0x03,0x02,
0x00,0x00,0x01,0x01,0x02,0x03,0x05,0x02,0x00,0x00,0x01,0x03,0x03,0x05,0x02,0x05,
0x05,0x03,0x03,0x03,0x01,0x00,0x00,0x00,0x00,0x05,0x03,0x09,0x03,0x01,0x00,0x00,
0x00,0x00,0x05,0x02,0x03,0x03,0x05,0x01,0x00,0x00,0x00,0x01,0x05,0x03,0x03,0x05,
0x00,0x00,0x00,0x00,0x00,0x01,0x00,0x03,0x00,0x00,0x00,0x00,0x00,0x01,0x05,0x03,
0x00,0x00,0x00,0x00,0x05,0x02,0x03,0x03,0x01,0x00,0x00,0x05,0x05,0x03,0x09,0x04,
0x07,0x07,0x09,0x04,0x04,0x07,0x0a,0x0a,0x07,0x13,0x0a,0x07,0x0a,0x13,0x0d,0x0b,
0x07,0x13,0x0b,0x0b,0x0b,0x0e,0x0e,0x0f,0x10,0x0d,0x11,0x11,0x0e,0x0f,0x0f,0x16,
0x0d,0x0b,0x0c,0x0b,0x0e,0x0e,0x11,0x14,0x11,0x11,0x0f,0x0f,0x0f,0x0f,0x16,0x17,
0x0f,0x0f,0x16,0x12,0x12,0x19,0x14,0x18,0x12,0x14,0x19,0x19,0x15,0x17,0x17,0x1a,
0x15,0x16,0x0e,0x11,0x0c,0x0c,0x0b,0x13,0x18,0x14,0x0f,0x0f,0x0f,0x0f,0x11,0x0e,
0x1a,0x15,0x14,0x14,0x12,0x12,0x16,0x16,0x1b,0x18,0x17,0x15,0x19,0x19,0x19,0x14,
0x13,0x0a,0x10,0x04,0x06,0x03,0x03,0x02,0x0c,0x0d,0x08,0x0a,0x10,0x06,0x09,0x03,
0x0e,0x0e,0x0c,0x0d,0x13,0x0a,0x07,0x04,0x12,0x0f,0x0f,0x0e,0x0e,0x0d,0x08,0x10,
0x01,0x01,0x00,0x00,0x00,0x00,0x00,0x00,0x02,0x05,0x05,0x00,0x00,0x00,0x00,0x01,
0x03,0x03,0x05,0x01,0x00,0x00,0x01,0x03,0x04,0x09,0x03,0x05,0x05,0x05,0x02,0x03,
0x00,0x05,0x09,0x09,0x02,0x05,0x03,0x03,0x03,0x03,0x03,0x02,0x05,0x03,0x03,0x02,
0x03,0x09,0x03,0x03,0x09,0x03,0x05,0x01,0x03,0x03,0x03,0x03,0x03,0x05,0x01,0x01,
0x00,0x00,0x00,0x00,0x00,0x01,0x06,0x06,0x00,0x05,0x05,0x00,0x00,0x01,0x05,0x03,
0x05,0x03,0x06,0x09,0x05,0x00,0x00,0x05,0x01,0x02,0x08,0x0a,0x09,0x01,0x00,0x00,
0x03,0x05,0x00,0x05,0x02,0x09,0x04,0x0a,0x06,0x06,0x02,0x03,0x03,0x04,0x10,0x13,
0x09,0x04,0x07,0x07,0x04,0x08,0x08,0x0b,0x05,0x09,0x10,0x08,0x0d,0x0d,0x0c,0x0e,
0x08,0x0b,0x0f,0x12,0x12,0x12,0x14,0x19,0x0c,0x0e,0x0f,0x19,0x15,0x19,0x15,0x17,
0x0e,0x0f,0x12,0x19,0x1f,0x1f,0x18,0x1c,0x0f,0x14,0x19,0x17,0x18,0x20,0x20,0x21,
0x19,0x17,0x17,0x18,0x18,0x18,0x1c,0x1d,0x1f,0x1c,0x1a,0x1a,0x1a,0x20,0x21,0x22,
0x1a,0x21,0x1b,0x1d,0x1d,0x24,0x24,0x23,0x1b,0x24,0x1e,0x1e,0x26,0x27,0x23,0x28,
0x1e,0x1a,0x1c,0x18,0x1f,0x1f,0x17,0x15,0x23,0x1d,0x21,0x20,0x1a,0x1c,0x1c,0x1f,
0x25,0x22,0x1d,0x24,0x1d,0x21,0x20,0x1a,0x29,0x2a,0x26,0x26,0x22,0x24,0x1d,0x1b,
0x19,0x19,0x12,0x0f,0x0e,0x0e,0x0b,0x13,0x17,0x19,0x19,0x12,0x12,0x0f,0x0e,0x0c,
0x1c,0x18,0x17,0x15,0x14,0x12,0x0f,0x0e,0x20,0x20,0x1c,0x1f,0x17,0x19,0x12,0x16,
0x10,0x07,0x06,0x02,0x03,0x09,0x04,0x03,0x13,0x0a,0x07,0x04,0x06,0x07,0x03,0x03,
0x0c,0x13,0x13,0x0d,0x08,0x07,0x04,0x06,0x11,0x11,0x0e,0x0b,0x08,0x0a,0x07,0x09,
0x03,0x06,0x09,0x03,0x01,0x05,0x02,0x03,0x09,0x09,0x05,0x01,0x05,0x09,0x04,0x06,
0x03,0x02,0x01,0x03,0x07,0x04,0x03,0x03,0x05,0x05,0x04,0x04,0x07,0x04,0x05,0x00,
0x00,0x01,0x03,0x06,0x09,0x06,0x04,0x09,0x00,0x00,0x00,0x00,0x00,0x04,0x0d,0x0a,
0x00,0x00,0x00,0x00,0x00,0x02,0x06,0x0a,0x01,0x01,0x00,0x00,0x00,0x00,0x02,0x06,
0x03,0x03,0x06,0x0b,0x0e,0x0e,0x0f,0x0f,0x07,0x06,0x0a,0x0b,0x11,0x12,0x12,0x14,
0x11,0x0f,0x0b,0x0b,0x0e,0x12,0x19,0x17,0x0b,0x16,0x12,0x16,0x16,0x12,0x19,0x1f,
0x12,0x19,0x17,0x1f,0x1a,0x1d,0x1e,0x24,0x19,0x17,0x18,0x1a,0x21,0x1d,0x27,0x27,
0x1f,0x18,0x1a,0x21,0x24,0x22,0x2b,0x2f,0x1a,0x20,0x21,0x24,0x26,0x27,0x25,0x29,
0x1e,0x26,0x27,0x23,0x2a,0x2b,0x25,0x2c,0x23,0x2b,0x25,0x2f,0x2e,0x29,0x30,0x2d,
0x28,0x2e,0x29,0x2c,0x32,0x33,0x2d,0x34,0x2c,0x32,0x33,0x37,0x38,0x31,0x39,0x3a,
0x2d,0x2e,0x25,0x2b,0x2a,0x23,0x22,0x1e,0x31,0x32,0x29,0x2e,0x28,0x25,0x2b,0x23,
0x35,0x36,0x33,0x32,0x2c,0x29,0x2e,0x2f,0x3b,0x3c,0x31,0x38,0x2d,0x3d,0x32,0x29,
0x24,0x1b,0x20,0x1c,0x18,0x17,0x19,0x14,0x26,0x1e,0x1d,0x21,0x1a,0x18,0x17,0x15,
0x2a,0x27,0x26,0x24,0x21,0x1a,0x1c,0x1c,0x28,0x2b,0x23,0x22,0x24,0x1d,0x1b,0x20,
0x12,0x16,0x11,0x0e,0x0b,0x0a,0x07,0x09,0x19,0x14,0x12,0x0f,0x0b,0x08,0x10,0x0a,
0x17,0x19,0x19,0x0f,0x0e,0x0b,0x0c,0x13,0x18,0x17,0x12,0x12,0x16,0x0f,0x0e,0x0a,
0x06,0x07,0x07,0x06,0x03,0x05,0x01,0x00,0x0a,0x07,0x09,0x05,0x01,0x00,0x00,0x00,
0x10,0x09,0x05,0x00,0x00,0x00,0x00,0x00,0x03,0x05,0x05,0x00,0x00,0x00,0x01,0x05,
0x03,0x03,0x02,0x02,0x01,0x05,0x05,0x03,0x02,0x09,0x04,0x06,0x06,0x06,0x09,0x04,
0x00,0x01,0x02,0x06,0x04,0x10,0x0a,0x08,0x00,0x00,0x00,0x01,0x02,0x06,0x0a,0x0b,
0x07,0x0b,0x0f,0x19,0x1f,0x17,0x17,0x18,0x07,0x13,0x0e,0x12,0x1f,0x1a,0x21,0x21,
0x0d,0x0c,0x11,0x12,0x19,0x18,0x1d,0x26,0x11,0x0f,0x16,0x14,0x19,0x18,0x1a,0x1e,
0x21,0x1d,0x1e,0x22,0x23,0x2f,0x2e,0x2c,0x21,0x1e,0x23,0x2b,0x2f,0x2e,0x2c,0x2d,
0x26,0x26,0x2a,0x28,0x2c,0x33,0x2d,0x34,0x23,0x2f,0x30,0x30,0x33,0x36,0x39,0x3e,
0x37,0x38,0x34,0x35,0x3e,0x3e,0x3e,0x3b,0x34,0x3e,0x3e,0x40,0x41,0x3a,0x42,0x43,
0x3e,0x41,0x45,0x45,0x3b,0x46,0x47,0x48,0x40,0x45,0x47,0x43,0x4b,0x44,0x4c,0x4d,
0x3f,0x3a,0x3e,0x3e,0x3c,0x31,0x37,0x3d,0x44,0x3b,0x42,0x40,0x3e,0x3e,0x35,0x38,
0x49,0x43,0x46,0x3b,0x45,0x41,0x3e,0x4a,0x4e,0x4f,0x44,0x4b,0x47,0x3b,0x42,0x40,
0x2c,0x28,0x25,0x2a,0x27,0x22,0x24,0x21,0x3d,0x2c,0x29,0x28,0x25,0x23,0x22,0x1d,
0x34,0x37,0x3d,0x32,0x2e,0x25,0x23,0x26,0x40,0x3c,0x31,0x2d,0x2c,0x2e,0x25,0x23,
0x1c,0x1f,0x17,0x15,0x12,0x11,0x0b,0x07,0x20,0x20,0x18,0x17,0x16,0x0e,0x13,0x10,
0x1d,0x21,0x1f,0x19,0x16,0x0e,0x0c,0x13,0x24,0x1a,0x1f,0x19,0x12,0x0f,0x11,0x0e,
0x09,0x03,0x05,0x01,0x05,0x03,0x06,0x03,0x04,0x09,0x09,0x06,0x06,0x06,0x04,0x09,
0x0a,0x0a,0x07,0x07,0x06,0x03,0x01,0x01,0x0b,0x08,0x04,0x03,0x05,0x01,0x00,0x00,
0x00,0x00,0x00,0x01,0x05,0x03,0x07,0x0a,0x00,0x00,0x00,0x01,0x02,0x03,0x04,0x0a,
0x00,0x00,0x01,0x05,0x05,0x03,0x07,0x0a,0x00,0x00,0x00,0x01,0x03,0x09,0x10,0x13,
0x0c,0x0f,0x12,0x15,0x18,0x1c,0x20,0x1d,0x0b,0x11,0x12,0x17,0x18,0x20,0x1d,0x22,
0x0b,0x11,0x12,0x19,0x18,0x1a,0x1d,0x26,0x0b,0x0f,0x12,0x19,0x18,0x1a,0x1d,0x26,
0x26,0x28,0x3d,0x37,0x38,0x50,0x41,0x41,0x23,0x2f,0x32,0x38,0x4a,0x45,0x57,0x56,
0x2b,0x2e,0x2c,0x37,0x3e,0x47,0x55,0x44,0x2b,0x2e,0x3d,0x38,0x41,0x45,0x55,0x49,
0x45,0x46,0x51,0x48,0x4f,0x49,0x4d,0x52,0x47,0x4b,0x58,0x59,0x5a,0x5b,0x5c,0x5d,
0x58,0x49,0x4d,0x4e,0x60,0x5d,0x61,0x62,0x4e,0x5f,0x5f,0x53,0x66,0x67,0x68,0x69,
0x53,0x54,0x49,0x48,0x51,0x55,0x56,0x57,0x5e,0x5f,0x5a,0x59,0x49,0x48,0x44,0x55,
0x63,0x64,0x65,0x52,0x5a,0x54,0x4d,0x4f,0x6a,0x63,0x6b,0x64,0x61,0x53,0x6c,0x6d,
0x45,0x42,0x3c,0x31,0x37,0x30,0x2b,0x26,0x47,0x57,0x42,0x35,0x36,0x30,0x25,0x27,
0x44,0x47,0x57,0x35,0x37,0x32,0x2e,0x2b,0x4f,0x43,0x42,0x40,0x31,0x3d,0x2e,0x2b,
0x1d,0x21,0x1c,0x18,0x15,0x19,0x0f,0x0e,0x1e,0x1d,0x21,0x18,0x19,0x12,0x11,0x0b,
0x26,0x1d,0x1a,0x18,0x19,0x12,0x16,0x0f,0x26,0x1d,0x21,0x20,0x1a,0x18,0x1f,0x15,
0x13,0x07,0x09,0x05,0x00,0x00,0x00,0x01,0x0a,0x07,0x03,0x06,0x06,0x0a,0x13,0x0b,
0x0e,0x0f,0x0f,0x12,0x12,0x0b,0x0b,0x0d,0x19,0x12,0x0d,0x08,0x07,0x06,0x09,0x02,
0x00,0x00,0x01,0x05,0x02,0x06,0x10,0x13,0x00,0x00,0x01,0x05,0x03,0x09,0x0a,0x13,
0x00,0x00,0x01,0x01,0x03,0x06,0x10,0x0b,0x00,0x00,0x00,0x05,0x03,0x06,0x0a,0x13,
0x0e,0x0f,0x12,0x15,0x18,0x21,0x1d,0x26,0x0e,0x0f,0x19,0x17,0x18,0x20,0x1d,0x26,
0x0e,0x16,0x14,0x17,0x18,0x21,0x24,0x23,0x0e,0x0f,0x19,0x17,0x1c,0x21,0x1e,0x23,
0x2b,0x2e,0x32,0x34,0x41,0x42,0x3f,0x4f,0x2b,0x2e,0x3d,0x34,0x3e,0x42,0x3f,0x48,
0x2b,0x29,0x3d,0x39,0x3e,0x42,0x47,0x44,0x2f,0x30,0x3d,0x50,0x3e,0x42,0x47,0x48,
0x52,0x5e,0x67,0x63,0x6e,0x6f,0x70,0x71,0x5a,0x76,0x77,0x78,0x79,0x7a,0x7b,0x7c,
0x4d,0x6c,0x82,0x83,0x84,0x85,0x86,0x87,0x4d,0x52,0x66,0x8d,0x8e,0x8f,0x90,0x91,
0x72,0x73,0x74,0x75,0x6e,0x67,0x76,0x4e,0x7d,0x7e,0x7f,0x80,0x70,0x77,0x76,0x5a,
0x88,0x89,0x8a,0x8b,0x8c,0x77,0x64,0x52,0x91,0x91,0x87,0x7c,0x70,0x77,0x6b,0x6c,
0x48,0x43,0x42,0x41,0x34,0x37,0x32,0x2e,0x81,0x4b,0x56,0x57,0x40,0x34,0x37,0x30,
0x59,0x48,0x43,0x57,0x3e,0x50,0x38,0x32,0x59,0x48,0x51,0x56,0x41,0x34,0x3d,0x2e,
0x2f,0x2b,0x22,0x1d,0x1a,0x1f,0x19,0x16,0x25,0x23,0x22,0x1b,0x20,0x1a,0x17,0x19,
0x2e,0x2f,0x23,0x1d,0x21,0x18,0x19,0x12,0x2b,0x26,0x1d,0x1a,0x18,0x19,0x14,0x0f,
0x0e,0x0d,0x07,0x04,0x13,0x0a,0x0a,0x0c,0x19,0x19,0x14,0x0f,0x0b,0x08,0x0a,0x06,
0x0e,0x0a,0x04,0x03,0x05,0x00,0x00,0x00,0x0e,0x0d,0x0a,0x04,0x06,0x03,0x03,0x05,
0x00,0x00,0x00,0x05,0x02,0x06,0x0a,0x0d,0x00,0x00,0x01,0x02,0x03,0x06,0x10,0x0b,
0x05,0x05,0x03,0x06,0x0a,0x0d,0x11,0x14,0x0c,0x0e,0x0f,0x16,0x0f,0x11,0x12,0x14,
0x0e,0x0f,0x19,0x17,0x18,0x21,0x1e,0x26,0x0e,0x16,0x19,0x1f,0x1a,0x1d,0x27,0x25,
0x17,0x18,0x21,0x1d,0x24,0x26,0x2b,0x28,0x12,0x19,0x1f,0x1a,0x21,0x24,0x23,0x2e,
0x2f,0x30,0x37,0x50,0x40,0x57,0x4b,0x81,0x30,0x37,0x50,0x41,0x57,0x43,0x58,0x4d,
0x29,0x3d,0x34,0x3e,0x3b,0x47,0x51,0x49,0x30,0x2d,0x31,0x35,0x42,0x57,0x47,0x44,
0x5a,0x5d,0x62,0x75,0x8e,0x85,0x92,0x91,0x5a,0x5d,0x93,0x75,0x94,0x95,0x96,0x91,
0x5a,0x5f,0x5e,0x9a,0x9b,0x9c,0x9d,0x9e,0xa2,0x4e,0x61,0x67,0x6a,0x71,0xa3,0xa4,
0x91,0x91,0x89,0x7c,0x70,0x63,0x76,0x5b,0x91,0x96,0x97,0x7c,0x98,0x99,0x5d,0x5a,
0x87,0x9f,0x84,0xa0,0xa1,0x8d,0x64,0x4e,0xa5,0xa6,0xa7,0x75,0x8d,0xa8,0xa9,0x6c,
0x81,0x4b,0x56,0x42,0x3e,0x36,0x33,0x2e,0x4f,0x43,0x57,0x40,0x50,0x2d,0x30,0x25,
0x49,0x4b,0x3b,0x41,0x50,0x3d,0x29,0x2b,0x81,0x55,0x56,0x57,0x50,0x37,0x2c,0x2f,
0x2b,0x27,0x24,0x21,0x18,0x17,0x19,0x12,0x23,0x1e,0x1b,0x1a,0x1f,0x19,0x12,0x0f,
0x26,0x24,0x21,0x18,0x17,0x14,0x12,0x0e,0x26,0x1d,0x21,0x18,0x17,0x14,0x0f,0x0e,
0x0f,0x0e,0x0d,0x08,0x07,0x07,0x07,0x03,0x0c,0x13,0x07,0x06,0x03,0x03,0x05,0x05,
0x13,0x0a,0x04,0x03,0x05,0x00,0x00,0x00,0x13,0x07,0x06,0x02,0x05,0x00,0x00,0x00,
0x08,0x03,0x03,0x04,0x0a,0x13,0x0c,0x0f,0x04,0x04,0x10,0x13,0x0f,0x0f,0x12,0x15,
0x0b,0x12,0x11,0x0b,0x13,0x0a,0x07,0x0a,0x06,0x02,0x05,0x01,0x03,0x06,0x0a,0x0b,
0x14,0x18,0x1a,0x20,0x1d,0x1e,0x26,0x23,0x19,0x19,0x19,0x17,0x18,0x21,0x24,0x26,
0x0c,0x0f,0x14,0x17,0x18,0x20,0x1b,0x1e,0x0e,0x16,0x12,0x19,0x17,0x18,0x20,0x1d,
0x2f,0x30,0x3d,0x38,0x3e,0x41,0x57,0x43,0x2b,0x28,0x2c,0x2d,0x34,0x3e,0x42,0x47,
0x27,0x2b,0x2e,0x32,0x38,0x4a,0x41,0x3b,0x1e,0x23,0x2f,0x30,0x3d,0x34,0x41,0x3a,
0x4f,0x54,0x5f,0x64,0x68,0x75,0x73,0xaa,0x44,0x49,0x6d,0x5f,0x61,0xac,0xad,0x69,
0x3f,0x4c,0xa2,0x54,0x4e,0x65,0x53,0xa9,0x3b,0x55,0x48,0x48,0xa2,0x5a,0x5a,0x65,
0x72,0xab,0x68,0x66,0x5d,0x5d,0x5d,0x5f,0xa7,0x63,0x64,0x5f,0x5a,0x54,0xa2,0x81,
0xad,0x76,0x52,0x6d,0x49,0x48,0x51,0x43,0x64,0x5c,0x4d,0x49,0x4c,0x43,0x56,0x57,
0x49,0x43,0x42,0x41,0x34,0x37,0x30,0x2e,0x48,0x4b,0x56,0x35,0x37,0x2c,0x29,0x25,
0x56,0x3b,0x56,0x3e,0x36,0x2e,0x25,0x23,0x42,0x40,0x50,0x34,0x37,0x30,0x2f,0x26,
0x23,0x1e,0x21,0x18,0x17,0x12,0x0f,0x0c,0x23,0x1e,0x1b,0x1a,0x17,0x19,0x16,0x0e,
0x22,0x24,0x21,0x1a,0x18,0x19,0x12,0x0f,0x1d,0x20,0x1c,0x1f,0x17,0x14,0x12,0x0f,
0x13,0x07,0x09,0x02,0x05,0x01,0x00,0x00,0x13,0x07,0x06,0x03,0x01,0x00,0x00,0x00,
0x0b,0x08,0x04,0x02,0x01,0x00,0x00,0x00,0x0c,0x0d,0x08,0x07,0x06,0x02,0x03,0x05,
0x01,0x05,0x05,0x02,0x06,0x07,0x13,0x0b,0x02,0x09,0x06,0x04,0x06,0x06,0x04,0x07,
0x03,0x09,0x03,0x02,0x05,0x05,0x03,0x09,0x00,0x05,0x05,0x01,0x00,0x01,0x05,0x09,
0x0c,0x11,0x0f,0x12,0x19,0x17,0x18,0x21,0x0a,0x0d,0x11,0x12,0x12,0x17,0x18,0x1a,
0x07,0x13,0x0c,0x0f,0x12,0x19,0x1f,0x1a,0x07,0x0a,0x0b,0x0e,0x16,0x19,0x19,0x18,
0x1e,0x27,0x25,0x2e,0x32,0x36,0x50,0x41,0x1d,0x1e,0x23,0x2f,0x30,0x33,0x36,0x50,
0x21,0x1d,0x26,0x2b,0x28,0x29,0x3d,0x38,0x1a,0x1d,0x22,0x26,0x2b,0x2f,0x2c,0x3d,
0x42,0x56,0x47,0x55,0x48,0x4f,0x4f,0x5a,0x42,0x3a,0x42,0x3b,0x55,0x55,0x43,0x81,
0x50,0x4a,0x3e,0x42,0x56,0x57,0x57,0x51,0x37,0x37,0x50,0x41,0x45,0x41,0x40,0x47,
0x5f,0x4d,0x48,0x4c,0x43,0x3b,0x3a,0x40,0x54,0x44,0x43,0x47,0x3b,0x41,0x3e,0x4a,
0x4f,0x3f,0x45,0x42,0x3a,0x3e,0x50,0x38,0x4b,0x3b,0x41,0x40,0x40,0x50,0x37,0x3d,
0x40,0x50,0x37,0x32,0x2e,0x2e,0x2e,0x2a,0x34,0x37,0x3d,0x30,0x2f,0x23,0x23,0x23,
0x2d,0x32,0x29,0x28,0x2b,0x26,0x1d,0x1b,0x2c,0x2e,0x25,0x2a,0x27,0x1e,0x1b,0x1a,
0x1d,0x1a,0x17,0x15,0x14,0x12,0x0f,0x11,0x1d,0x20,0x1f,0x19,0x0f,0x0f,0x0c,0x13,
0x20,0x21,0x1a,0x19,0x0f,0x0c,0x13,0x07,0x1f,0x17,0x15,0x19,0x12,0x0f,0x13,0x07,
0x0b,0x13,0x0a,0x07,0x04,0x07,0x04,0x03,0x08,0x0a,0x07,0x07,0x07,0x04,0x09,0x09,
0x04,0x06,0x09,0x09,0x06,0x07,0x09,0x03,0x03,0x02,0x05,0x01,0x05,0x02,0x06,0x03,
0x00,0x00,0x00,0x00,0x00,0x05,0x01,0x03,0x00,0x00,0x00,0x00,0x00,0x01,0x05,0x03,
0x00,0x00,0x00,0x00,0x01,0x00,0x05,0x05,0x00,0x00,0x00,0x00,0x01,0x05,0x00,0x01,
0x04,0x07,0x13,0x0e,0x0f,0x12,0x19,0x1f,0x06,0x07,0x0a,0x0d,0x0e,0x0f,0x19,0x17,
0x09,0x06,0x07,0x13,0x0b,0x0f,0x19,0x19,0x03,0x03,0x04,0x0a,0x0e,0x0f,0x0f,0x16,
0x1a,0x21,0x1b,0x1e,0x23,0x25,0x29,0x29,0x18,0x1c,0x1a,0x1d,0x26,0x23,0x2b,0x25,
0x15,0x17,0x1c,0x21,0x24,0x1e,0x22,0x26,0x12,0x15,0x18,0x20,0x21,0x1b,0x1d,0x24,
0x30,0x32,0x37,0x39,0x50,0x34,0x3c,0x3b,0x25,0x2e,0x33,0x2d,0x2d,0x33,0x2d,0x35,
0x23,0x2f,0x30,0x2c,0x29,0x2e,0x2c,0x38,0x22,0x23,0x2f,0x2f,0x25,0x2b,0x2f,0x3d,
0x47,0x40,0x50,0x38,0x38,0x37,0x33,0x29,0x41,0x34,0x37,0x33,0x32,0x32,0x29,0x2f,
0x50,0x3d,0x2c,0x2e,0x28,0x2e,0x25,0x2a,0x36,0x30,0x28,0x25,0x2a,0x2a,0x23,0x22,
0x28,0x25,0x23,0x26,0x1e,0x1d,0x21,0x18,0x2b,0x23,0x22,0x24,0x21,0x20,0x1a,0x18,
0x26,0x1e,0x1d,0x21,0x1a,0x18,0x17,0x17,0x24,0x1b,0x20,0x1c,0x18,0x17,0x19,0x14,
0x17,0x19,0x12,0x16,0x16,0x12,0x0c,0x07,0x17,0x12,0x0f,0x0e,0x0c,0x0e,0x0d,0x0a,
0x19,0x12,0x0e,0x0b,0x0a,0x07,0x06,0x04,0x12,0x16,0x0e,0x13,0x0a,0x06,0x03,0x03,
0x09,0x05,0x05,0x00,0x00,0x00,0x01,0x05,0x07,0x03,0x01,0x00,0x00,0x00,0x00,0x00,
0x07,0x06,0x02,0x01,0x00,0x00,0x00,0x00,0x03,0x03,0x03,0x03,0x02,0x01,0x00,0x00,
0x00,0x00,0x00,0x00,0x00,0x05,0x01,0x00,0x00,0x05,0x00,0x00,0x00,0x00,0x00,0x01,
0x00,0x01,0x00,0x00,0x00,0x00,0x00,0x01,0x00,0x00,0x00,0x00,0x00,0x00,0x05,0x03,
0x01,0x02,0x07,0x13,0x0b,0x0b,0x0e,0x0f,0x05,0x09,0x07,0x0a,0x0a,0x0a,0x13,0x0e,
0x03,0x06,0x06,0x06,0x06,0x04,0x08,0x0e,0x03,0x03,0x05,0x05,0x03,0x04,0x08,0x0c,
0x12,0x19,0x17,0x1f,0x1c,0x1a,0x1a,0x21,0x0f,0x19,0x19,0x17,0x17,0x17,0x1f,0x1c,
0x11,0x0f,0x12,0x14,0x14,0x19,0x15,0x18,0x0c,0x0f,0x16,0x0f,0x16,0x12,0x19,0x15,
0x1d,0x26,0x23,0x27,0x26,0x27,0x23,0x29,0x21,0x1e,0x1e,0x24,0x1d,0x24,0x22,0x25,
0x1a,0x1b,0x21,0x20,0x21,0x20,0x1b,0x23,0x18,0x1a,0x18,0x1f,0x18,0x18,0x1a,0x22,
0x2c,0x25,0x2b,0x27,0x22,0x22,0x26,0x1e,0x2e,0x27,0x26,0x1e,0x1d,0x1b,0x1d,0x1b,
0x2a,0x1e,0x1d,0x21,0x1a,0x1a,0x1a,0x1a,0x27,0x21,0x20,0x1a,0x18,0x17,0x1f,0x1f,
0x21,0x1a,0x18,0x1f,0x17,0x19,0x12,0x0f,0x1a,0x18,0x17,0x19,0x14,0x12,0x0f,0x11,
0x18,0x15,0x19,0x12,0x12,0x0f,0x11,0x0c,0x17,0x14,0x12,0x0f,0x0f,0x0e,0x0b,0x13,
0x11,0x0f,0x0e,0x0d,0x07,0x09,0x05,0x05,0x0e,0x13,0x13,0x13,0x0a,0x03,0x02,0x00,
0x0d,0x0a,0x07,0x07,0x07,0x06,0x05,0x01,0x0a,0x07,0x09,0x03,0x03,0x06,0x09,0x02,
0x00,0x01,0x05,0x09,0x09,0x03,0x05,0x00,0x00,0x00,0x00,0x01,0x02,0x03,0x02,0x05,
0x00,0x00,0x00,0x00,0x00,0x05,0x05,0x02,0x01,0x00,0x00,0x00,0x00,0x00,0x00,0x00,
0x00,0x00,0x00,0x00,0x00,0x05,0x03,0x03,0x00,0x00,0x00,0x01,0x02,0x06,0x03,0x02,
0x00,0x00,0x05,0x05,0x03,0x03,0x05,0x01,0x00,0x01,0x02,0x09,0x03,0x05,0x00,0x00,
0x02,0x05,0x01,0x05,0x03,0x06,0x0a,0x08,0x01,0x00,0x00,0x05,0x03,0x07,0x07,0x07,
0x00,0x00,0x00,0x03,0x03,0x06,0x03,0x07,0x00,0x00,0x02,0x03,0x09,0x05,0x09,0x07,
0x0d,0x0e,0x0b,0x0e,0x0e,0x0f,0x16,0x19,0x13,0x13,0x0a,0x08,0x0b,0x0c,0x0f,0x12,
0x07,0x04,0x04,0x07,0x0a,0x13,0x0e,0x0f,0x03,0x03,0x03,0x06,0x04,0x0a,0x0e,0x11,
0x17,0x1f,0x15,0x19,0x15,0x15,0x1f,0x1b,0x19,0x19,0x14,0x12,0x19,0x19,0x15,0x20,
0x12,0x12,0x0f,0x0f,0x0f,0x16,0x12,0x18,0x0f,0x0e,0x0b,0x0b,0x0e,0x0e,0x0f,0x17,
0x24,0x18,0x18,0x18,0x15,0x19,0x19,0x15,0x21,0x17,0x15,0x15,0x14,0x12,0x12,0x12,
0x18,0x14,0x12,0x14,0x0f,0x11,0x0f,0x11,0x1f,0x16,0x16,0x16,0x0e,0x0b,0x0b,0x0b,
0x19,0x12,0x0f,0x0e,0x0c,0x0b,0x0a,0x10,0x12,0x0f,0x0e,0x13,0x13,0x0a,0x07,0x06,
0x0f,0x11,0x0d,0x0a,0x10,0x06,0x09,0x03,0x0b,0x0c,0x13,0x07,0x06,0x03,0x02,0x05,
0x07,0x03,0x02,0x05,0x05,0x02,0x03,0x09,0x03,0x02,0x02,0x05,0x01,0x01,0x05,0x03,
0x02,0x05,0x05,0x00,0x00,0x00,0x00,0x01,0x05,0x01,0x00,0x00,0x00,0x00,0x00,0x00,
0x05,0x00,0x00,0x00,0x00,0x00,0x00,0x00,0x03,0x03,0x01,0x00,0x00,0x00,0x00,0x00,
0x03,0x06,0x02,0x01,0x00,0x00,0x00,0x00,0x01,0x03,0x06,0x03,0x01,0x00,0x00,0x00,
0x01,0x03,0x03,0x02,0x00,0x00,0x00,0x00,0x05,0x03,0x03,0x01,0x00,0x00,0x00,0x00,
0x05,0x05,0x01,0x00,0x00,0x00,0x00,0x01,0x00,0x00,0x00,0x00,0x00,0x00,0x01,0x03,
0x00,0x05,0x03,0x09,0x05,0x02,0x06,0x03,0x01,0x03,0x06,0x02,0x02,0x09,0x03,0x01,
0x05,0x03,0x05,0x05,0x06,0x09,0x05,0x00,0x03,0x03,0x05,0x03,0x03,0x05,0x00,0x00,
0x05,0x01,0x03,0x03,0x09,0x07,0x0b,0x0b,0x00,0x01,0x05,0x02,0x03,0x10,0x13,0x13,
0x00,0x00,0x01,0x00,0x03,0x07,0x07,0x0a,0x00,0x00,0x00,0x01,0x03,0x07,0x04,0x07,
0x0c,0x13,0x08,0x13,0x13,0x0d,0x0e,0x19,0x13,0x07,0x07,0x07,0x07,0x0a,0x0d,0x12,
0x07,0x03,0x03,0x03,0x06,0x06,0x0a,0x0f,0x09,0x02,0x02,0x03,0x02,0x03,0x06,0x0e,
0x19,0x0e,0x0e,0x11,0x0c,0x0a,0x0a,0x0a,0x12,0x0b,0x08,0x0e,0x13,0x07,0x04,0x04,
0x16,0x0a,0x07,0x13,0x10,0x09,0x03,0x03,0x0f,0x07,0x09,0x0a,0x04,0x03,0x05,0x05,
0x0a,0x13,0x0a,0x09,0x03,0x03,0x05,0x05,0x06,0x10,0x07,0x09,0x05,0x00,0x01,0x00,
0x03,0x09,0x07,0x03,0x05,0x00,0x00,0x00,0x01,0x05,0x09,0x06,0x05,0x00,0x00,0x00,
0x01,0x01,0x00,0x00,0x00,0x00,0x00,0x00,0x00,0x00,0x00,0x00,0x00,0x00,0x00,0x00,
0x00,0x00,0x00,0x00,0x00,0x00,0x00,0x00,0x00,0x00,0x00,0x00,0x00,0x00,0x00,0x00,
0x01,0x00,0x03,0x03,0x03,0x05,0x00,0x00,0x00,0x00,0x00,0x02,0x03,0x03,0x05,0x00,
0x00,0x00,0x00,0x00,0x05,0x03,0x03,0x01,0x00,0x00,0x00,0x00,0x00,0x05,0x03,0x03,
0x00,0x00,0x00,0x00,0x00,0x01,0x05,0x03,0x00,0x00,0x00,0x00,0x00,0x03,0x03,0x03,
0x00,0x00,0x00,0x01,0x05,0x03,0x02,0x05,0x00,0x00,0x00,0x05,0x03,0x03,0x05,0x00,
0x03,0x01,0x03,0x06,0x03,0x01,0x00,0x00,0x05,0x05,0x06,0x03,0x05,0x00,0x00,0x00,
0x01,0x03,0x09,0x02,0x00,0x00,0x00,0x00,0x05,0x03,0x02,0x05,0x00,0x00,0x00,0x00,
0x00,0x00,0x00,0x05,0x03,0x06,0x06,0x06,0x00,0x00,0x00,0x03,0x06,0x09,0x07,0x03,
0x00,0x00,0x01,0x03,0x06,0x03,0x06,0x02,0x00,0x00,0x01,0x03,0x03,0x03,0x09,0x05,
0x05,0x00,0x05,0x01,0x05,0x05,0x06,0x0e,0x00,0x00,0x00,0x01,0x00,0x00,0x03,0x0e,
0x00,0x00,0x00,0x00,0x00,0x01,0x02,0x0b,0x00,0x00,0x00,0x00,0x00,0x00,0x05,0x0a,
0x0e,0x06,0x02,0x06,0x07,0x02,0x01,0x00,0x0e,0x02,0x01,0x09,0x06,0x05,0x00,0x00,
0x0b,0x03,0x01,0x03,0x06,0x05,0x00,0x00,0x13,0x05,0x01,0x03,0x03,0x05,0x00,0x00,
0x00,0x01,0x02,0x06,0x02,0x00,0x00,0x00,0x00,0x00,0x05,0x06,0x03,0x00,0x00,0x00,
0x00,0x00,0x05,0x03,0x06,0x05,0x00,0x00,0x00,0x00,0x01,0x05,0x09,0x05,0x00,0x00,
0x00,0x00,0x00,0x00,0x00,0x00,0x00,0x00,0x00,0x00,0x00,0x00,0x00,0x00,0x00,0x00,
0x00,0x00,0x00,0x00,0x00,0x00,0x00,0x00,0x00,0x00,0x00,0x00,0x00,0x00,0x00,0x00,
0x00,0x00,0x00,0x00,0x00,0x00,0x05,0x05,0x00,0x00,0x00,0x00,0x00,0x00,0x01,0x05,
0x00,0x00,0x00,0x00,0x00,0x00,0x00,0x00,0x00,0x00,0x00,0x00,0x00,0x00,0x00,0x00,
0x00,0x00,0x00,0x00,0x00,0x00,0x00,0x00,0x00,0x00,0x00,0x00,0x00,0x00,0x00,0x00,
0x00,0x00,0x00,0x00,0x00,0x00,0x00,0x00,0x00,0x00,0x00,0x00,0x00,0x00,0x00,0x00,
0x00,0x00,0x00,0x00,0x00,0x00,0x00,0x00,0x00,0x00,0x00,0x00,0x00,0x00,0x00,0x00,
0x00,0x00,0x00,0x00,0x00,0x00,0x00,0x00,0x00,0x00,0x00,0x00,0x00,0x00,0x00,0x00,
0x00,0x00,0x00,0x00,0x00,0x00,0x00,0x00,0x00,0x00,0x00,0x00,0x00,0x00,0x00,0x00,
0x00,0x00,0x00,0x00,0x00,0x00,0x00,0x00,0x00,0x00,0x00,0x00,0x00,0x00,0x00,0x00,
0x00,0x00,0x00,0x00,0x00,0x00,0x00,0x00,0x00,0x00,0x00,0x00,0x00,0x00,0x00,0x00,
0x00,0x00,0x00,0x00,0x00,0x00,0x00,0x00,0x00,0x00,0x00,0x00,0x00,0x00,0x00,0x00,
0x01,0x02,0x03,0x00,0x70,0x12,0x00,0x00,0x66,0x6f,0x6e,0x74,0x5f,0x6d,0x77,0x5f,
0x62,0x6f,0x64,0x79,0x00,0x62,0x69,0x6e,0x00,0x61,0x6d,0x65,0x63,0x75,0x62,0x65,
0x5c,0x66,0x6f,0x6e,0x74,0x5f,0x6d,0x77,0x5f,0x62,0x6f,0x64,0x79,0x2e,0x62,0x69,
0x6e,0x00,0x00,0x00,0x00,0x00,0x00,0x00,0x00,0x00,0x00,0x00,0x00,0x00,0x00,0x00,
0x00,0x00,0x00,0x00,0x00,0x00,0x00,0x00,0x00,0x00,0x00,0x00,0x00,0x00,0x00,0x00,
0x00,0x00,0x00,0x00,0x00,0x00,0x00,0x00,0x00,0x00,0x00,0x00,0x00,0x00,0x00,0x00,
0x00,0x00,0x00,0x00,0x00,0x00,0x00,0x00,0x00,0x00,0x00,0x00,0x00,0x00,0x00,0x00,
0x00,0x00,0x00,0x00,0x00,0x00,0x00,0x00,0x00,0x00,0x00,0x00,0x00,0x00,0x00,0x00,
0x00,0x00,0x00,0x00,0x00,0x00,0x00,0x00,0x00,0x00,0x00,0x00,0x00,0x00,0x00,0x00,
0x00,0x00,0x00,0x00,0x00,0x00,0x00,0x00,0x00,0x00,0x00,0x00,0x00,0x00,0x00,0x00,
0x00,0x00,0x00,0x00,0x00,0x00,0x00,0x00,0x00,0x00,0x00,0x00,0x00,0x00,0x00,0x00,
0x00,0x00,0x00,0x00,0x00,0x00,0x00,0x00,0x00,0x00,0x00,0x00,0x00,0x00,0x00,0x00,
0x00,0x00,0x00,0x00,0x00,0x00,0x00,0x00,0x00,0x00,0x00,0x00,0x00,0x00,0x00,0x00,
0x00,0x00,0x00,0x00,0x00,0x00,0x00,0x00,0x00,0x00,0x00,0x00,0x00,0x00,0x00,0x00,
0x00,0x00,0x00,0x00,0x00,0x00,0x00,0x00,0x00,0x00,0x00,0x00,0x00,0x00,0x00,0x00,
0x00,0x00,0x00,0x00,0x00,0x00,0x00,0x00,0x00,0x00,0x00,0x00,0x00,0x00,0x00,0x00,
0x00,0x00,0x00,0x00,0x00,0x00,0x00,0x00,0x66,0x6f,0x6e,0x74,0x5f,0x6d,0x77,0x5f,
0x62,0x6f,0x64,0x79,0x00,0x62,0x6d,0x70,0x00,0x5f,0x6d,0x77,0x5f,0x62,0x6f,0x64,
0x79,0x2e,0x62,0x6d,0x70,0x00,0x00,0x00,0x00,0x00,0x00,0x00,0x00,0x00,0x00,0x00,
0x00,0x00,0x00,0x00,0x00,0x00,0x00,0x00,0x00,0x00,0x00,0x00,0x00,0x00,0x00,0x00,
0x00,0x00,0x00,0x00,0x00,0x00,0x00,0x00,0x00,0x00,0x00,0x00,0x00,0x00,0x00,0x00,
0x00,0x00,0x00,0x00,0x00,0x00,0x00,0x00,0x00,0x00,0x00,0x00,0x00,0x00,0x00,0x00,
0x00,0x00,0x00,0x00,0x00,0x00,0x00,0x00,0x00,0x00,0x00,0x00,0x00,0x00,0x00,0x00,
0x00,0x00,0x00,0x00,0x00,0x00,0x00,0x00,0x00,0x00,0x00,0x00,0x00,0x00,0x00,0x00,
0x00,0x00,0x00,0x00,0x00,0x00,0x00,0x00,0x00,0x00,0x00,0x00,0x00,0x00,0x00,0x00,
0x00,0x00,0x00,0x00,0x00,0x00,0x00,0x00,0x00,0x00,0x00,0x00,0x00,0x00,0x00,0x00,
0x00,0x00,0x00,0x00,0x00,0x00,0x00,0x00,0x00,0x00,0x00,0x00,0x00,0x00,0x00,0x00,
0x00,0x00,0x00,0x00,0x00,0x00,0x00,0x00,0x00,0x00,0x00,0x00,0x00,0x00,0x00,0x00,
0x00,0x00,0x00,0x00,0x00,0x00,0x00,0x00,0x00,0x00,0x00,0x00,0x00,0x00,0x00,0x00,
0x00,0x00,0x00,0x00,0x00,0x00,0x00,0x00,0x00,0x00,0x00,0x00,0x00,0x00,0x00,0x00,
0x00,0x00,0x00,0x00,0x00,0x00,0x00,0x00,0x00,0x00,0x00,0x00,0x00,0x00,0x00,0x00,
0x00,0x00,0x00,0x00,0x00,0x00,0x00,0x00,0x00,0x00,0x00,0x00,0x00,0x00,0x00,0x00,
0x00,0x00,0x00,0x00,0x00,0x00,0x00,0x00,0x46,0x4e,0x54,0x47,0x00,0x01,0x00,0x70,
0x01,0x9e,0x00,0xed,0x00,0x04,0x00,0x09,0x00,0x00,0x12,0x05,0x00,0x00,0x00,0x80,
0x00,0x00,0x0f,0x50,0x00,0x00,0x00,0x00,0xff,0xff,0xff,0xff,0x00,0x00,0x00,0x17,
0x00,0x00,0x00,0x00,0x3f,0x80,0x00,0x00,0x00,0x00,0x10,0x50,0x00,0x00,0x00,0x7f,
0x3f,0x80,0x00,0x00,0x3f,0x80,0x00,0x00,0x3b,0x80,0x00,0x00,0x3b,0x80,0x00,0x00,
0x00,0x00,0x00,0x01,0x00,0x00,0x00,0x00,0x00,0x00,0x00,0x00,0x00,0x00,0x00,0x00,
0x00,0x00,0x00,0x00,0x00,0x00,0x00,0x01,0x00,0x00,0x00,0x00,0x00,0x00,0x00,0x00,
0x00,0x00,0x00,0x00,0x00,0x00,0x00,0x00,0x00,0x00,0x00,0x00,0x00,0x00,0x00,0x00,
0x00,0x00,0x00,0x00,0x00,0x00,0x00,0x00,0x00,0x20,0x00,0x00,0x00,0x01,0x00,0x01,
0x00,0x00,0x12,0x00,0x00,0x00,0x00,0x06,0x00,0x21,0x04,0x0e,0x00,0x6e,0x00,0x4f,
0x00,0x01,0x04,0x00,0x00,0x00,0x00,0x06,0x00,0x22,0x08,0x06,0x00,0xd7,0x00,0x01,
0x00,0x00,0x04,0x00,0x00,0x00,0x00,0x08,0x00,0x23,0x0b,0x0e,0x00,0xbd,0x00,0x31,
0x00,0x01,0x04,0x00,0x00,0x00,0x00,0x0d,0x00,0x24,0x0d,0x11,0x00,0x3c,0x00,0x6f,
0x00,0x00,0x03,0x00,0x00,0x00,0x00,0x0d,0x00,0x25,0x10,0x0e,0x00,0x4a,0x00,0x40,
0x00,0x00,0x04,0x00,0x00,0x00,0x00,0x10,0x00,0x26,0x0d,0x0e,0x00,0x5b,0x00,0x40,
0x00,0x01,0x04,0x00,0x00,0x00,0x00,0x0e,0x00,0x27,0x04,0x06,0x00,0x01,0x00,0x08,
0x00,0x00,0x04,0x00,0x00,0x00,0x00,0x04,0x00,0x28,0x05,0x11,0x00,0x50,0x00,0x6f,
0x00,0x01,0x04,0x00,0x00,0x00,0x00,0x07,0x00,0x29,0x05,0x11,0x00,0x56,0x00,0x6f,
0x00,0x01,0x04,0x00,0x00,0x00,0x00,0x07,0x00,0x2a,0x09,0x08,0x00,0x28,0x00,0x08,
0x00,0x02,0x04,0x00,0x00,0x00,0x00,0x0d,0x00,0x2b,0x09,0x0a,0x00,0x1d,0x00,0x13,
0x00,0x01,0x08,0x00,0x00,0x00,0x00,0x0b,0x00,0x2c,0x04,0x06,0x00,0xfb,0x00,0x01,
0x00,0x01,0x0f,0x0a,0x00,0x00,0x00,0x06,0x00,0x2d,0x05,0x04,0x00,0x59,0x00,0x01,
0x00,0x00,0x0b,0x03,0x00,0x0a,0x00,0x05,0x00,0x2e,0x04,0x04,0x00,0x5f,0x00,0x01,
0x00,0x01,0x0e,0x0a,0x00,0x0d,0x00,0x06,0x00,0x2f,0x0b,0x10,0x00,0xf4,0x00,0x5e,
0x00,0x00,0x04,0x00,0x00,0x00,0x00,0x0b,0x00,0x30,0x0c,0x0e,0x00,0xa6,0x00,0x31,
0x00,0x00,0x04,0x00,0x00,0x00,0x00,0x0d,0x00,0x31,0x09,0x0e,0x00,0x71,0x00,0x31,
0x00,0x01,0x04,0x00,0x00,0x00,0x00,0x0d,0x00,0x32,0x0b,0x0e,0x00,0x56,0x00,0x31,
0x00,0x01,0x04,0x00,0x00,0x00,0x00,0x0d,0x00,0x33,0x0b,0x0e,0x00,0x0f,0x00,0x31,
0x00,0x01,0x04,0x00,0x00,0x00,0x00,0x0d,0x00,0x34,0x0d,0x0e,0x00,0x0c,0x00,0x22,
0x00,0x00,0x04,0x00,0x00,0x00,0x00,0x0d,0x00,0x35,0x0b,0x0e,0x00,0x25,0x00,0x22,
0x00,0x01,0x04,0x00,0x00,0x00,0x00,0x0d,0x00,0x36,0x0b,0x0e,0x00,0x86,0x00,0x40,
0x00,0x01,0x04,0x00,0x00,0x00,0x00,0x0d,0x00,0x37,0x0b,0x0e,0x00,0x21,0x00,0x5e,
0x00,0x01,0x04,0x00,0x00,0x00,0x00,0x0d,0x00,0x38,0x0b,0x0e,0x00,0xa2,0x00,0x4f,
0x00,0x01,0x04,0x00,0x00,0x00,0x00,0x0d,0x00,0x39,0x0b,0x0e,0x00,0x96,0x00,0x4f,
0x00,0x01,0x04,0x00,0x00,0x00,0x00,0x0d,0x00,0x3a,0x04,0x0a,0x00,0xb1,0x00,0x08,
0x00,0x01,0x08,0x02,0x00,0x17,0x00,0x06,0x00,0x3b,0x04,0x0d,0x00,0xbd,0x00,0x13,
0x00,0x01,0x08,0x02,0x00,0x19,0x00,0x06,0x00,0x3c,0x09,0x0a,0x00,0x8d,0x00,0x08,
0x00,0x01,0x08,0x00,0x00,0x00,0x00,0x0b,0x00,0x3d,0x09,0x07,0x00,0x17,0x00,0x08,
0x00,0x01,0x0a,0x00,0x00,0x00,0x00,0x0b,0x00,0x3e,0x09,0x0a,0x00,0x83,0x00,0x08,
0x00,0x01,0x08,0x00,0x00,0x00,0x00,0x0b,0x00,0x3f,0x0a,0x0e,0x00,0xe8,0x00,0x40,
0x00,0x00,0x04,0x00,0x00,0x00,0x00,0x0b,0x00,0x40,0x0e,0x0e,0x00,0x92,0x00,0x40,
0x00,0x00,0x04,0x00,0x00,0x00,0x00,0x0e,0x00,0x41,0x0f,0x0e,0x00,0x76,0x00,0x40,
0x00,0xff,0x04,0x02,0x00,0x1b,0x00,0x0d,0x00,0x42,0x0c,0x0e,0x00,0x69,0x00,0x40,
0x00,0x01,0x04,0x00,0x00,0x00,0x00,0x0d,0x00,0x43,0x0d,0x0e,0x00,0x59,0x00,0x5e,
0x00,0x00,0x04,0x00,0x00,0x00,0x00,0x0d,0x00,0x44,0x0d,0x0e,0x00,0xed,0x00,0x31,
0x00,0x01,0x04,0x00,0x00,0x00,0x00,0x0e,0x00,0x45,0x0a,0x0e,0x00,0xe2,0x00,0x31,
0x00,0x01,0x04,0x00,0x00,0x00,0x00,0x0c,0x00,0x46,0x0a,0x0e,0x00,0xd7,0x00,0x31,
0x00,0x01,0x04,0x00,0x00,0x00,0x00,0x0b,0x00,0x47,0x0d,0x0e,0x00,0xc9,0x00,0x31,
0x00,0x00,0x04,0x00,0x00,0x00,0x00,0x0e,0x00,0x48,0x0c,0x0e,0x00,0x99,0x00,0x31,
0x00,0x01,0x04,0x00,0x00,0x00,0x00,0x0e,0x00,0x49,0x04,0x0e,0x00,0x94,0x00,0x31,
0x00,0x01,0x04,0x00,0x00,0x00,0x00,0x06,0x00,0x4a,0x0a,0x0e,0x00,0x89,0x00,0x31,
0x00,0x00,0x04,0x00,0x00,0x00,0x00,0x0b,0x00,0x4b,0x0d,0x0e,0x00,0x7b,0x00,0x31,
0x00,0x01,0x04,0x00,0x00,0x00,0x00,0x0e,0x00,0x4c,0x0a,0x0e,0x00,0x4b,0x00,0x31,
0x00,0x01,0x04,0x00,0x00,0x00,0x00,0x0b,0x00,0x4d,0x11,0x0e,0x00,0x39,0x00,0x31,
0x00,0x01,0x04,0x00,0x00,0x00,0x00,0x13,0x00,0x4e,0x0e,0x0e,0x00,0x2a,0x00,0x31,
0x00,0x01,0x04,0x00,0x00,0x00,0x00,0x10,0x00,0x4f,0x0d,0x0e,0x00,0x01,0x00,0x31,
0x00,0x00,0x04,0x00,0x00,0x00,0x00,0x0e,0x00,0x50,0x0c,0x0e,0x00,0xf0,0x00,0x22,
0x00,0x01,0x04,0x00,0x00,0x00,0x00,0x0d,0x00,0x51,0x0e,0x0e,0x00,0xd3,0x00,0x22,
0x00,0x01,0x04,0x00,0x00,0x00,0x00,0x0e,0x00,0x52,0x0c,0x0e,0x00,0xa9,0x00,0x22,
0x00,0x01,0x04,0x00,0x00,0x00,0x00,0x0d,0x00,0x53,0x0d,0x0e,0x00,0x9b,0x00,0x22,
0x00,0x00,0x04,0x00,0x00,0x00,0x00,0x0d,0x00,0x54,0x0b,0x0e,0x00,0x8f,0x00,0x22,
0x00,0x00,0x04,0x02,0x00,0x1d,0x00,0x0b,0x00,0x55,0x0c,0x0e,0x00,0x82,0x00,0x22,
0x00,0x01,0x04,0x00,0x00,0x00,0x00,0x0e,0x00,0x56,0x0e,0x0e,0x00,0x73,0x00,0x22,
0x00,0xff,0x04,0x01,0x00,0x1f,0x00,0x0d,0x00,0x57,0x15,0x0e,0x00,0x5d,0x00,0x22,
0x00,0xff,0x04,0x00,0x00,0x00,0x00,0x14,0x00,0x58,0x0f,0x0e,0x00,0x4d,0x00,0x22,
0x00,0xff,0x04,0x00,0x00,0x00,0x00,0x0d,0x00,0x59,0x0e,0x0e,0x00,0x3e,0x00,0x22,
0x00,0xff,0x04,0x02,0x00,0x20,0x00,0x0d,0x00,0x5a,0x0c,0x0e,0x00,0x31,0x00,0x22,
0x00,0x00,0x04,0x00,0x00,0x00,0x00,0x0c,0x00,0x5b,0x05,0x11,0x00,0x0e,0x00,0x6f,
0x00,0x01,0x04,0x00,0x00,0x00,0x00,0x07,0x00,0x5c,0x0b,0x10,0x00,0xe8,0x00,0x5e,
0x00,0x00,0x04,0x00,0x00,0x00,0x00,0x0c,0x00,0x5d,0x05,0x11,0x00,0x4a,0x00,0x6f,
0x00,0x01,0x04,0x00,0x00,0x00,0x00,0x07,0x00,0x5e,0x09,0x0a,0x00,0x34,0x00,0x13,
0x00,0x01,0x04,0x00,0x00,0x00,0x00,0x0b,0x00,0x5f,0x09,0x02,0x00,0x11,0x00,0x01,
0x00,0x00,0x13,0x00,0x00,0x00,0x00,0x09,0x00,0x60,0x05,0x04,0x00,0x99,0x00,0x01,
0x00,0x01,0x04,0x00,0x00,0x00,0x00,0x07,0x00,0x61,0x0a,0x0a,0x00,0x53,0x00,0x13,
0x00,0x00,0x08,0x03,0x00,0x22,0x00,0x0b,0x00,0x62,0x0a,0x0e,0x00,0x01,0x00,0x22,
0x00,0x01,0x04,0x00,0x00,0x00,0x00,0x0b,0x00,0x63,0x0a,0x0a,0x00,0x67,0x00,0x13,
0x00,0x00,0x08,0x01,0x00,0x25,0x00,0x0a,0x00,0x64,0x0a,0x0e,0x00,0x01,0x00,0x40,
0x00,0x00,0x04,0x00,0x00,0x00,0x00,0x0b,0x00,0x65,0x0a,0x0a,0x00,0x7d,0x00,0x13,
0x00,0x00,0x08,0x03,0x00,0x26,0x00,0x0a,0x00,0x66,0x07,0x0e,0x00,0xc0,0x00,0x40,
0x00,0x00,0x04,0x00,0x00,0x00,0x00,0x07,0x00,0x67,0x0a,0x0f,0x00,0xb6,0x00,0x5e,
0x00,0x00,0x08,0x00,0x00,0x00,0x00,0x0b,0x00,0x68,0x09,0x0e,0x00,0x0c,0x00,0x5e,
0x00,0x01,0x04,0x00,0x00,0x00,0x00,0x0b,0x00,0x69,0x04,0x0e,0x00,0x7b,0x00,0x5e,
0x00,0x00,0x04,0x03,0x00,0x29,0x00,0x05,0x00,0x6a,0x05,0x11,0x00,0x2e,0x00,0x6f,
0x00,0xff,0x04,0x00,0x00,0x00,0x00,0x04,0x00,0x6b,0x0a,0x0e,0x00,0xae,0x00,0x4f,
0x00,0x01,0x04,0x00,0x00,0x00,0x00,0x0b,0x00,0x6c,0x04,0x0e,0x00,0x7d,0x00,0x4f,
0x00,0x01,0x04,0x00,0x00,0x00,0x00,0x05,0x00,0x6d,0x0f,0x0a,0x00,0x97,0x00,0x08,
0x00,0x01,0x08,0x00,0x00,0x00,0x00,0x11,0x00,0x6e,0x09,0x0a,0x00,0x88,0x00,0x13,
0x00,0x01,0x08,0x00,0x00,0x00,0x00,0x0b,0x00,0x6f,0x0a,0x0a,0x00,0x72,0x00,0x13,
0x00,0x00,0x08,0x03,0x00,0x2c,0x00,0x0b,0x00,0x70,0x0a,0x0e,0x00,0x1a,0x00,0x22,
0x00,0x01,0x08,0x01,0x00,0x2f,0x00,0x0b,0x00,0x71,0x0a,0x0e,0x00,0xf4,0x00,0x13,
0x00,0x00,0x08,0x01,0x00,0x30,0x00,0x0b,0x00,0x72,0x08,0x0a,0x00,0x5e,0x00,0x13,
0x00,0x01,0x08,0x01,0x00,0x31,0x00,0x09,0x00,0x73,0x0a,0x0a,0x00,0x48,0x00,0x13,
0x00,0x00,0x08,0x01,0x00,0x32,0x00,0x0a,0x00,0x74,0x09,0x0c,0x00,0xa8,0x00,0x13,
0x00,0x00,0x06,0x00,0x00,0x00,0x00,0x09,0x00,0x75,0x09,0x0a,0x00,0x3e,0x00,0x13,
0x00,0x01,0x08,0x02,0x00,0x33,0x00,0x0b,0x00,0x76,0x0b,0x0a,0x00,0x11,0x00,0x13,
0x00,0xff,0x08,0x01,0x00,0x35,0x00,0x0a,0x00,0x77,0x0f,0x0a,0x00,0x01,0x00,0x13,
0x00,0x00,0x08,0x00,0x00,0x00,0x00,0x0f,0x00,0x78,0x0a,0x0a,0x00,0xe7,0x00,0x08,
0x00,0x00,0x08,0x00,0x00,0x00,0x00,0x0a,0x00,0x79,0x0b,0x0f,0x00,0xdc,0x00,0x5e,
0x00,0xff,0x08,0x01,0x00,0x36,0x00,0x0a,0x00,0x7a,0x09,0x0a,0x00,0xcc,0x00,0x08,
0x00,0x00,0x08,0x00,0x00,0x00,0x00,0x09,0x00,0x7b,0x07,0x11,0x00,0x34,0x00,0x6f,
0x00,0x00,0x04,0x00,0x00,0x00,0x00,0x07,0x00,0x7c,0x03,0x13,0x00,0x6e,0x00,0x95,
0x00,0x04,0x04,0x00,0x00,0x00,0x00,0x0b,0x00,0x7d,0x07,0x11,0x00,0x14,0x00,0x6f,
0x00,0x00,0x04,0x00,0x00,0x00,0x00,0x07,0x00,0x7e,0x09,0x06,0x00,0xf1,0x00,0x01,
0x00,0x01,0x0a,0x00,0x00,0x00,0x00,0x0b,0x00,0xa1,0x04,0x0e,0x00,0xb6,0x00,0x22,
0x00,0x01,0x08,0x00,0x00,0x00,0x00,0x06,0x00,0xa2,0x09,0x0e,0x00,0xbb,0x00,0x22,
0x00,0x02,0x05,0x00,0x00,0x00,0x00,0x0d,0x00,0xa3,0x0d,0x0e,0x00,0xc5,0x00,0x22,
0x00,0x00,0x04,0x00,0x00,0x00,0x00,0x0d,0x00,0xa4,0x0b,0x0b,0x00,0x9c,0x00,0x13,
0x00,0x01,0x06,0x00,0x00,0x00,0x00,0x0d,0x00,0xa5,0x0d,0x0e,0x00,0xe2,0x00,0x22,
0x00,0x00,0x04,0x00,0x00,0x00,0x00,0x0d,0x00,0xa6,0x03,0x11,0x00,0x1c,0x00,0x6f,
0x00,0x04,0x05,0x00,0x00,0x00,0x00,0x0b,0x00,0xa7,0x0d,0x13,0x00,0x60,0x00,0x95,
0x00,0x00,0x04,0x00,0x00,0x00,0x00,0x0d,0x00,0xa8,0x06,0x02,0x00,0x03,0x00,0x01,
0x00,0x01,0x05,0x00,0x00,0x00,0x00,0x08,0x00,0xa9,0x0e,0x0e,0x00,0x1b,0x00,0x31,
0x00,0x00,0x04,0x00,0x00,0x00,0x00,0x0e,0x00,0xaa,0x06,0x07,0x00,0x21,0x00,0x08,
0x00,0x01,0x04,0x00,0x00,0x00,0x00,0x09,0x00,0xab,0x0a,0x0a,0x00,0x5d,0x00,0x08,
0x00,0x00,0x08,0x00,0x00,0x00,0x00,0x0a,0x00,0xac,0x09,0x06,0x00,0xe0,0x00,0x01,
0x00,0x01,0x0a,0x00,0x00,0x00,0x00,0x0b,0x00,0xad,0x05,0x04,0x00,0x82,0x00,0x01,
0x00,0x00,0x0b,0x00,0x00,0x00,0x00,0x05,0x00,0xae,0x0e,0x0e,0x00,0x62,0x00,0x31,
0x00,0x00,0x04,0x00,0x00,0x00,0x00,0x0e,0x00,0xaf,0x06,0x02,0x00,0x0a,0x00,0x01,
0x00,0x01,0x05,0x00,0x00,0x00,0x00,0x08,0x00,0xb0,0x06,0x06,0x00,0xea,0x00,0x01,
0x00,0x01,0x04,0x00,0x00,0x00,0x00,0x07,0x00,0xb1,0x09,0x0a,0x00,0x68,0x00,0x08,
0x00,0x01,0x08,0x00,0x00,0x00,0x00,0x0b,0x00,0xb2,0x08,0x09,0x00,0x43,0x00,0x08,
0x00,0x00,0x04,0x00,0x00,0x00,0x00,0x08,0x00,0xb3,0x08,0x09,0x00,0x4c,0x00,0x08,
0x00,0x00,0x04,0x00,0x00,0x00,0x00,0x08,0x00,0xb4,0x05,0x04,0x00,0x69,0x00,0x01,
0x00,0x01,0x04,0x00,0x00,0x00,0x00,0x07,0x00,0xb5,0x09,0x0e,0x00,0xb3,0x00,0x31,
0x00,0x01,0x08,0x00,0x00,0x00,0x00,0x0b,0x00,0xb6,0x0d,0x12,0x00,0xc8,0x00,0x82,
0x00,0x00,0x04,0x00,0x00,0x00,0x00,0x0d,0x00,0xb7,0x04,0x04,0x00,0x64,0x00,0x01,
0x00,0x01,0x0b,0x00,0x00,0x00,0x00,0x06,0x00,0xb8,0x04,0x04,0x00,0x54,0x00,0x01,
0x00,0x01,0x12,0x00,0x00,0x00,0x00,0x06,0x00,0xb9,0x07,0x09,0x00,0x55,0x00,0x08,
0x00,0x00,0x04,0x00,0x00,0x00,0x00,0x08,0x00,0xba,0x07,0x07,0x00,0x0f,0x00,0x08,
0x00,0x01,0x04,0x00,0x00,0x00,0x00,0x09,0x00,0xbb,0x09,0x0a,0x00,0x92,0x00,0x13,
0x00,0x00,0x08,0x00,0x00,0x00,0x00,0x0a,0x00,0xbc,0x14,0x0e,0x00,0x0c,0x00,0x40,
0x00,0xff,0x04,0x00,0x00,0x00,0x00,0x13,0x00,0xbd,0x14,0x0e,0x00,0x21,0x00,0x40,
0x00,0xff,0x04,0x00,0x00,0x00,0x00,0x13,0x00,0xbe,0x13,0x0e,0x00,0x36,0x00,0x40,
0x00,0x00,0x04,0x00,0x00,0x00,0x00,0x13,0x00,0xbf,0x0a,0x0f,0x00,0xc1,0x00,0x5e,
0x00,0x00,0x08,0x00,0x00,0x00,0x00,0x0b,0x00,0xc0,0x0f,0x12,0x00,0x8e,0x00,0x82,
0x00,0xff,0x00,0x00,0x00,0x00,0x00,0x0d,0x00,0xc1,0x0f,0x12,0x00,0x7e,0x00,0x82,
0x00,0xff,0x00,0x00,0x00,0x00,0x00,0x0d,0x00,0xc2,0x0f,0x12,0x00,0x55,0x00,0x82,
0x00,0xff,0x00,0x00,0x00,0x00,0x00,0x0d,0x00,0xc3,0x0f,0x12,0x00,0x44,0x00,0x95,
0x00,0xff,0x00,0x00,0x00,0x00,0x00,0x0d,0x00,0xc4,0x0f,0x11,0x00,0x5c,0x00,0x6f,
0x00,0xff,0x01,0x00,0x00,0x00,0x00,0x0d,0x00,0xc5,0x0f,0x12,0x00,0x36,0x00,0x82,
0x00,0xff,0x00,0x00,0x00,0x00,0x00,0x0d,0x00,0xc6,0x14,0x0e,0x00,0xab,0x00,0x40,
0x00,0xff,0x04,0x00,0x00,0x00,0x00,0x13,0x00,0xc7,0x0d,0x12,0x00,0x1b,0x00,0x82,
0x00,0x00,0x04,0x00,0x00,0x00,0x00,0x0d,0x00,0xc8,0x0a,0x12,0x00,0x01,0x00,0x82,
0x00,0x01,0x00,0x00,0x00,0x00,0x00,0x0c,0x00,0xc9,0x0a,0x12,0x00,0xd9,0x00,0x6f,
0x00,0x01,0x00,0x00,0x00,0x00,0x00,0x0c,0x00,0xca,0x0a,0x12,0x00,0xc5,0x00,0x6f,
0x00,0x01,0x00,0x00,0x00,0x00,0x00,0x0c,0x00,0xcb,0x0a,0x11,0x00,0x8f,0x00,0x6f,
0x00,0x01,0x01,0x00,0x00,0x00,0x00,0x0c,0x00,0xcc,0x06,0x12,0x00,0xa1,0x00,0x6f,
0x00,0x00,0x00,0x00,0x00,0x00,0x00,0x06,0x00,0xcd,0x06,0x12,0x00,0x9a,0x00,0x6f,
0x00,0x00,0x00,0x00,0x00,0x00,0x00,0x06,0x00,0xce,0x08,0x12,0x00,0xd0,0x00,0x6f,
0x00,0xff,0x00,0x00,0x00,0x00,0x00,0x06,0x00,0xcf,0x06,0x11,0x00,0x6c,0x00,0x6f,
0x00,0x00,0x01,0x00,0x00,0x00,0x00,0x06,0x00,0xd0,0x0f,0x0e,0x00,0x31,0x00,0x4f,
0x00,0xff,0x04,0x00,0x00,0x00,0x00,0x0e,0x00,0xd1,0x0e,0x12,0x00,0x46,0x00,0x82,
0x00,0x01,0x00,0x00,0x00,0x00,0x00,0x10,0x00,0xd2,0x0d,0x12,0x00,0x65,0x00,0x82,
0x00,0x00,0x00,0x00,0x00,0x00,0x00,0x0e,0x00,0xd3,0x0d,0x12,0x00,0x9e,0x00,0x82,
0x00,0x00,0x00,0x00,0x00,0x00,0x00,0x0e,0x00,0xd4,0x0d,0x12,0x00,0xba,0x00,0x82,
0x00,0x00,0x00,0x00,0x00,0x00,0x00,0x0e,0x00,0xd5,0x0d,0x12,0x00,0x01,0x00,0x95,
0x00,0x00,0x00,0x00,0x00,0x00,0x00,0x0e,0x00,0xd6,0x0d,0x11,0x00,0x20,0x00,0x6f,
0x00,0x00,0x01,0x00,0x00,0x00,0x00,0x0e,0x00,0xd7,0x09,0x0a,0x00,0xa7,0x00,0x08,
0x00,0x01,0x08,0x00,0x00,0x00,0x00,0x0b,0x00,0xd8,0x0f,0x0f,0x00,0xcc,0x00,0x5e,
0x00,0xff,0x04,0x00,0x00,0x00,0x00,0x0e,0x00,0xd9,0x0c,0x12,0x00,0x0f,0x00,0x95,
0x00,0x01,0x00,0x00,0x00,0x00,0x00,0x0e,0x00,0xda,0x0c,0x12,0x00,0x1c,0x00,0x95,
0x00,0x01,0x00,0x00,0x00,0x00,0x00,0x0e,0x00,0xdb,0x0c,0x12,0x00,0x29,0x00,0x95,
0x00,0x01,0x00,0x00,0x00,0x00,0x00,0x0e,0x00,0xdc,0x0c,0x11,0x00,0x01,0x00,0x6f,
0x00,0x01,0x01,0x00,0x00,0x00,0x00,0x0e,0x00,0xdd,0x0e,0x12,0x00,0xe4,0x00,0x6f,
0x00,0xff,0x00,0x00,0x00,0x00,0x00,0x0d,0x00,0xde,0x0c,0x0e,0x00,0xc4,0x00,0x4f,
0x00,0x01,0x04,0x00,0x00,0x00,0x00,0x0d,0x00,0xdf,0x0a,0x0e,0x00,0xd1,0x00,0x4f,
0x00,0x01,0x04,0x00,0x00,0x00,0x00,0x0b,0x00,0xe0,0x0a,0x0e,0x00,0xdc,0x00,0x4f,
0x00,0x00,0x04,0x00,0x00,0x00,0x00,0x0b,0x00,0xe1,0x0a,0x0e,0x00,0xe7,0x00,0x4f,
0x00,0x00,0x04,0x00,0x00,0x00,0x00,0x0b,0x00,0xe2,0x0a,0x0e,0x00,0xf2,0x00,0x4f,
0x00,0x00,0x04,0x00,0x00,0x00,0x00,0x0b,0x00,0xe3,0x0a,0x0e,0x00,0x01,0x00,0x5e,
0x00,0x00,0x04,0x00,0x00,0x00,0x00,0x0b,0x00,0xe4,0x0a,0x0d,0x00,0xe1,0x00,0x13,
0x00,0x00,0x05,0x00,0x00,0x00,0x00,0x0b,0x00,0xe5,0x0a,0x0e,0x00,0x16,0x00,0x5e,
0x00,0x00,0x04,0x00,0x00,0x00,0x00,0x0b,0x00,0xe6,0x10,0x0a,0x00,0xd6,0x00,0x08,
0x00,0x00,0x08,0x00,0x00,0x00,0x00,0x11,0x00,0xe7,0x0a,0x0e,0x00,0x2d,0x00,0x5e,
0x00,0x00,0x08,0x00,0x00,0x00,0x00,0x0a,0x00,0xe8,0x0a,0x0e,0x00,0x38,0x00,0x5e,
0x00,0x00,0x04,0x01,0x00,0x37,0x00,0x0a,0x00,0xe9,0x0a,0x0e,0x00,0x43,0x00,0x5e,
0x00,0x00,0x04,0x00,0x00,0x00,0x00,0x0a,0x00,0xea,0x0a,0x0e,0x00,0x4e,0x00,0x5e,
0x00,0x00,0x04,0x01,0x00,0x38,0x00,0x0a,0x00,0xeb,0x0a,0x0d,0x00,0xd6,0x00,0x13,
0x00,0x00,0x05,0x01,0x00,0x39,0x00,0x0a,0x00,0xec,0x05,0x0e,0x00,0x67,0x00,0x5e,
0x00,0x00,0x04,0x00,0x00,0x00,0x00,0x05,0x00,0xed,0x05,0x0e,0x00,0x6d,0x00,0x5e,
0x00,0x00,0x04,0x00,0x00,0x00,0x00,0x05,0x00,0xee,0x07,0x0e,0x00,0x73,0x00,0x5e,
0x00,0xff,0x04,0x00,0x00,0x00,0x00,0x05,0x00,0xef,0x07,0x0d,0x00,0xec,0x00,0x13,
0x00,0xff,0x05,0x00,0x00,0x00,0x00,0x05,0x00,0xf0,0x0a,0x0e,0x00,0x80,0x00,0x5e,
0x00,0x00,0x04,0x00,0x00,0x00,0x00,0x0b,0x00,0xf1,0x09,0x0e,0x00,0x8b,0x00,0x5e,
0x00,0x01,0x04,0x00,0x00,0x00,0x00,0x0b,0x00,0xf2,0x0a,0x0e,0x00,0x95,0x00,0x5e,
0x00,0x00,0x04,0x01,0x00,0x3a,0x00,0x0b,0x00,0xf3,0x0a,0x0e,0x00,0xa0,0x00,0x5e,
0x00,0x00,0x04,0x00,0x00,0x00,0x00,0x0b,0x00,0xf4,0x0a,0x0e,0x00,0xab,0x00,0x5e,
0x00,0x00,0x04,0x00,0x00,0x00,0x00,0x0b,0x00,0xf5,0x0a,0x0e,0x00,0xb9,0x00,0x4f,
0x00,0x00,0x04,0x00,0x00,0x00,0x00,0x0b,0x00,0xf6,0x0a,0x0d,0x00,0xb2,0x00,0x13,
0x00,0x00,0x05,0x02,0x00,0x3b,0x00,0x0b,0x00,0xf7,0x09,0x0a,0x00,0xc2,0x00,0x08,
0x00,0x01,0x08,0x00,0x00,0x00,0x00,0x0b,0x00,0xf8,0x0b,0x0a,0x00,0xb6,0x00,0x08,
0x00,0x00,0x08,0x00,0x00,0x00,0x00,0x0b,0x00,0xf9,0x09,0x0e,0x00,0x8c,0x00,0x4f,
0x00,0x01,0x04,0x00,0x00,0x00,0x00,0x0b,0x00,0xfa,0x09,0x0e,0x00,0x82,0x00,0x4f,
0x00,0x01,0x04,0x00,0x00,0x00,0x00,0x0b,0x00,0xfb,0x09,0x0e,0x00,0x73,0x00,0x4f,
0x00,0x01,0x04,0x00,0x00,0x00,0x00,0x0b,0x00,0xfc,0x09,0x0d,0x00,0xc2,0x00,0x13,
0x00,0x01,0x05,0x01,0x00,0x3d,0x00,0x0b,0x00,0xfd,0x0b,0x13,0x00,0x54,0x00,0x95,
0x00,0xff,0x04,0x00,0x00,0x00,0x00,0x0a,0x00,0xfe,0x0a,0x12,0x00,0xf2,0x00,0x82,
0x00,0x01,0x04,0x00,0x00,0x00,0x00,0x0b,0x00,0xff,0x0b,0x12,0x00,0xe6,0x00,0x82,
0x00,0xff,0x05,0x00,0x00,0x00,0x00,0x0a,0x01,0x04,0x0f,0x12,0x00,0xd6,0x00,0x82,
0x00,0xff,0x04,0x00,0x00,0x00,0x00,0x0d,0x01,0x05,0x0a,0x0e,0x00,0x63,0x00,0x4f,
0x00,0x00,0x08,0x00,0x00,0x00,0x00,0x0b,0x01,0x06,0x0d,0x12,0x00,0xac,0x00,0x82,
0x00,0x00,0x00,0x00,0x00,0x00,0x00,0x0d,0x01,0x07,0x0a,0x0e,0x00,0x58,0x00,0x4f,
0x00,0x00,0x04,0x00,0x00,0x00,0x00,0x0a,0x01,0x18,0x0a,0x12,0x00,0x73,0x00,0x82,
0x00,0x01,0x04,0x00,0x00,0x00,0x00,0x0c,0x01,0x19,0x0a,0x0e,0x00,0x4d,0x00,0x4f,
0x00,0x00,0x08,0x00,0x00,0x00,0x00,0x0a,0x01,0x41,0x0b,0x0e,0x00,0x41,0x00,0x4f,
0x00,0x00,0x04,0x00,0x00,0x00,0x00,0x0b,0x01,0x42,0x06,0x0e,0x00,0x2a,0x00,0x4f,
0x00,0x00,0x04,0x00,0x00,0x00,0x00,0x06,0x01,0x43,0x0e,0x12,0x00,0x0c,0x00,0x82,
0x00,0x01,0x00,0x00,0x00,0x00,0x00,0x10,0x01,0x44,0x09,0x0e,0x00,0x20,0x00,0x4f,
0x00,0x01,0x04,0x00,0x00,0x00,0x00,0x0b,0x01,0x47,0x0e,0x12,0x00,0xa8,0x00,0x6f,
0x00,0x01,0x00,0x00,0x00,0x00,0x00,0x10,0x01,0x48,0x09,0x0e,0x00,0x16,0x00,0x4f,
0x00,0x01,0x04,0x00,0x00,0x00,0x00,0x0b,0x01,0x52,0x14,0x0e,0x00,0x01,0x00,0x4f,
0x00,0x00,0x04,0x00,0x00,0x00,0x00,0x14,0x01,0x53,0x10,0x0a,0x00,0x72,0x00,0x08,
0x00,0x00,0x08,0x00,0x00,0x00,0x00,0x11,0x01,0x5a,0x0d,0x12,0x00,0xb7,0x00,0x6f,
0x00,0x00,0x00,0x00,0x00,0x00,0x00,0x0d,0x01,0x5b,0x0a,0x0e,0x00,0xdd,0x00,0x40,
0x00,0x00,0x04,0x00,0x00,0x00,0x00,0x0a,0x01,0x60,0x0d,0x12,0x00,0x36,0x00,0x95,
0x00,0x00,0x00,0x00,0x00,0x00,0x00,0x0d,0x01,0x61,0x0a,0x0e,0x00,0xd2,0x00,0x40,
0x00,0x00,0x04,0x00,0x00,0x00,0x00,0x0a,0x01,0x78,0x0e,0x11,0x00,0x80,0x00,0x6f,
0x00,0xff,0x01,0x00,0x00,0x00,0x00,0x0d,0x01,0x79,0x0c,0x12,0x00,0xf3,0x00,0x6f,
0x00,0x00,0x00,0x00,0x00,0x00,0x00,0x0c,0x01,0x7a,0x09,0x0e,0x00,0xc8,0x00,0x40,
0x00,0x00,0x04,0x00,0x00,0x00,0x00,0x09,0x01,0x7b,0x0c,0x11,0x00,0x73,0x00,0x6f,
0x00,0x00,0x01,0x00,0x00,0x00,0x00,0x0c,0x01,0x7c,0x09,0x0d,0x00,0xcc,0x00,0x13,
0x00,0x00,0x05,0x00,0x00,0x00,0x00,0x09,0x01,0x7d,0x0c,0x12,0x00,0x29,0x00,0x82,
0x00,0x00,0x00,0x00,0x00,0x00,0x00,0x0c,0x01,0x7e,0x09,0x0e,0x00,0xa1,0x00,0x40,
0x00,0x00,0x04,0x00,0x00,0x00,0x00,0x09,0x02,0xc6,0x07,0x04,0x00,0x9f,0x00,0x01,
0x00,0x01,0x04,0x00,0x00,0x00,0x00,0x09,0x02,0xc7,0x07,0x04,0x00,0x42,0x00,0x01,
0x00,0x01,0x04,0x00,0x00,0x00,0x00,0x09,0x02,0xc9,0x06,0x02,0x00,0x1b,0x00,0x01,
0x00,0x01,0x05,0x00,0x00,0x00,0x00,0x08,0x02,0xd8,0x07,0x04,0x00,0x30,0x00,0x01,
0x00,0x01,0x04,0x00,0x00,0x00,0x00,0x09,0x02,0xd9,0x03,0x02,0x00,0x22,0x00,0x01,
0x00,0x01,0x05,0x00,0x00,0x00,0x00,0x05,0x02,0xda,0x04,0x04,0x00,0x26,0x00,0x01,
0x00,0x01,0x04,0x00,0x00,0x00,0x00,0x06,0x02,0xdb,0x04,0x04,0x00,0x2b,0x00,0x01,
0x00,0x01,0x12,0x00,0x00,0x00,0x00,0x06,0x02,0xdc,0x09,0x04,0x00,0x38,0x00,0x01,
0x00,0x01,0x04,0x00,0x00,0x00,0x00,0x0b,0x02,0xdd,0x09,0x05,0x00,0xac,0x00,0x01,
0x00,0x01,0x03,0x00,0x00,0x00,0x00,0x0b,0x20,0x13,0x09,0x04,0x00,0x4a,0x00,0x01,
0x00,0x00,0x0b,0x00,0x00,0x00,0x00,0x09,0x20,0x14,0x12,0x04,0x00,0x6f,0x00,0x01,
0x00,0x00,0x0b,0x00,0x00,0x00,0x00,0x12,0x20,0x18,0x04,0x06,0x00,0xd2,0x00,0x01,
0x00,0x00,0x04,0x00,0x00,0x00,0x00,0x05,0x20,0x19,0x04,0x06,0x00,0xc4,0x00,0x01,
0x00,0x00,0x04,0x00,0x00,0x00,0x00,0x05,0x20,0x1a,0x04,0x06,0x00,0xbf,0x00,0x01,
0x00,0x00,0x0f,0x00,0x00,0x00,0x00,0x05,0x20,0x1c,0x08,0x06,0x00,0xb6,0x00,0x01,
0x00,0x00,0x04,0x00,0x00,0x00,0x00,0x09,0x20,0x1d,0x08,0x06,0x00,0xc9,0x00,0x01,
0x00,0x00,0x04,0x00,0x00,0x00,0x00,0x09,0x20,0x1e,0x08,0x06,0x00,0x06,0x00,0x08,
0x00,0x00,0x0f,0x00,0x00,0x00,0x00,0x09,0x20,0x26,0x10,0x04,0x00,0x88,0x00,0x01,
0x00,0x01,0x0e,0x00,0x00,0x00,0x00,0x12,0x20,0x39,0x06,0x0a,0x00,0x2d,0x00,0x13,
0x00,0x00,0x08,0x00,0x00,0x00,0x00,0x06,0x20,0x3a,0x05,0x0a,0x00,0x27,0x00,0x13,
0x00,0x00,0x08,0x00,0x00,0x00,0x00,0x06,0x21,0x22,0x10,0x08,0x00,0x32,0x00,0x08,
0x00,0x00,0x04,0x00,0x00,0x00,0x00,0x0f,0x22,0x19,0x04,0x04,0x00,0xa7,0x00,0x01,
0x00,0x01,0x0b,0x00,0x00,0x00,0x00,0x06,0x3e,0x00,0x00,0x00,0x00,0x46,0xfe,0x2c,
0x00,0x50,0xfe,0x2c,0x00,0x54,0xfe,0x2c,0x00,0x56,0xfe,0x2c,0x00,0x57,0xff,0x2c,
0x00,0x59,0xfd,0x2c,0x00,0x72,0xfe,0x2c,0x00,0x76,0xff,0x2c,0x00,0x77,0xff,0x2c,
0x00,0x79,0xff,0x2c,0x00,0x59,0xfe,0x2d,0x00,0x72,0x01,0x2d,0x00,0x54,0xff,0x2d,
0x00,0x46,0xfe,0x2e,0x00,0x50,0xfe,0x2e,0x00,0x54,0xfe,0x2e,0x00,0x56,0xfe,0x2e,
0x00,0x57,0xff,0x2e,0x00,0x59,0xfd,0x2e,0x00,0x72,0xfe,0x2e,0x00,0x76,0xff,0x2e,
0x00,0x77,0xff,0x2e,0x00,0x79,0xff,0x2e,0x00,0x59,0xff,0x3a,0x00,0x54,0xff,0x3a,
0x00,0x59,0xff,0x3b,0x00,0x54,0xff,0x3b,0x00,0x59,0xff,0x41,0x00,0x54,0xff,0x41,
0x00,0x92,0xff,0x54,0x00,0x4c,0xff,0x54,0x00,0x4c,0xff,0x56,0x00,0x92,0xff,0x59,
0x00,0x4c,0xfe,0x59,0x00,0x56,0xff,0x61,0x00,0x59,0xfe,0x61,0x00,0x54,0xff,0x61,
0x00,0x54,0xff,0x63,0x00,0x54,0xff,0x65,0x00,0x56,0xff,0x65,0x00,0x59,0xfe,0x65,
0x00,0x56,0xff,0x69,0x00,0x57,0xff,0x69,0x00,0x54,0xff,0x69,0x00,0x56,0xff,0x6f,
0x00,0x59,0xfe,0x6f,0x00,0x54,0xff,0x6f,0x00,0x59,0xff,0x70,0x00,0x59,0xfe,0x71,
0x00,0x54,0xff,0x72,0x00,0x54,0xff,0x73,0x00,0x59,0xff,0x75,0x00,0x54,0xff,0x75,
0x00,0x59,0xff,0x76,0x00,0x54,0xff,0x79,0x00,0x54,0xff,0xe8,0x00,0x54,0xff,0xea,
0x00,0x54,0xff,0xeb,0x00,0x54,0xff,0xf2,0x00,0x59,0xff,0xf6,0x00,0x54,0xff,0xf6,
0x00,0x59,0xff,0xfc,0x42,0x75,0x79,0x20,0x7b,0x01,0x00,0x00,0x40,0x00,0x01,0x00,
0x30,0x00,0x00,0x00,0x00,0x00,0x01,0x00,0x00,0x00,0x00,0x00,0x00,0x00,0x00,0x00,
0x00,0x01,0x00,0x00,0x00,0x01,0x00,0x00,0x00,0x00,0x00,0x00,0x00,0x00,0x00,0x00,
0x03,0x02,0x03,0x00,0x0c,0x04,0x00,0x00,0x46,0x45,0x6e,0xe7,0x04,0x04,0x00,0x00,
0x50,0x6b,0x48,0x64,0x54,0x00,0x00,0x00,0x00,0x00,0x02,0x00,0x00,0x00,0x00,0x00,
0x02,0x00,0x00,0x00,0x01,0x00,0x00,0x00,0x0e,0x00,0x00,0x00,0x2b,0x00,0x00,0x00,
0x44,0x69,0x73,0x63,0x45,0x72,0x72,0x6f,0x72,0x2e,0x66,0x6e,0x67,0x00,0x47,0x6c,
0x6f,0x62,0x61,0x6c,0x5c,0x46,0x45,0x6e,0x67,0x5f,0x53,0x63,0x72,0x65,0x65,0x6e,
0x73,0x5c,0x53,0x74,0x72,0x69,0x70,0x70,0x65,0x64,0x5c,0x44,0x69,0x73,0x63,0x45,
0x72,0x72,0x6f,0x72,0x2e,0x66,0x6e,0x67,0x00,0x00,0x00,0x00,0x54,0x79,0x70,0x53,
0x10,0x00,0x00,0x00,0x05,0x00,0x00,0x00,0x44,0x00,0x00,0x00,0x02,0x00,0x00,0x00,
0x44,0x00,0x00,0x00,0x52,0x65,0x73,0xcc,0x6c,0x00,0x00,0x00,0x52,0x73,0x4e,0x6d,
0x28,0x00,0x00,0x00,0x28,0x4d,0x75,0x6c,0x74,0x69,0x2d,0x54,0x65,0x78,0x74,0x75,
0x72,0x65,0x64,0x20,0x49,0x6d,0x61,0x67,0x65,0x29,0x00,0x46,0x4f,0x4e,0x54,0x5f,
0x4d,0x57,0x5f,0x42,0x4f,0x44,0x59,0x2e,0x66,0x66,0x6e,0x00,0x52,0x73,0x52,0x71,
0x34,0x00,0x00,0x00,0x02,0x00,0x00,0x00,0x00,0xfb,0xcf,0xdf,0x00,0x00,0x00,0x00,
0x07,0x00,0x00,0x00,0x00,0x00,0x00,0x00,0x00,0x00,0x00,0x00,0x00,0x00,0x00,0x00,
0x2e,0x33,0x48,0xf5,0x17,0x00,0x00,0x00,0x02,0x00,0x00,0x00,0x00,0x00,0x00,0x00,
0x00,0x00,0x00,0x00,0x00,0x00,0x00,0x00,0x4f,0x62,0x6a,0xcc,0xd4,0x02,0x00,0x00,
0x42,0x75,0x74,0x6e,0x04,0x00,0x00,0x00,0x00,0x00,0x00,0x00,0x46,0x4f,0x62,0xea,
0x34,0x01,0x00,0x00,0x4f,0x62,0x6a,0x44,0x6c,0x00,0x00,0x00,0x4f,0x74,0x04,0x00,
0x05,0x00,0x00,0x00,0x4f,0x68,0x04,0x00,0xbc,0x30,0xde,0x85,0x4f,0x50,0x10,0x00,
0x7c,0x01,0x00,0x00,0xbc,0x30,0xde,0x85,0x00,0x00,0x00,0x40,0x00,0x00,0x00,0x00,
0x53,0x41,0x44,0x00,0xff,0x00,0x00,0x00,0xff,0x00,0x00,0x00,0xff,0x00,0x00,0x00,
0xff,0x00,0x00,0x00,0x00,0x00,0x00,0x00,0x00,0x00,0x00,0x00,0x00,0x00,0x00,0x00,
0x00,0x00,0xe0,0xc0,0x00,0x00,0x80,0xc1,0x00,0x00,0x98,0x41,0x00,0x00,0x00,0x00,
0x00,0x00,0x00,0x00,0x00,0x00,0x00,0x00,0x00,0x00,0x80,0x3f,0x00,0x00,0x80,0x3f,
0x00,0x00,0x80,0x3f,0x00,0x00,0x80,0x3f,0x53,0x63,0x72,0x70,0x48,0x00,0x00,0x00,
0x53,0x68,0x10,0x00,0xb3,0x44,0x17,0x00,0x00,0x00,0x00,0x00,0x00,0x00,0x00,0x00,
0x01,0x00,0x00,0x00,0x53,0x63,0x04,0x00,0x06,0x91,0x0d,0x5b,0x46,0x49,0x08,0x00,
0x06,0x10,0x01,0x00,0x00,0x00,0x00,0x00,0x54,0x6f,0x04,0x00,0x00,0x00,0x00,0x00,
0x4b,0x64,0x14,0x00,0xff,0xff,0xff,0xff,0xff,0x00,0x00,0x00,0xff,0x00,0x00,0x00,
0xff,0x00,0x00,0x00,0xff,0x00,0x00,0x00,0x53,0x63,0x72,0x70,0x68,0x00,0x00,0x00,
0x53,0x68,0x10,0x00,0x06,0x91,0x0d,0x5b,0x90,0x01,0x00,0x00,0x00,0x00,0x00,0x00,
0x01,0x00,0x00,0x00,0x46,0x49,0x08,0x00,0x06,0x10,0x01,0x00,0x90,0x01,0x00,0x00,
0x54,0x6f,0x04,0x00,0x00,0x00,0x00,0x00,0x4b,0x64,0x3c,0x00,0xff,0xff,0xff,0xff,
0xff,0x00,0x00,0x00,0xff,0x00,0x00,0x00,0xff,0x00,0x00,0x00,0xff,0x00,0x00,0x00,
0x00,0x00,0x00,0x00,0x00,0x00,0x00,0x00,0x00,0x00,0x00,0x00,0x00,0x00,0x00,0x00,
0x01,0xff,0xff,0xff,0x90,0x01,0x00,0x00,0x00,0x00,0x00,0x00,0x00,0x00,0x00,0x00,
0x00,0x00,0x00,0x00,0x00,0x00,0x00,0x00,0x46,0x4f,0x62,0xea,0x84,0x01,0x00,0x00,
0x4f,0x62,0x6a,0x44,0x60,0x01,0x00,0x00,0x4f,0x74,0x04,0x00,0x02,0x00,0x00,0x00,
0x4f,0x68,0x04,0x00,0x4f,0xd0,0xff,0xee,0x4f,0x50,0x10,0x00,0x93,0x02,0x00,0x00,
0x4f,0xd0,0xff,0xee,0x00,0x00,0x00,0x40,0x01,0x00,0x00,0x00,0x50,0x41,0x04,0x00,
0x7c,0x01,0x00,0x00,0x53,0x62,0x04,0x00,0x8c,0x01,0x00,0x00,0x53,0x74,0xc0,0x00,
0x54,0x00,0x68,0x00,0x65,0x00,0x20,0x00,0x53,0x00,0x79,0x00,0x73,0x00,0x74,0x00,
0x65,0x00,0x6d,0x00,0x20,0x00,0x69,0x00,0x73,0x00,0x20,0x00,0x44,0x00,0x6f,0x00,
0x77,0x00,0x6e,0x00,0x0a,0x00,0x54,0x00,0x68,0x00,0x65,0x00,0x20,0x00,0x53,0x00,
0x79,0x00,0x73,0x00,0x74,0x00,0x65,0x00,0x6d,0x00,0x20,0x00,0x69,0x00,0x73,0x00,
0x20,0x00,0x44,0x00,0x6f,0x00,0x77,0x00,0x6e,0x00,0x0a,0x00,0x54,0x00,0x68,0x00,
0x65,0x00,0x20,0x00,0x53,0x00,0x79,0x00,0x73,0x00,0x74,0x00,0x65,0x00,0x6d,0x00,
0x20,0x00,0x69,0x00,0x73,0x00,0x20,0x00,0x44,0x00,0x6f,0x00,0x77,0x00,0x6e,0x00,
0x0a,0x00,0x54,0x00,0x68,0x00,0x65,0x00,0x20,0x00,0x53,0x00,0x79,0x00,0x73,0x00,
0x74,0x00,0x65,0x00,0x6d,0x00,0x20,0x00,0x69,0x00,0x73,0x00,0x20,0x00,0x44,0x00,
0x6f,0x00,0x77,0x00,0x6e,0x00,0x0a,0x00,0x54,0x00,0x68,0x00,0x65,0x00,0x20,0x00,
0x53,0x00,0x79,0x00,0x73,0x00,0x74,0x00,0x65,0x00,0x6d,0x00,0x20,0x00,0x69,0x00,
0x73,0x00,0x20,0x00,0x44,0x00,0x6f,0x00,0x77,0x00,0x6e,0x00,0x00,0x00,0x00,0x00,
0x53,0x6a,0x04,0x00,0x05,0x00,0x00,0x00,0x53,0x6c,0x04,0x00,0x00,0x00,0x00,0x00,
0x53,0x77,0x04,0x00,0x1a,0x02,0x00,0x00,0x53,0x48,0x04,0x00,0x4f,0xd0,0xff,0xee,
0x53,0x41,0x44,0x00,0xe6,0x00,0x00,0x00,0xe6,0x00,0x00,0x00,0xe6,0x00,0x00,0x00,
0xff,0x00,0x00,0x00,0x00,0x00,0x00,0x00,0x00,0x00,0x00,0x00,0x00,0x00,0x00,0x00,
0x00,0x00,0xe0,0x40,0x00,0x00,0x00,0x00,0x00,0x00,0x80,0x3f,0x00,0x00,0x00,0x00,
0x00,0x00,0x00,0x00,0x00,0x00,0x00,0x00,0x00,0x00,0x80,0x3f,0x00,0x00,0x80,0x3f,
0x00,0x00,0x80,0x3f,0x00,0x00,0x80,0x3f,0x53,0x63,0x72,0x70,0x14,0x00,0x00,0x00,
0x53,0x68,0x10,0x00,0xb3,0x44,0x17,0x00,0x00,0x00,0x00,0x00,0x00,0x00,0x00,0x00,
0x00,0x00,0x00,0x00,0x50,0x6b,0x67,0x52,0x28,0x00,0x00,0x00,0x4d,0x69,0x04,0x00,
0x64,0xb3,0x1a,0x91,0x4d,0x43,0x04,0x00,0x01,0x00,0x00,0x00,0x52,0x69,0x04,0x00,
0x02,0x00,0x00,0x00,0x52,0x75,0x04,0x00,0x64,0xb3,0x1a,0x91,0x52,0x74,0x04,0x00,
0x00,0x00,0x00,0x00,0x54,0x61,0x72,0x67,0x08,0x00,0x00,0x00,0x54,0x63,0x04,0x00,
0x00,0x00,0x00,0x00,0x00,0x00,0x00,0x00,0x04,0x00,0x00,0x00,0x00,0x00,0x00,0x00,
0x03,0x02,0x03,0x00,0xcc,0x04,0x00,0x00,0x46,0x45,0x6e,0xe7,0xc4,0x04,0x00,0x00,
0x50,0x6b,0x48,0x64,0x58,0x00,0x00,0x00,0x00,0x00,0x02,0x00,0x00,0x00,0x00,0x00,
0x04,0x00,0x00,0x00,0x04,0x00,0x00,0x00,0x11,0x00,0x00,0x00,0x2e,0x00,0x00,0x00,
0x6c,0x6f,0x61,0x64,0x69,0x6e,0x67,0x5f,0x62,0x6f,0x6f,0x74,0x2e,0x66,0x6e,0x67,
0x00,0x47,0x6c,0x6f,0x62,0x61,0x6c,0x5c,0x46,0x45,0x6e,0x67,0x5f,0x53,0x63,0x72,
0x65,0x65,0x6e,0x73,0x5c,0x53,0x74,0x72,0x69,0x70,0x70,0x65,0x64,0x5c,0x6c,0x6f,
0x61,0x64,0x69,0x6e,0x67,0x5f,0x62,0x6f,0x6f,0x74,0x2e,0x66,0x6e,0x67,0x00,0x00,
0x54,0x79,0x70,0x53,0x18,0x00,0x00,0x00,0x02,0x00,0x00,0x00,0x44,0x00,0x00,0x00,
0x01,0x00,0x00,0x00,0x54,0x00,0x00,0x00,0x05,0x00,0x00,0x00,0x44,0x00,0x00,0x00,
0x52,0x65,0x73,0xcc,0xb8,0x00,0x00,0x00,0x52,0x73,0x4e,0x6d,0x44,0x00,0x00,0x00,
0x46,0x4f,0x4e,0x54,0x5f,0x4d,0x57,0x5f,0x42,0x4f,0x44,0x59,0x2e,0x66,0x66,0x6e,
0x00,0x42,0x61,0x73,0x65,0x50,0x6f,0x6c,0x79,0x2e,0x74,0x67,0x61,0x00,0x28,0x4d,
0x75,0x6c,0x74,0x69,0x2d,0x54,0x65,0x78,0x74,0x75,0x72,0x65,0x64,0x20,0x49,0x6d,
0x61,0x67,0x65,0x29,0x00,0x4d,0x57,0x5f,0x4c,0x6f,0x67,0x6f,0x2e,0x74,0x67,0x61,
0x00,0x00,0x00,0x00,0x52,0x73,0x52,0x71,0x64,0x00,0x00,0x00,0x04,0x00,0x00,0x00,
0x2e,0x33,0x48,0xf5,0x00,0x00,0x00,0x00,0x02,0x00,0x00,0x00,0x00,0x00,0x00,0x00,
0x00,0x00,0x00,0x00,0x00,0x00,0x00,0x00,0x55,0xb7,0xe2,0xa8,0x11,0x00,0x00,0x00,
0x01,0x00,0x00,0x00,0x00,0x00,0x00,0x00,0x00,0x00,0x00,0x00,0x00,0x00,0x00,0x00,
0x00,0xfb,0xcf,0xdf,0x1e,0x00,0x00,0x00,0x07,0x00,0x00,0x00,0x00,0x00,0x00,0x00,
0x00,0x00,0x00,0x00,0x00,0x00,0x00,0x00,0xca,0x58,0x20,0xa5,0x35,0x00,0x00,0x00,
0x01,0x00,0x00,0x00,0x00,0x00,0x00,0x00,0x00,0x00,0x00,0x00,0x00,0x00,0x00,0x00,
0x4f,0x62,0x6a,0xcc,0x6c,0x03,0x00,0x00,0x42,0x75,0x74,0x6e,0x04,0x00,0x00,0x00,
0x00,0x00,0x00,0x00,0x46,0x4f,0x62,0xea,0xc0,0x00,0x00,0x00,0x4f,0x62,0x6a,0x44,
0x9c,0x00,0x00,0x00,0x4f,0x74,0x04,0x00,0x02,0x00,0x00,0x00,0x4f,0x68,0x04,0x00,
0xb9,0x88,0x9d,0x5b,0x4f,0x50,0x10,0x00,0x76,0x37,0x10,0x00,0xb9,0x88,0x9d,0x5b,
0x00,0x00,0x00,0x40,0x00,0x00,0x00,0x00,0x53,0x62,0x04,0x00,0xc8,0x00,0x00,0x00,
0x53,0x74,0x04,0x00,0x00,0x00,0x00,0x00,0x53,0x6a,0x04,0x00,0x05,0x00,0x00,0x00,
0x53,0x6c,0x04,0x00,0x00,0x00,0x00,0x00,0x53,0x77,0x04,0x00,0x00,0x00,0x00,0x00,
0x53,0x48,0x04,0x00,0x89,0xc3,0xeb,0xa7,0x53,0x41,0x44,0x00,0xff,0x00,0x00,0x00,
0xff,0x00,0x00,0x00,0xff,0x00,0x00,0x00,0xff,0x00,0x00,0x00,0x00,0x00,0x00,0x00,
0x00,0x00,0x00,0x00,0x00,0x00,0x00,0x00,0x00,0x00,0xe0,0x40,0x00,0x00,0x3a,0x43,
0x00,0x00,0xf0,0x41,0x00,0x00,0x00,0x00,0x00,0x00,0x00,0x00,0x00,0x00,0x00,0x00,
0x00,0x00,0x80,0x3f,0x00,0x00,0x40,0x3f,0x00,0x00,0x40,0x3f,0x00,0x00,0x80,0x3f,
0x53,0x63,0x72,0x70,0x14,0x00,0x00,0x00,0x53,0x68,0x10,0x00,0xb3,0x44,0x17,0x00,
0x00,0x00,0x00,0x00,0x00,0x00,0x00,0x00,0x00,0x00,0x00,0x00,0x46,0x4f,0x62,0xea,
0xa8,0x00,0x00,0x00,0x4f,0x62,0x6a,0x44,0x84,0x00,0x00,0x00,0x4f,0x74,0x04,0x00,
0x01,0x00,0x00,0x00,0x4f,0x68,0x04,0x00,0x7e,0xdd,0xaf,0xc6,0x4f,0x50,0x10,0x00,
0x78,0x19,0x0f,0x00,0x7e,0xdd,0xaf,0xc6,0x00,0x00,0x00,0x40,0x01,0x00,0x00,0x00,
0x49,0x66,0x04,0x00,0x00,0x00,0x00,0x00,0x53,0x41,0x54,0x00,0x00,0x00,0x00,0x00,
0x00,0x00,0x00,0x00,0x00,0x00,0x00,0x00,0xff,0x00,0x00,0x00,0x00,0x00,0x00,0x00,
0x00,0x00,0x00,0x00,0x00,0x00,0x00,0x00,0xe0,0x16,0x89,0x41,0x00,0x1a,0xbf,0x3f,
0x00,0x00,0x7a,0x44,0x00,0x00,0x00,0x00,0x00,0x00,0x00,0x00,0x00,0x00,0x00,0x00,
0x00,0x00,0x80,0x3f,0x00,0x00,0x96,0x44,0x00,0x80,0x22,0x44,0x00,0x00,0x00,0x00,
0x00,0x00,0x00,0x00,0x00,0x00,0x00,0x00,0x00,0x00,0x80,0x3f,0x00,0x00,0x80,0x3f,
0x53,0x63,0x72,0x70,0x14,0x00,0x00,0x00,0x53,0x68,0x10,0x00,0xb3,0x44,0x17,0x00,
0x00,0x00,0x00,0x00,0x00,0x00,0x00,0x00,0x00,0x00,0x00,0x00,0x46,0x4f,0x62,0xea,
0x90,0x00,0x00,0x00,0x4f,0x62,0x6a,0x44,0x6c,0x00,0x00,0x00,0x4f,0x74,0x04,0x00,
0x05,0x00,0x00,0x00,0x4f,0x68,0x04,0x00,0x85,0xae,0xe0,0x64,0x4f,0x50,0x10,0x00,
0xdd,0xf8,0x0c,0x00,0x85,0xae,0xe0,0x64,0x00,0x00,0x00,0x40,0x02,0x00,0x00,0x00,
0x53,0x41,0x44,0x00,0xff,0x00,0x00,0x00,0xff,0x00,0x00,0x00,0xff,0x00,0x00,0x00,
0xff,0x00,0x00,0x00,0x00,0x00,0x00,0x00,0x00,0x00,0x00,0x00,0x00,0x00,0x00,0x00,
0xc0,0x00,0x22,0x41,0x56,0x0e,0xa4,0xc1,0x52,0xb8,0x1a,0x41,0x00,0x00,0x00,0x00,
0x00,0x00,0x00,0x00,0x00,0x00,0x00,0x00,0x00,0x00,0x80,0x3f,0x46,0x83,0xc0,0x3f,
0x00,0x00,0x80,0x3f,0x00,0x00,0x80,0x3f,0x53,0x63,0x72,0x70,0x14,0x00,0x00,0x00,
0x53,0x68,0x10,0x00,0xb3,0x44,0x17,0x00,0x00,0x00,0x00,0x00,0x00,0x00,0x00,0x00,
0x00,0x00,0x00,0x00,0x46,0x4f,0x62,0xea,0x90,0x00,0x00,0x00,0x4f,0x62,0x6a,0x44,
0x6c,0x00,0x00,0x00,0x4f,0x74,0x04,0x00,0x05,0x00,0x00,0x00,0x4f,0x68,0x04,0x00,
0x8c,0xf5,0xdd,0x02,0x4f,0x50,0x10,0x00,0x98,0x19,0x0f,0x00,0x8c,0xf5,0xdd,0x02,
0x00,0x00,0x00,0x40,0x02,0x00,0x00,0x00,0x53,0x41,0x44,0x00,0xff,0x00,0x00,0x00,
0xff,0x00,0x00,0x00,0xff,0x00,0x00,0x00,0xff,0x00,0x00,0x00,0x00,0x00,0x00,0x00,
0x00,0x00,0x00,0x00,0x00,0x00,0x00,0x00,0x00,0x00,0x00,0x00,0x00,0x00,0x14,0xc2,
0x00,0x00,0xc8,0x42,0x00,0x00,0x00,0x00,0x00,0x00,0x00,0x00,0x00,0x00,0x00,0x00,
0x00,0x00,0x80,0x3f,0x00,0x00,0x80,0x3f,0x00,0x00,0x80,0x3f,0x00,0x00,0x80,0x3f,
0x53,0x63,0x72,0x70,0x14,0x00,0x00,0x00,0x53,0x68,0x10,0x00,0xb3,0x44,0x17,0x00,
0x00,0x00,0x00,0x00,0x00,0x00,0x00,0x00,0x00,0x00,0x00,0x00,0x46,0x4f,0x62,0xea,
0xb0,0x00,0x00,0x00,0x4f,0x62,0x6a,0x44,0x8c,0x00,0x00,0x00,0x4f,0x74,0x04,0x00,
0x01,0x00,0x00,0x00,0x4f,0x68,0x04,0x00,0x13,0x5e,0xd5,0x0c,0x4f,0x50,0x10,0x00,
0x95,0x19,0x0f,0x00,0x13,0x5e,0xd5,0x0c,0x00,0x00,0x00,0x40,0x03,0x00,0x00,0x00,
0x50,0x41,0x04,0x00,0x98,0x19,0x0f,0x00,0x49,0x66,0x04,0x00,0x00,0x00,0x00,0x00,
0x53,0x41,0x54,0x00,0xff,0x00,0x00,0x00,0xff,0x00,0x00,0x00,0xff,0x00,0x00,0x00,
0xff,0x00,0x00,0x00,0x00,0x00,0x00,0x00,0x00,0x00,0x00,0x00,0x00,0x00,0x00,0x00,
0x00,0x00,0x00,0x00,0x00,0x00,0x00,0x00,0x00,0x00,0x00,0x00,0x00,0x00,0x00,0x00,
0x00,0x00,0x00,0x00,0x00,0x00,0x00,0x00,0x00,0x00,0x80,0x3f,0x00,0x00,0x00,0x44,
0x00,0x00,0x00,0x43,0x00,0x00,0x00,0x00,0x00,0x00,0x00,0x00,0x00,0x00,0x00,0x00,
0x00,0x00,0x80,0x3f,0x00,0x00,0x80,0x3f,0x53,0x63,0x72,0x70,0x14,0x00,0x00,0x00,
0x53,0x68,0x10,0x00,0xb3,0x44,0x17,0x00,0x00,0x00,0x00,0x00,0x00,0x00,0x00,0x00,
0x00,0x00,0x00,0x00,0x54,0x61,0x72,0x67,0x08,0x00,0x00,0x00,0x54,0x63,0x04,0x00,
0x00,0x00,0x00,0x00,0x11,0x11,0x11,0x11,0x11,0x11,0x11,0x11,0x11,0x11,0x11,0x11,
0x11,0x11,0x11,0x11,0x11,0x11,0x11,0x11,0x11,0x11,0x11,0x11,0x11,0x11,0x11,0x11,
0x11,0x11,0x11,0x11,0x11,0x11,0x11,0x11,0x11,0x11,0x11,0x11,0x11,0x11,0x11,0x11,
0x11,0x11,0x11,0x11,0x11,0x11,0x11,0x11,0x11,0x11,0x11,0x11,0x11,0x11,0x11,0x11,
0x11,0x11,0x11,0x11,0x11,0x11,0x11,0x11,0x11,0x11,0x11,0x11,0x11,0x11,0x11,0x11,
0x11,0x11,0x11,0x11,0x11,0x11,0x11,0x11,0x11,0x11,0x11,0x11,0x11,0x11,0x11,0x11,
0x11,0x11,0x11,0x11,0x11,0x11,0x11,0x11,0x11,0x11,0x11,0x11,0x11,0x11,0x11,0x11,
0x11,0x11,0x11,0x11,0x11,0x11,0x11,0x11,0x11,0x11,0x11,0x11,0x11,0x11,0x11,0x11,
0x11,0x11,0x11,0x11,